2025-10-15T17:14:55: 2025-10-15 09:14:55	info	mcp-gateway/main.go:143	Loaded configuration	{"path": "/Users/wxn/Desktop/NextAgentLite/services/configs/unla-configs/mcp-gateway.yaml"}
2025-10-15T17:14:55: 2025-10-15 09:14:55	fatal	mcp-gateway/main.go:153	Failed to write PID file	{"path": "/var/run/mcp-gateway.pid", "error": "open /var/run/mcp-gateway.pid: permission denied"}
2025-10-15T17:14:55: main.run
2025-10-15T17:14:55: 	github.com/amoylab/unla/cmd/mcp-gateway/main.go:153
2025-10-15T17:14:55: main.init.func4
2025-10-15T17:14:55: 	github.com/amoylab/unla/cmd/mcp-gateway/main.go:114
2025-10-15T17:14:55: github.com/spf13/cobra.(*Command).execute
2025-10-15T17:14:55: 	github.com/spf13/cobra@v1.9.1/command.go:1019
2025-10-15T17:14:55: github.com/spf13/cobra.(*Command).ExecuteC
2025-10-15T17:14:55: 	github.com/spf13/cobra@v1.9.1/command.go:1148
2025-10-15T17:14:55: github.com/spf13/cobra.(*Command).Execute
2025-10-15T17:14:55: 	github.com/spf13/cobra@v1.9.1/command.go:1071
2025-10-15T17:14:55: main.main
2025-10-15T17:14:55: 	github.com/amoylab/unla/cmd/mcp-gateway/main.go:253
2025-10-15T17:14:55: runtime.main
2025-10-15T17:14:55: 	runtime/proc.go:283
2025-10-15T17:14:55: 2025-10-15 09:14:55	info	mcp-gateway/main.go:143	Loaded configuration	{"path": "/Users/wxn/Desktop/NextAgentLite/services/configs/unla-configs/mcp-gateway.yaml"}
2025-10-15T17:14:55: 2025-10-15 09:14:55	fatal	mcp-gateway/main.go:153	Failed to write PID file	{"path": "/var/run/mcp-gateway.pid", "error": "open /var/run/mcp-gateway.pid: permission denied"}
2025-10-15T17:14:55: main.run
2025-10-15T17:14:55: 	github.com/amoylab/unla/cmd/mcp-gateway/main.go:153
2025-10-15T17:14:55: main.init.func4
2025-10-15T17:14:55: 	github.com/amoylab/unla/cmd/mcp-gateway/main.go:114
2025-10-15T17:14:55: github.com/spf13/cobra.(*Command).execute
2025-10-15T17:14:55: 	github.com/spf13/cobra@v1.9.1/command.go:1019
2025-10-15T17:14:55: github.com/spf13/cobra.(*Command).ExecuteC
2025-10-15T17:14:55: 	github.com/spf13/cobra@v1.9.1/command.go:1148
2025-10-15T17:14:55: github.com/spf13/cobra.(*Command).Execute
2025-10-15T17:14:55: 	github.com/spf13/cobra@v1.9.1/command.go:1071
2025-10-15T17:14:55: main.main
2025-10-15T17:14:55: 	github.com/amoylab/unla/cmd/mcp-gateway/main.go:253
2025-10-15T17:14:55: runtime.main
2025-10-15T17:14:55: 	runtime/proc.go:283
2025-10-15T17:14:55: 2025-10-15 09:14:55	info	mcp-gateway/main.go:143	Loaded configuration	{"path": "/Users/wxn/Desktop/NextAgentLite/services/configs/unla-configs/mcp-gateway.yaml"}
2025-10-15T17:14:55: 2025-10-15 09:14:55	fatal	mcp-gateway/main.go:153	Failed to write PID file	{"path": "/var/run/mcp-gateway.pid", "error": "open /var/run/mcp-gateway.pid: permission denied"}
2025-10-15T17:14:55: main.run
2025-10-15T17:14:55: 	github.com/amoylab/unla/cmd/mcp-gateway/main.go:153
2025-10-15T17:14:55: main.init.func4
2025-10-15T17:14:55: 	github.com/amoylab/unla/cmd/mcp-gateway/main.go:114
2025-10-15T17:14:55: github.com/spf13/cobra.(*Command).execute
2025-10-15T17:14:55: 	github.com/spf13/cobra@v1.9.1/command.go:1019
2025-10-15T17:14:55: github.com/spf13/cobra.(*Command).ExecuteC
2025-10-15T17:14:55: 	github.com/spf13/cobra@v1.9.1/command.go:1148
2025-10-15T17:14:55: github.com/spf13/cobra.(*Command).Execute
2025-10-15T17:14:55: 	github.com/spf13/cobra@v1.9.1/command.go:1071
2025-10-15T17:14:55: main.main
2025-10-15T17:14:55: 	github.com/amoylab/unla/cmd/mcp-gateway/main.go:253
2025-10-15T17:14:55: runtime.main
2025-10-15T17:14:55: 	runtime/proc.go:283
2025-10-15T17:14:55: 2025-10-15 09:14:55	info	mcp-gateway/main.go:143	Loaded configuration	{"path": "/Users/wxn/Desktop/NextAgentLite/services/configs/unla-configs/mcp-gateway.yaml"}
2025-10-15T17:14:55: 2025-10-15 09:14:55	fatal	mcp-gateway/main.go:153	Failed to write PID file	{"path": "/var/run/mcp-gateway.pid", "error": "open /var/run/mcp-gateway.pid: permission denied"}
2025-10-15T17:14:55: main.run
2025-10-15T17:14:55: 	github.com/amoylab/unla/cmd/mcp-gateway/main.go:153
2025-10-15T17:14:55: main.init.func4
2025-10-15T17:14:55: 	github.com/amoylab/unla/cmd/mcp-gateway/main.go:114
2025-10-15T17:14:55: github.com/spf13/cobra.(*Command).execute
2025-10-15T17:14:55: 	github.com/spf13/cobra@v1.9.1/command.go:1019
2025-10-15T17:14:55: github.com/spf13/cobra.(*Command).ExecuteC
2025-10-15T17:14:55: 	github.com/spf13/cobra@v1.9.1/command.go:1148
2025-10-15T17:14:55: github.com/spf13/cobra.(*Command).Execute
2025-10-15T17:14:55: 	github.com/spf13/cobra@v1.9.1/command.go:1071
2025-10-15T17:14:55: main.main
2025-10-15T17:14:55: 	github.com/amoylab/unla/cmd/mcp-gateway/main.go:253
2025-10-15T17:14:55: runtime.main
2025-10-15T17:14:55: 	runtime/proc.go:283
2025-10-15T17:14:55: 2025-10-15 09:14:55	info	mcp-gateway/main.go:143	Loaded configuration	{"path": "/Users/wxn/Desktop/NextAgentLite/services/configs/unla-configs/mcp-gateway.yaml"}
2025-10-15T17:14:55: 2025-10-15 09:14:55	fatal	mcp-gateway/main.go:153	Failed to write PID file	{"path": "/var/run/mcp-gateway.pid", "error": "open /var/run/mcp-gateway.pid: permission denied"}
2025-10-15T17:14:55: main.run
2025-10-15T17:14:55: 	github.com/amoylab/unla/cmd/mcp-gateway/main.go:153
2025-10-15T17:14:55: main.init.func4
2025-10-15T17:14:55: 	github.com/amoylab/unla/cmd/mcp-gateway/main.go:114
2025-10-15T17:14:55: github.com/spf13/cobra.(*Command).execute
2025-10-15T17:14:55: 	github.com/spf13/cobra@v1.9.1/command.go:1019
2025-10-15T17:14:55: github.com/spf13/cobra.(*Command).ExecuteC
2025-10-15T17:14:55: 	github.com/spf13/cobra@v1.9.1/command.go:1148
2025-10-15T17:14:55: github.com/spf13/cobra.(*Command).Execute
2025-10-15T17:14:55: 	github.com/spf13/cobra@v1.9.1/command.go:1071
2025-10-15T17:14:55: main.main
2025-10-15T17:14:55: 	github.com/amoylab/unla/cmd/mcp-gateway/main.go:253
2025-10-15T17:14:55: runtime.main
2025-10-15T17:14:55: 	runtime/proc.go:283
2025-10-15T17:21:19: 2025-10-15 09:21:19	info	mcp-gateway/main.go:143	Loaded configuration	{"path": "/Users/wxn/Desktop/NextAgentLite/services/configs/unla-configs/mcp-gateway.yaml"}
2025-10-15T17:21:19: 2025-10-15 09:21:19	fatal	mcp-gateway/main.go:153	Failed to write PID file	{"path": "/var/run/mcp-gateway.pid", "error": "open /var/run/mcp-gateway.pid: permission denied"}
2025-10-15T17:21:19: main.run
2025-10-15T17:21:19: 	github.com/amoylab/unla/cmd/mcp-gateway/main.go:153
2025-10-15T17:21:19: main.init.func4
2025-10-15T17:21:19: 	github.com/amoylab/unla/cmd/mcp-gateway/main.go:114
2025-10-15T17:21:19: github.com/spf13/cobra.(*Command).execute
2025-10-15T17:21:19: 	github.com/spf13/cobra@v1.9.1/command.go:1019
2025-10-15T17:21:19: github.com/spf13/cobra.(*Command).ExecuteC
2025-10-15T17:21:19: 	github.com/spf13/cobra@v1.9.1/command.go:1148
2025-10-15T17:21:19: github.com/spf13/cobra.(*Command).Execute
2025-10-15T17:21:19: 	github.com/spf13/cobra@v1.9.1/command.go:1071
2025-10-15T17:21:19: main.main
2025-10-15T17:21:19: 	github.com/amoylab/unla/cmd/mcp-gateway/main.go:253
2025-10-15T17:21:19: runtime.main
2025-10-15T17:21:19: 	runtime/proc.go:283
2025-10-15T17:21:19: 2025-10-15 09:21:19	info	mcp-gateway/main.go:143	Loaded configuration	{"path": "/Users/wxn/Desktop/NextAgentLite/services/configs/unla-configs/mcp-gateway.yaml"}
2025-10-15T17:21:19: 2025-10-15 09:21:19	fatal	mcp-gateway/main.go:153	Failed to write PID file	{"path": "/var/run/mcp-gateway.pid", "error": "open /var/run/mcp-gateway.pid: permission denied"}
2025-10-15T17:21:19: main.run
2025-10-15T17:21:19: 	github.com/amoylab/unla/cmd/mcp-gateway/main.go:153
2025-10-15T17:21:19: main.init.func4
2025-10-15T17:21:19: 	github.com/amoylab/unla/cmd/mcp-gateway/main.go:114
2025-10-15T17:21:19: github.com/spf13/cobra.(*Command).execute
2025-10-15T17:21:19: 	github.com/spf13/cobra@v1.9.1/command.go:1019
2025-10-15T17:21:19: github.com/spf13/cobra.(*Command).ExecuteC
2025-10-15T17:21:19: 	github.com/spf13/cobra@v1.9.1/command.go:1148
2025-10-15T17:21:19: github.com/spf13/cobra.(*Command).Execute
2025-10-15T17:21:19: 	github.com/spf13/cobra@v1.9.1/command.go:1071
2025-10-15T17:21:19: main.main
2025-10-15T17:21:19: 	github.com/amoylab/unla/cmd/mcp-gateway/main.go:253
2025-10-15T17:21:19: runtime.main
2025-10-15T17:21:19: 	runtime/proc.go:283
2025-10-15T17:21:19: 2025-10-15 09:21:19	info	mcp-gateway/main.go:143	Loaded configuration	{"path": "/Users/wxn/Desktop/NextAgentLite/services/configs/unla-configs/mcp-gateway.yaml"}
2025-10-15T17:21:19: 2025-10-15 09:21:19	fatal	mcp-gateway/main.go:153	Failed to write PID file	{"path": "/var/run/mcp-gateway.pid", "error": "open /var/run/mcp-gateway.pid: permission denied"}
2025-10-15T17:21:19: main.run
2025-10-15T17:21:19: 	github.com/amoylab/unla/cmd/mcp-gateway/main.go:153
2025-10-15T17:21:19: main.init.func4
2025-10-15T17:21:19: 	github.com/amoylab/unla/cmd/mcp-gateway/main.go:114
2025-10-15T17:21:19: github.com/spf13/cobra.(*Command).execute
2025-10-15T17:21:19: 	github.com/spf13/cobra@v1.9.1/command.go:1019
2025-10-15T17:21:19: github.com/spf13/cobra.(*Command).ExecuteC
2025-10-15T17:21:19: 	github.com/spf13/cobra@v1.9.1/command.go:1148
2025-10-15T17:21:19: github.com/spf13/cobra.(*Command).Execute
2025-10-15T17:21:19: 	github.com/spf13/cobra@v1.9.1/command.go:1071
2025-10-15T17:21:19: main.main
2025-10-15T17:21:19: 	github.com/amoylab/unla/cmd/mcp-gateway/main.go:253
2025-10-15T17:21:19: runtime.main
2025-10-15T17:21:19: 	runtime/proc.go:283
2025-10-15T17:21:19: 2025-10-15 09:21:19	info	mcp-gateway/main.go:143	Loaded configuration	{"path": "/Users/wxn/Desktop/NextAgentLite/services/configs/unla-configs/mcp-gateway.yaml"}
2025-10-15T17:21:19: 2025-10-15 09:21:19	fatal	mcp-gateway/main.go:153	Failed to write PID file	{"path": "/var/run/mcp-gateway.pid", "error": "open /var/run/mcp-gateway.pid: permission denied"}
2025-10-15T17:21:19: main.run
2025-10-15T17:21:19: 	github.com/amoylab/unla/cmd/mcp-gateway/main.go:153
2025-10-15T17:21:19: main.init.func4
2025-10-15T17:21:19: 	github.com/amoylab/unla/cmd/mcp-gateway/main.go:114
2025-10-15T17:21:19: github.com/spf13/cobra.(*Command).execute
2025-10-15T17:21:19: 	github.com/spf13/cobra@v1.9.1/command.go:1019
2025-10-15T17:21:19: github.com/spf13/cobra.(*Command).ExecuteC
2025-10-15T17:21:19: 	github.com/spf13/cobra@v1.9.1/command.go:1148
2025-10-15T17:21:19: github.com/spf13/cobra.(*Command).Execute
2025-10-15T17:21:19: 	github.com/spf13/cobra@v1.9.1/command.go:1071
2025-10-15T17:21:19: main.main
2025-10-15T17:21:19: 	github.com/amoylab/unla/cmd/mcp-gateway/main.go:253
2025-10-15T17:21:19: runtime.main
2025-10-15T17:21:19: 	runtime/proc.go:283
2025-10-15T17:21:19: 2025-10-15 09:21:19	info	mcp-gateway/main.go:143	Loaded configuration	{"path": "/Users/wxn/Desktop/NextAgentLite/services/configs/unla-configs/mcp-gateway.yaml"}
2025-10-15T17:21:19: 2025-10-15 09:21:19	fatal	mcp-gateway/main.go:153	Failed to write PID file	{"path": "/var/run/mcp-gateway.pid", "error": "open /var/run/mcp-gateway.pid: permission denied"}
2025-10-15T17:21:19: main.run
2025-10-15T17:21:19: 	github.com/amoylab/unla/cmd/mcp-gateway/main.go:153
2025-10-15T17:21:19: main.init.func4
2025-10-15T17:21:19: 	github.com/amoylab/unla/cmd/mcp-gateway/main.go:114
2025-10-15T17:21:19: github.com/spf13/cobra.(*Command).execute
2025-10-15T17:21:19: 	github.com/spf13/cobra@v1.9.1/command.go:1019
2025-10-15T17:21:19: github.com/spf13/cobra.(*Command).ExecuteC
2025-10-15T17:21:19: 	github.com/spf13/cobra@v1.9.1/command.go:1148
2025-10-15T17:21:19: github.com/spf13/cobra.(*Command).Execute
2025-10-15T17:21:19: 	github.com/spf13/cobra@v1.9.1/command.go:1071
2025-10-15T17:21:19: main.main
2025-10-15T17:21:19: 	github.com/amoylab/unla/cmd/mcp-gateway/main.go:253
2025-10-15T17:21:19: runtime.main
2025-10-15T17:21:19: 	runtime/proc.go:283
2025-10-15T17:29:21: 2025-10-15 09:29:21	info	mcp-gateway/main.go:143	Loaded configuration	{"path": "/Users/wxn/Desktop/NextAgentLite/services/configs/unla-configs/mcp-gateway.yaml"}
2025-10-15T17:29:21: 2025-10-15 09:29:21	info	mcp-gateway/main.go:159	Starting mcp-gateway	{"version": "v0.8.6"}
2025-10-15T17:29:21: 2025-10-15 09:29:21	info	storage/factory.go:13	Initializing storage	{"type": "db"}
2025-10-15T17:29:21: 2025-10-15 09:29:21	info	session/factory.go:23	Initializing session store	{"type": "memory"}
2025-10-15T17:29:21: 2025-10-15 09:29:21	info	storage/factory.go:13	Initializing auth storage	{"type": "memory"}
2025-10-15T17:29:21: [GIN-debug] [WARNING] Creating an Engine instance with the Logger and Recovery middleware already attached.
2025-10-15T17:29:21: 
2025-10-15T17:29:21: [GIN-debug] [WARNING] Running in "debug" mode. Switch to "release" mode in production.
2025-10-15T17:29:21:  - using env:	export GIN_MODE=release
2025-10-15T17:29:21:  - using code:	gin.SetMode(gin.ReleaseMode)
2025-10-15T17:29:21: 
2025-10-15T17:29:21: 2025-10-15 09:29:21	info	mcp-gateway/main.go:143	Loaded configuration	{"path": "/Users/wxn/Desktop/NextAgentLite/services/configs/unla-configs/mcp-gateway.yaml"}
2025-10-15T17:29:21: 2025-10-15 09:29:21	info	mcp-gateway/main.go:159	Starting mcp-gateway	{"version": "v0.8.6"}
2025-10-15T17:29:21: 2025-10-15 09:29:21	info	storage/factory.go:13	Initializing storage	{"type": "db"}
2025-10-15T17:29:21: 2025-10-15 09:29:21	info	session/factory.go:23	Initializing session store	{"type": "memory"}
2025-10-15T17:29:21: 2025-10-15 09:29:21	info	storage/factory.go:13	Initializing auth storage	{"type": "memory"}
2025-10-15T17:29:21: [GIN-debug] [WARNING] Creating an Engine instance with the Logger and Recovery middleware already attached.
2025-10-15T17:29:21: 
2025-10-15T17:29:21: [GIN-debug] [WARNING] Running in "debug" mode. Switch to "release" mode in production.
2025-10-15T17:29:21:  - using env:	export GIN_MODE=release
2025-10-15T17:29:21:  - using code:	gin.SetMode(gin.ReleaseMode)
2025-10-15T17:29:21: 
2025-10-15T17:29:21: 2025-10-15 09:29:21	info	mcp-gateway/main.go:143	Loaded configuration	{"path": "/Users/wxn/Desktop/NextAgentLite/services/configs/unla-configs/mcp-gateway.yaml"}
2025-10-15T17:29:21: 2025-10-15 09:29:21	info	mcp-gateway/main.go:159	Starting mcp-gateway	{"version": "v0.8.6"}
2025-10-15T17:29:21: 2025-10-15 09:29:21	info	storage/factory.go:13	Initializing storage	{"type": "db"}
2025-10-15T17:29:21: 2025-10-15 09:29:21	info	session/factory.go:23	Initializing session store	{"type": "memory"}
2025-10-15T17:29:21: 2025-10-15 09:29:21	info	storage/factory.go:13	Initializing auth storage	{"type": "memory"}
2025-10-15T17:29:21: [GIN-debug] [WARNING] Creating an Engine instance with the Logger and Recovery middleware already attached.
2025-10-15T17:29:21: 
2025-10-15T17:29:21: [GIN-debug] [WARNING] Running in "debug" mode. Switch to "release" mode in production.
2025-10-15T17:29:21:  - using env:	export GIN_MODE=release
2025-10-15T17:29:21:  - using code:	gin.SetMode(gin.ReleaseMode)
2025-10-15T17:29:21: 
2025-10-15T17:29:21: 2025-10-15 09:29:21	info	mcp-gateway/main.go:143	Loaded configuration	{"path": "/Users/wxn/Desktop/NextAgentLite/services/configs/unla-configs/mcp-gateway.yaml"}
2025-10-15T17:29:21: 2025-10-15 09:29:21	info	mcp-gateway/main.go:159	Starting mcp-gateway	{"version": "v0.8.6"}
2025-10-15T17:29:21: 2025-10-15 09:29:21	info	storage/factory.go:13	Initializing storage	{"type": "db"}
2025-10-15T17:29:22: 2025-10-15 09:29:22	info	session/factory.go:23	Initializing session store	{"type": "memory"}
2025-10-15T17:29:22: 2025-10-15 09:29:22	info	storage/factory.go:13	Initializing auth storage	{"type": "memory"}
2025-10-15T17:29:22: [GIN-debug] [WARNING] Creating an Engine instance with the Logger and Recovery middleware already attached.
2025-10-15T17:29:22: 
2025-10-15T17:29:22: [GIN-debug] [WARNING] Running in "debug" mode. Switch to "release" mode in production.
2025-10-15T17:29:22:  - using env:	export GIN_MODE=release
2025-10-15T17:29:22:  - using code:	gin.SetMode(gin.ReleaseMode)
2025-10-15T17:29:22: 
2025-10-15T17:29:22: 2025-10-15 09:29:22	info	mcp-gateway/main.go:143	Loaded configuration	{"path": "/Users/wxn/Desktop/NextAgentLite/services/configs/unla-configs/mcp-gateway.yaml"}
2025-10-15T17:29:22: 2025-10-15 09:29:22	info	mcp-gateway/main.go:159	Starting mcp-gateway	{"version": "v0.8.6"}
2025-10-15T17:29:22: 2025-10-15 09:29:22	info	storage/factory.go:13	Initializing storage	{"type": "db"}
2025-10-15T17:29:22: 2025-10-15 09:29:22	info	session/factory.go:23	Initializing session store	{"type": "memory"}
2025-10-15T17:29:22: 2025-10-15 09:29:22	info	storage/factory.go:13	Initializing auth storage	{"type": "memory"}
2025-10-15T17:29:22: [GIN-debug] [WARNING] Creating an Engine instance with the Logger and Recovery middleware already attached.
2025-10-15T17:29:22: 
2025-10-15T17:29:22: [GIN-debug] [WARNING] Running in "debug" mode. Switch to "release" mode in production.
2025-10-15T17:29:22:  - using env:	export GIN_MODE=release
2025-10-15T17:29:22:  - using code:	gin.SetMode(gin.ReleaseMode)
2025-10-15T17:29:22: 
2025-10-15T17:33:29: 2025-10-15 09:33:29	info	mcp-gateway/main.go:143	Loaded configuration	{"path": "/Users/wxn/Desktop/NextAgentLite/services/configs/unla-configs/mcp-gateway.yaml"}
2025-10-15T17:33:29: 2025-10-15 09:33:29	info	mcp-gateway/main.go:159	Starting mcp-gateway	{"version": "v0.8.6"}
2025-10-15T17:33:29: 2025-10-15 09:33:29	info	storage/factory.go:13	Initializing storage	{"type": "db"}
2025-10-15T17:33:30: 2025-10-15 09:33:30	info	session/factory.go:23	Initializing session store	{"type": "memory"}
2025-10-15T17:33:30: 2025-10-15 09:33:30	info	storage/factory.go:13	Initializing auth storage	{"type": "memory"}
2025-10-15T17:33:30: [GIN-debug] [WARNING] Creating an Engine instance with the Logger and Recovery middleware already attached.
2025-10-15T17:33:30: 
2025-10-15T17:33:30: [GIN-debug] [WARNING] Running in "debug" mode. Switch to "release" mode in production.
2025-10-15T17:33:30:  - using env:	export GIN_MODE=release
2025-10-15T17:33:30:  - using code:	gin.SetMode(gin.ReleaseMode)
2025-10-15T17:33:30: 
2025-10-15T17:33:30: 2025-10-15 09:33:30	info	mcp-gateway/main.go:143	Loaded configuration	{"path": "/Users/wxn/Desktop/NextAgentLite/services/configs/unla-configs/mcp-gateway.yaml"}
2025-10-15T17:33:30: 2025-10-15 09:33:30	info	mcp-gateway/main.go:159	Starting mcp-gateway	{"version": "v0.8.6"}
2025-10-15T17:33:30: 2025-10-15 09:33:30	info	storage/factory.go:13	Initializing storage	{"type": "db"}
2025-10-15T17:33:30: 2025-10-15 09:33:30	info	session/factory.go:23	Initializing session store	{"type": "memory"}
2025-10-15T17:33:30: 2025-10-15 09:33:30	info	storage/factory.go:13	Initializing auth storage	{"type": "memory"}
2025-10-15T17:33:30: [GIN-debug] [WARNING] Creating an Engine instance with the Logger and Recovery middleware already attached.
2025-10-15T17:33:30: 
2025-10-15T17:33:30: [GIN-debug] [WARNING] Running in "debug" mode. Switch to "release" mode in production.
2025-10-15T17:33:30:  - using env:	export GIN_MODE=release
2025-10-15T17:33:30:  - using code:	gin.SetMode(gin.ReleaseMode)
2025-10-15T17:33:30: 
2025-10-15T17:33:30: 2025-10-15 09:33:30	info	mcp-gateway/main.go:143	Loaded configuration	{"path": "/Users/wxn/Desktop/NextAgentLite/services/configs/unla-configs/mcp-gateway.yaml"}
2025-10-15T17:33:30: 2025-10-15 09:33:30	info	mcp-gateway/main.go:159	Starting mcp-gateway	{"version": "v0.8.6"}
2025-10-15T17:33:30: 2025-10-15 09:33:30	info	storage/factory.go:13	Initializing storage	{"type": "db"}
2025-10-15T17:33:30: 2025-10-15 09:33:30	info	session/factory.go:23	Initializing session store	{"type": "memory"}
2025-10-15T17:33:30: 2025-10-15 09:33:30	info	storage/factory.go:13	Initializing auth storage	{"type": "memory"}
2025-10-15T17:33:30: [GIN-debug] [WARNING] Creating an Engine instance with the Logger and Recovery middleware already attached.
2025-10-15T17:33:30: 
2025-10-15T17:33:30: [GIN-debug] [WARNING] Running in "debug" mode. Switch to "release" mode in production.
2025-10-15T17:33:30:  - using env:	export GIN_MODE=release
2025-10-15T17:33:30:  - using code:	gin.SetMode(gin.ReleaseMode)
2025-10-15T17:33:30: 
2025-10-15T17:33:30: 2025-10-15 09:33:30	info	mcp-gateway/main.go:143	Loaded configuration	{"path": "/Users/wxn/Desktop/NextAgentLite/services/configs/unla-configs/mcp-gateway.yaml"}
2025-10-15T17:33:30: 2025-10-15 09:33:30	info	mcp-gateway/main.go:159	Starting mcp-gateway	{"version": "v0.8.6"}
2025-10-15T17:33:30: 2025-10-15 09:33:30	info	storage/factory.go:13	Initializing storage	{"type": "db"}
2025-10-15T17:33:30: 2025-10-15 09:33:30	info	session/factory.go:23	Initializing session store	{"type": "memory"}
2025-10-15T17:33:30: 2025-10-15 09:33:30	info	storage/factory.go:13	Initializing auth storage	{"type": "memory"}
2025-10-15T17:33:30: [GIN-debug] [WARNING] Creating an Engine instance with the Logger and Recovery middleware already attached.
2025-10-15T17:33:30: 
2025-10-15T17:33:30: [GIN-debug] [WARNING] Running in "debug" mode. Switch to "release" mode in production.
2025-10-15T17:33:30:  - using env:	export GIN_MODE=release
2025-10-15T17:33:30:  - using code:	gin.SetMode(gin.ReleaseMode)
2025-10-15T17:33:30: 
2025-10-15T17:33:30: 2025-10-15 09:33:30	info	mcp-gateway/main.go:143	Loaded configuration	{"path": "/Users/wxn/Desktop/NextAgentLite/services/configs/unla-configs/mcp-gateway.yaml"}
2025-10-15T17:33:30: 2025-10-15 09:33:30	info	mcp-gateway/main.go:159	Starting mcp-gateway	{"version": "v0.8.6"}
2025-10-15T17:33:30: 2025-10-15 09:33:30	info	storage/factory.go:13	Initializing storage	{"type": "db"}
2025-10-15T17:33:30: 2025-10-15 09:33:30	info	session/factory.go:23	Initializing session store	{"type": "memory"}
2025-10-15T17:33:30: 2025-10-15 09:33:30	info	storage/factory.go:13	Initializing auth storage	{"type": "memory"}
2025-10-15T17:33:30: [GIN-debug] [WARNING] Creating an Engine instance with the Logger and Recovery middleware already attached.
2025-10-15T17:33:30: 
2025-10-15T17:33:30: [GIN-debug] [WARNING] Running in "debug" mode. Switch to "release" mode in production.
2025-10-15T17:33:30:  - using env:	export GIN_MODE=release
2025-10-15T17:33:30:  - using code:	gin.SetMode(gin.ReleaseMode)
2025-10-15T17:33:30: 
2025-10-15T17:39:25: 2025-10-15 09:39:25	info	mcp-gateway/main.go:143	Loaded configuration	{"path": "/Users/wxn/Desktop/NextAgentLite/services/configs/unla-configs/mcp-gateway.yaml"}
2025-10-15T17:39:25: 2025-10-15 09:39:25	info	mcp-gateway/main.go:159	Starting mcp-gateway	{"version": "v0.8.6"}
2025-10-15T17:39:25: 2025-10-15 09:39:25	info	storage/factory.go:13	Initializing storage	{"type": "db"}
2025-10-15T17:39:25: 2025-10-15 09:39:25	info	session/factory.go:23	Initializing session store	{"type": "memory"}
2025-10-15T17:39:25: 2025-10-15 09:39:25	info	storage/factory.go:13	Initializing auth storage	{"type": "memory"}
2025-10-15T17:39:25: [GIN-debug] [WARNING] Creating an Engine instance with the Logger and Recovery middleware already attached.
2025-10-15T17:39:25: 
2025-10-15T17:39:25: [GIN-debug] [WARNING] Running in "debug" mode. Switch to "release" mode in production.
2025-10-15T17:39:25:  - using env:	export GIN_MODE=release
2025-10-15T17:39:25:  - using code:	gin.SetMode(gin.ReleaseMode)
2025-10-15T17:39:25: 
2025-10-15T17:39:25: 2025-10-15 09:39:25	info	mcp-gateway/main.go:143	Loaded configuration	{"path": "/Users/wxn/Desktop/NextAgentLite/services/configs/unla-configs/mcp-gateway.yaml"}
2025-10-15T17:39:25: 2025-10-15 09:39:25	info	mcp-gateway/main.go:159	Starting mcp-gateway	{"version": "v0.8.6"}
2025-10-15T17:39:25: 2025-10-15 09:39:25	info	storage/factory.go:13	Initializing storage	{"type": "db"}
2025-10-15T17:39:26: 2025-10-15 09:39:26	info	session/factory.go:23	Initializing session store	{"type": "memory"}
2025-10-15T17:39:26: 2025-10-15 09:39:26	info	storage/factory.go:13	Initializing auth storage	{"type": "memory"}
2025-10-15T17:39:26: [GIN-debug] [WARNING] Creating an Engine instance with the Logger and Recovery middleware already attached.
2025-10-15T17:39:26: 
2025-10-15T17:39:26: [GIN-debug] [WARNING] Running in "debug" mode. Switch to "release" mode in production.
2025-10-15T17:39:26:  - using env:	export GIN_MODE=release
2025-10-15T17:39:26:  - using code:	gin.SetMode(gin.ReleaseMode)
2025-10-15T17:39:26: 
2025-10-15T17:39:26: 2025-10-15 09:39:26	info	mcp-gateway/main.go:143	Loaded configuration	{"path": "/Users/wxn/Desktop/NextAgentLite/services/configs/unla-configs/mcp-gateway.yaml"}
2025-10-15T17:39:26: 2025-10-15 09:39:26	info	mcp-gateway/main.go:159	Starting mcp-gateway	{"version": "v0.8.6"}
2025-10-15T17:39:26: 2025-10-15 09:39:26	info	storage/factory.go:13	Initializing storage	{"type": "db"}
2025-10-15T17:39:26: 2025-10-15 09:39:26	info	session/factory.go:23	Initializing session store	{"type": "memory"}
2025-10-15T17:39:26: 2025-10-15 09:39:26	info	storage/factory.go:13	Initializing auth storage	{"type": "memory"}
2025-10-15T17:39:26: [GIN-debug] [WARNING] Creating an Engine instance with the Logger and Recovery middleware already attached.
2025-10-15T17:39:26: 
2025-10-15T17:39:26: [GIN-debug] [WARNING] Running in "debug" mode. Switch to "release" mode in production.
2025-10-15T17:39:26:  - using env:	export GIN_MODE=release
2025-10-15T17:39:26:  - using code:	gin.SetMode(gin.ReleaseMode)
2025-10-15T17:39:26: 
2025-10-15T17:39:26: 2025-10-15 09:39:26	info	mcp-gateway/main.go:143	Loaded configuration	{"path": "/Users/wxn/Desktop/NextAgentLite/services/configs/unla-configs/mcp-gateway.yaml"}
2025-10-15T17:39:26: 2025-10-15 09:39:26	info	mcp-gateway/main.go:159	Starting mcp-gateway	{"version": "v0.8.6"}
2025-10-15T17:39:26: 2025-10-15 09:39:26	info	storage/factory.go:13	Initializing storage	{"type": "db"}
2025-10-15T17:39:26: 2025-10-15 09:39:26	info	session/factory.go:23	Initializing session store	{"type": "memory"}
2025-10-15T17:39:26: 2025-10-15 09:39:26	info	storage/factory.go:13	Initializing auth storage	{"type": "memory"}
2025-10-15T17:39:26: [GIN-debug] [WARNING] Creating an Engine instance with the Logger and Recovery middleware already attached.
2025-10-15T17:39:26: 
2025-10-15T17:39:26: [GIN-debug] [WARNING] Running in "debug" mode. Switch to "release" mode in production.
2025-10-15T17:39:26:  - using env:	export GIN_MODE=release
2025-10-15T17:39:26:  - using code:	gin.SetMode(gin.ReleaseMode)
2025-10-15T17:39:26: 
2025-10-15T17:39:26: 2025-10-15 09:39:26	info	mcp-gateway/main.go:143	Loaded configuration	{"path": "/Users/wxn/Desktop/NextAgentLite/services/configs/unla-configs/mcp-gateway.yaml"}
2025-10-15T17:39:26: 2025-10-15 09:39:26	info	mcp-gateway/main.go:159	Starting mcp-gateway	{"version": "v0.8.6"}
2025-10-15T17:39:26: 2025-10-15 09:39:26	info	storage/factory.go:13	Initializing storage	{"type": "db"}
2025-10-15T17:39:26: 2025-10-15 09:39:26	info	session/factory.go:23	Initializing session store	{"type": "memory"}
2025-10-15T17:39:26: 2025-10-15 09:39:26	info	storage/factory.go:13	Initializing auth storage	{"type": "memory"}
2025-10-15T17:39:26: [GIN-debug] [WARNING] Creating an Engine instance with the Logger and Recovery middleware already attached.
2025-10-15T17:39:26: 
2025-10-15T17:39:26: [GIN-debug] [WARNING] Running in "debug" mode. Switch to "release" mode in production.
2025-10-15T17:39:26:  - using env:	export GIN_MODE=release
2025-10-15T17:39:26:  - using code:	gin.SetMode(gin.ReleaseMode)
2025-10-15T17:39:26: 
2025-10-15T17:44:25: 2025-10-15 09:44:25	info	mcp-gateway/main.go:143	Loaded configuration	{"path": "/Users/wxn/Desktop/NextAgentLite/services/configs/unla-configs/mcp-gateway.yaml"}
2025-10-15T17:44:25: 2025-10-15 09:44:25	info	mcp-gateway/main.go:159	Starting mcp-gateway	{"version": "v0.8.6"}
2025-10-15T17:44:25: 2025-10-15 09:44:25	info	storage/factory.go:13	Initializing storage	{"type": "db"}
2025-10-15T17:44:25: 2025-10-15 09:44:25	info	session/factory.go:23	Initializing session store	{"type": "memory"}
2025-10-15T17:44:25: 2025-10-15 09:44:25	info	storage/factory.go:13	Initializing auth storage	{"type": "memory"}
2025-10-15T17:44:25: [GIN-debug] [WARNING] Creating an Engine instance with the Logger and Recovery middleware already attached.
2025-10-15T17:44:25: 
2025-10-15T17:44:25: [GIN-debug] [WARNING] Running in "debug" mode. Switch to "release" mode in production.
2025-10-15T17:44:25:  - using env:	export GIN_MODE=release
2025-10-15T17:44:25:  - using code:	gin.SetMode(gin.ReleaseMode)
2025-10-15T17:44:25: 
2025-10-15T17:44:25: [GIN-debug] Loaded HTML Templates (2): 
2025-10-15T17:44:25: 	- 
2025-10-15T17:44:25: 	- authorize.html
2025-10-15T17:44:25: 
2025-10-15T17:44:25: [GIN-debug] GET    /static/*filepath         --> github.com/gin-gonic/gin.(*RouterGroup).createStaticHandler.func1 (3 handlers)
2025-10-15T17:44:25: [GIN-debug] HEAD   /static/*filepath         --> github.com/gin-gonic/gin.(*RouterGroup).createStaticHandler.func1 (3 handlers)
2025-10-15T17:44:25: [GIN-debug] GET    /health_check             --> github.com/amoylab/unla/internal/core.(*Server).RegisterRoutes.func1 (5 handlers)
2025-10-15T17:44:25: [GIN-debug] OPTIONS /*path                    --> github.com/amoylab/unla/internal/core.(*Server).RegisterRoutes.(*Server).corsMiddleware.func2 (5 handlers)
2025-10-15T17:44:25: [GIN-debug] GET    /.well-known/oauth-authorization-server --> github.com/amoylab/unla/internal/core.(*Server).handleOAuthServerMetadata-fm (6 handlers)
2025-10-15T17:44:25: [GIN-debug] GET    /authorize                --> github.com/amoylab/unla/internal/core.(*Server).handleOAuthAuthorize-fm (6 handlers)
2025-10-15T17:44:25: [GIN-debug] POST   /authorize                --> github.com/amoylab/unla/internal/core.(*Server).handleOAuthAuthorize-fm (6 handlers)
2025-10-15T17:44:25: [GIN-debug] POST   /token                    --> github.com/amoylab/unla/internal/core.(*Server).handleOAuthToken-fm (6 handlers)
2025-10-15T17:44:25: [GIN-debug] POST   /register                 --> github.com/amoylab/unla/internal/core.(*Server).handleOAuthRegister-fm (6 handlers)
2025-10-15T17:44:25: [GIN-debug] POST   /revoke                   --> github.com/amoylab/unla/internal/core.(*Server).handleOAuthRevoke-fm (6 handlers)
2025-10-15T17:44:25: 2025-10-15 09:44:25	info	core/server.go:319	Updating MCP configuration
2025-10-15T17:44:25: 2025-10-15 09:44:25	info	core/server.go:333	loading all MCP configurations	{"count": 3}
2025-10-15T17:44:25: 2025-10-15 09:44:25	info	core/server.go:371	initializing server state
2025-10-15T17:44:25: 2025-10-15 09:44:25	warn	state/state.go:144	failed to find prefix for mcp server	{"server": "playwright"}
2025-10-15T17:44:25: 2025-10-15 09:44:25	info	state/state.go:81	registered router	{"tenant": "default", "prefix": "/gateway/ntcx", "server": "server-test"}
2025-10-15T17:44:25: 2025-10-15 09:44:25	warn	state/state.go:144	failed to find prefix for mcp server	{"server": "vchart-mcp-server"}
2025-10-15T17:44:25: 2025-10-15 09:44:25	info	core/server.go:379	server configuration loaded	{"server_count": 1, "tool_count": 1, "router_count": 1}
2025-10-15T17:44:25: [GIN-debug] [WARNING] You trusted all proxies, this is NOT safe. We recommend you to set a value.
2025-10-15T17:44:25: Please check https://pkg.go.dev/github.com/gin-gonic/gin#readme-don-t-trust-all-proxies for details.
2025-10-15T17:44:25: [GIN-debug] Listening and serving HTTP on :5235
2025-10-15T17:50:48: 2025-10-15 09:50:48	info	mcp-gateway/main.go:218	Received shutdown signal, starting graceful shutdown
2025-10-15T17:50:48: 2025-10-15 09:50:48	info	core/server.go:290	shutting down server
2025-10-15T17:50:48: 2025-10-15 09:50:48	info	mcp-gateway/main.go:229	MCP server shutdown completed successfully
2025-10-15T17:50:48: 2025-10-15 09:50:48	info	notifier.signal	notifier/signal.go:61	Signal handler stopped
2025-10-15T17:51:16: 2025-10-15 09:51:16	info	mcp-gateway/main.go:143	Loaded configuration	{"path": "/Users/wxn/Desktop/NextAgentLite/services/configs/unla-configs/mcp-gateway.yaml"}
2025-10-15T17:51:16: 2025-10-15 09:51:16	info	mcp-gateway/main.go:159	Starting mcp-gateway	{"version": "v0.8.6"}
2025-10-15T17:51:16: 2025-10-15 09:51:16	info	storage/factory.go:13	Initializing storage	{"type": "db"}
2025-10-15T17:51:16: 2025-10-15 09:51:16	info	session/factory.go:23	Initializing session store	{"type": "memory"}
2025-10-15T17:51:16: 2025-10-15 09:51:16	info	storage/factory.go:13	Initializing auth storage	{"type": "memory"}
2025-10-15T17:51:16: [GIN-debug] [WARNING] Creating an Engine instance with the Logger and Recovery middleware already attached.
2025-10-15T17:51:16: 
2025-10-15T17:51:16: [GIN-debug] [WARNING] Running in "debug" mode. Switch to "release" mode in production.
2025-10-15T17:51:16:  - using env:	export GIN_MODE=release
2025-10-15T17:51:16:  - using code:	gin.SetMode(gin.ReleaseMode)
2025-10-15T17:51:16: 
2025-10-15T17:51:16: [GIN-debug] Loaded HTML Templates (2): 
2025-10-15T17:51:16: 	- 
2025-10-15T17:51:16: 	- authorize.html
2025-10-15T17:51:16: 
2025-10-15T17:51:16: [GIN-debug] GET    /static/*filepath         --> github.com/gin-gonic/gin.(*RouterGroup).createStaticHandler.func1 (3 handlers)
2025-10-15T17:51:16: [GIN-debug] HEAD   /static/*filepath         --> github.com/gin-gonic/gin.(*RouterGroup).createStaticHandler.func1 (3 handlers)
2025-10-15T17:51:16: [GIN-debug] GET    /health_check             --> github.com/amoylab/unla/internal/core.(*Server).RegisterRoutes.func1 (5 handlers)
2025-10-15T17:51:16: [GIN-debug] OPTIONS /*path                    --> github.com/amoylab/unla/internal/core.(*Server).RegisterRoutes.(*Server).corsMiddleware.func2 (5 handlers)
2025-10-15T17:51:16: [GIN-debug] GET    /.well-known/oauth-authorization-server --> github.com/amoylab/unla/internal/core.(*Server).handleOAuthServerMetadata-fm (6 handlers)
2025-10-15T17:51:16: [GIN-debug] GET    /authorize                --> github.com/amoylab/unla/internal/core.(*Server).handleOAuthAuthorize-fm (6 handlers)
2025-10-15T17:51:16: [GIN-debug] POST   /authorize                --> github.com/amoylab/unla/internal/core.(*Server).handleOAuthAuthorize-fm (6 handlers)
2025-10-15T17:51:16: [GIN-debug] POST   /token                    --> github.com/amoylab/unla/internal/core.(*Server).handleOAuthToken-fm (6 handlers)
2025-10-15T17:51:16: [GIN-debug] POST   /register                 --> github.com/amoylab/unla/internal/core.(*Server).handleOAuthRegister-fm (6 handlers)
2025-10-15T17:51:16: [GIN-debug] POST   /revoke                   --> github.com/amoylab/unla/internal/core.(*Server).handleOAuthRevoke-fm (6 handlers)
2025-10-15T17:51:16: 2025-10-15 09:51:16	info	core/server.go:319	Updating MCP configuration
2025-10-15T17:51:16: 2025-10-15 09:51:16	info	core/server.go:333	loading all MCP configurations	{"count": 3}
2025-10-15T17:51:16: 2025-10-15 09:51:16	info	core/server.go:371	initializing server state
2025-10-15T17:51:16: 2025-10-15 09:51:16	warn	state/state.go:144	failed to find prefix for mcp server	{"server": "playwright"}
2025-10-15T17:51:16: 2025-10-15 09:51:16	info	state/state.go:81	registered router	{"tenant": "default", "prefix": "/gateway/ntcx", "server": "server-test"}
2025-10-15T17:51:16: 2025-10-15 09:51:16	warn	state/state.go:144	failed to find prefix for mcp server	{"server": "vchart-mcp-server"}
2025-10-15T17:51:16: 2025-10-15 09:51:16	info	core/server.go:379	server configuration loaded	{"server_count": 1, "tool_count": 1, "router_count": 1}
2025-10-15T17:51:16: [GIN-debug] [WARNING] You trusted all proxies, this is NOT safe. We recommend you to set a value.
2025-10-15T17:51:16: Please check https://pkg.go.dev/github.com/gin-gonic/gin#readme-don-t-trust-all-proxies for details.
2025-10-15T17:51:16: [GIN-debug] Listening and serving HTTP on :5235
2025-10-15T17:57:29: 2025-10-15 09:57:29	info	mcp-gateway/main.go:218	Received shutdown signal, starting graceful shutdown
2025-10-15T17:57:29: 2025-10-15 09:57:29	info	core/server.go:290	shutting down server
2025-10-15T17:57:29: 2025-10-15 09:57:29	info	mcp-gateway/main.go:229	MCP server shutdown completed successfully
2025-10-15T17:57:45: 2025-10-15 09:57:45	info	mcp-gateway/main.go:143	Loaded configuration	{"path": "/Users/wxn/Desktop/NextAgentLite/services/configs/unla-configs/mcp-gateway.yaml"}
2025-10-15T17:57:45: 2025-10-15 09:57:45	info	mcp-gateway/main.go:159	Starting mcp-gateway	{"version": "v0.8.6"}
2025-10-15T17:57:45: 2025-10-15 09:57:45	info	storage/factory.go:13	Initializing storage	{"type": "db"}
2025-10-15T17:57:45: 2025-10-15 09:57:45	info	session/factory.go:23	Initializing session store	{"type": "memory"}
2025-10-15T17:57:45: 2025-10-15 09:57:45	info	storage/factory.go:13	Initializing auth storage	{"type": "memory"}
2025-10-15T17:57:45: [GIN-debug] [WARNING] Creating an Engine instance with the Logger and Recovery middleware already attached.
2025-10-15T17:57:45: 
2025-10-15T17:57:45: [GIN-debug] [WARNING] Running in "debug" mode. Switch to "release" mode in production.
2025-10-15T17:57:45:  - using env:	export GIN_MODE=release
2025-10-15T17:57:45:  - using code:	gin.SetMode(gin.ReleaseMode)
2025-10-15T17:57:45: 
2025-10-15T17:57:45: [GIN-debug] Loaded HTML Templates (2): 
2025-10-15T17:57:45: 	- 
2025-10-15T17:57:45: 	- authorize.html
2025-10-15T17:57:45: 
2025-10-15T17:57:45: [GIN-debug] GET    /static/*filepath         --> github.com/gin-gonic/gin.(*RouterGroup).createStaticHandler.func1 (3 handlers)
2025-10-15T17:57:45: [GIN-debug] HEAD   /static/*filepath         --> github.com/gin-gonic/gin.(*RouterGroup).createStaticHandler.func1 (3 handlers)
2025-10-15T17:57:45: [GIN-debug] GET    /health_check             --> github.com/amoylab/unla/internal/core.(*Server).RegisterRoutes.func1 (5 handlers)
2025-10-15T17:57:45: [GIN-debug] OPTIONS /*path                    --> github.com/amoylab/unla/internal/core.(*Server).RegisterRoutes.(*Server).corsMiddleware.func2 (5 handlers)
2025-10-15T17:57:45: [GIN-debug] GET    /.well-known/oauth-authorization-server --> github.com/amoylab/unla/internal/core.(*Server).handleOAuthServerMetadata-fm (6 handlers)
2025-10-15T17:57:45: [GIN-debug] GET    /authorize                --> github.com/amoylab/unla/internal/core.(*Server).handleOAuthAuthorize-fm (6 handlers)
2025-10-15T17:57:45: [GIN-debug] POST   /authorize                --> github.com/amoylab/unla/internal/core.(*Server).handleOAuthAuthorize-fm (6 handlers)
2025-10-15T17:57:45: [GIN-debug] POST   /token                    --> github.com/amoylab/unla/internal/core.(*Server).handleOAuthToken-fm (6 handlers)
2025-10-15T17:57:45: [GIN-debug] POST   /register                 --> github.com/amoylab/unla/internal/core.(*Server).handleOAuthRegister-fm (6 handlers)
2025-10-15T17:57:45: [GIN-debug] POST   /revoke                   --> github.com/amoylab/unla/internal/core.(*Server).handleOAuthRevoke-fm (6 handlers)
2025-10-15T17:57:45: 2025-10-15 09:57:45	info	core/server.go:319	Updating MCP configuration
2025-10-15T17:57:45: 2025-10-15 09:57:45	info	core/server.go:333	loading all MCP configurations	{"count": 3}
2025-10-15T17:57:45: 2025-10-15 09:57:45	info	core/server.go:371	initializing server state
2025-10-15T17:57:45: 2025-10-15 09:57:45	warn	state/state.go:144	failed to find prefix for mcp server	{"server": "playwright"}
2025-10-15T17:57:45: 2025-10-15 09:57:45	info	state/state.go:81	registered router	{"tenant": "default", "prefix": "/gateway/ntcx", "server": "server-test"}
2025-10-15T17:57:45: 2025-10-15 09:57:45	warn	state/state.go:144	failed to find prefix for mcp server	{"server": "vchart-mcp-server"}
2025-10-15T17:57:45: 2025-10-15 09:57:45	info	core/server.go:379	server configuration loaded	{"server_count": 1, "tool_count": 1, "router_count": 1}
2025-10-15T17:57:45: [GIN-debug] [WARNING] You trusted all proxies, this is NOT safe. We recommend you to set a value.
2025-10-15T17:57:45: Please check https://pkg.go.dev/github.com/gin-gonic/gin#readme-don-t-trust-all-proxies for details.
2025-10-15T17:57:45: [GIN-debug] Listening and serving HTTP on :5235
2025-10-15T18:07:45: 2025-10-15 10:07:45	info	mcp-gateway/main.go:243	Received ticker signal	{"reload_switch": true}
2025-10-15T18:07:45: 2025-10-15 10:07:45	info	core/server.go:389	Reloading MCP configuration
2025-10-15T18:07:45: 2025-10-15 10:07:45	info	core/server.go:319	Updating MCP configuration
2025-10-15T18:07:45: 2025-10-15 10:07:45	info	core/server.go:343	no updated MCP configurations found, skipping update
2025-10-15T18:07:45: 2025-10-15 10:07:45	info	core/server.go:405	Configuration reloaded successfully
2025-10-15T18:10:52: 2025-10-15 10:10:52	info	mcp-gateway/main.go:218	Received shutdown signal, starting graceful shutdown
2025-10-15T18:10:52: 2025-10-15 10:10:52	info	core/server.go:290	shutting down server
2025-10-15T18:10:52: 2025-10-15 10:10:52	info	mcp-gateway/main.go:229	MCP server shutdown completed successfully
2025-10-16T09:00:32: 2025-10-16 01:00:32	info	mcp-gateway/main.go:143	Loaded configuration	{"path": "/Users/wxn/Desktop/NextAgentLite/services/configs/unla-configs/mcp-gateway.yaml"}
2025-10-16T09:00:32: 2025-10-16 01:00:32	info	mcp-gateway/main.go:159	Starting mcp-gateway	{"version": "v0.8.6"}
2025-10-16T09:00:32: 2025-10-16 01:00:32	info	storage/factory.go:13	Initializing storage	{"type": "db"}
2025-10-16T09:00:33: 2025-10-16 01:00:33	info	session/factory.go:23	Initializing session store	{"type": "memory"}
2025-10-16T09:00:33: 2025-10-16 01:00:33	info	storage/factory.go:13	Initializing auth storage	{"type": "memory"}
2025-10-16T09:00:33: [GIN-debug] [WARNING] Creating an Engine instance with the Logger and Recovery middleware already attached.
2025-10-16T09:00:33: 
2025-10-16T09:00:33: [GIN-debug] [WARNING] Running in "debug" mode. Switch to "release" mode in production.
2025-10-16T09:00:33:  - using env:	export GIN_MODE=release
2025-10-16T09:00:33:  - using code:	gin.SetMode(gin.ReleaseMode)
2025-10-16T09:00:33: 
2025-10-16T09:00:33: [GIN-debug] Loaded HTML Templates (2): 
2025-10-16T09:00:33: 	- authorize.html
2025-10-16T09:00:33: 	- 
2025-10-16T09:00:33: 
2025-10-16T09:00:33: [GIN-debug] GET    /static/*filepath         --> github.com/gin-gonic/gin.(*RouterGroup).createStaticHandler.func1 (3 handlers)
2025-10-16T09:00:33: [GIN-debug] HEAD   /static/*filepath         --> github.com/gin-gonic/gin.(*RouterGroup).createStaticHandler.func1 (3 handlers)
2025-10-16T09:00:33: [GIN-debug] GET    /health_check             --> github.com/amoylab/unla/internal/core.(*Server).RegisterRoutes.func1 (5 handlers)
2025-10-16T09:00:33: [GIN-debug] OPTIONS /*path                    --> github.com/amoylab/unla/internal/core.(*Server).RegisterRoutes.(*Server).corsMiddleware.func2 (5 handlers)
2025-10-16T09:00:33: [GIN-debug] GET    /.well-known/oauth-authorization-server --> github.com/amoylab/unla/internal/core.(*Server).handleOAuthServerMetadata-fm (6 handlers)
2025-10-16T09:00:33: [GIN-debug] GET    /authorize                --> github.com/amoylab/unla/internal/core.(*Server).handleOAuthAuthorize-fm (6 handlers)
2025-10-16T09:00:33: [GIN-debug] POST   /authorize                --> github.com/amoylab/unla/internal/core.(*Server).handleOAuthAuthorize-fm (6 handlers)
2025-10-16T09:00:33: [GIN-debug] POST   /token                    --> github.com/amoylab/unla/internal/core.(*Server).handleOAuthToken-fm (6 handlers)
2025-10-16T09:00:33: [GIN-debug] POST   /register                 --> github.com/amoylab/unla/internal/core.(*Server).handleOAuthRegister-fm (6 handlers)
2025-10-16T09:00:33: [GIN-debug] POST   /revoke                   --> github.com/amoylab/unla/internal/core.(*Server).handleOAuthRevoke-fm (6 handlers)
2025-10-16T09:00:33: 2025-10-16 01:00:33	info	core/server.go:319	Updating MCP configuration
2025-10-16T09:00:33: 2025-10-16 01:00:33	info	core/server.go:333	loading all MCP configurations	{"count": 3}
2025-10-16T09:00:33: 2025-10-16 01:00:33	info	core/server.go:371	initializing server state
2025-10-16T09:00:33: 2025-10-16 01:00:33	warn	state/state.go:144	failed to find prefix for mcp server	{"server": "playwright"}
2025-10-16T09:00:33: 2025-10-16 01:00:33	info	state/state.go:81	registered router	{"tenant": "default", "prefix": "/gateway/ntcx", "server": "server-test"}
2025-10-16T09:00:33: 2025-10-16 01:00:33	warn	state/state.go:144	failed to find prefix for mcp server	{"server": "vchart-mcp-server"}
2025-10-16T09:00:33: 2025-10-16 01:00:33	info	core/server.go:379	server configuration loaded	{"server_count": 1, "tool_count": 1, "router_count": 1}
2025-10-16T09:00:33: [GIN-debug] [WARNING] You trusted all proxies, this is NOT safe. We recommend you to set a value.
2025-10-16T09:00:33: Please check https://pkg.go.dev/github.com/gin-gonic/gin#readme-don-t-trust-all-proxies for details.
2025-10-16T09:00:33: [GIN-debug] Listening and serving HTTP on :5235
2025-10-16T09:10:33: 2025-10-16 01:10:33	info	mcp-gateway/main.go:243	Received ticker signal	{"reload_switch": true}
2025-10-16T09:10:33: 2025-10-16 01:10:33	info	core/server.go:389	Reloading MCP configuration
2025-10-16T09:10:33: 2025-10-16 01:10:33	info	core/server.go:319	Updating MCP configuration
2025-10-16T09:10:33: 2025-10-16 01:10:33	info	core/server.go:343	no updated MCP configurations found, skipping update
2025-10-16T09:10:33: 2025-10-16 01:10:33	info	core/server.go:405	Configuration reloaded successfully
2025-10-16T09:12:52: 2025-10-16 01:12:52	info	mcp-gateway/main.go:218	Received shutdown signal, starting graceful shutdown
2025-10-16T09:12:52: 2025-10-16 01:12:52	info	core/server.go:290	shutting down server
2025-10-16T09:12:52: 2025-10-16 01:12:52	info	mcp-gateway/main.go:229	MCP server shutdown completed successfully
2025-10-16T09:12:52: 2025-10-16 01:12:52	info	mcp-gateway/main.go:143	Loaded configuration	{"path": "/Users/wxn/Desktop/NextAgentLite/services/configs/unla-configs/mcp-gateway.yaml"}
2025-10-16T09:12:52: 2025-10-16 01:12:52	info	mcp-gateway/main.go:159	Starting mcp-gateway	{"version": "v0.8.6"}
2025-10-16T09:12:52: 2025-10-16 01:12:52	info	storage/factory.go:13	Initializing storage	{"type": "db"}
2025-10-16T09:12:52: 2025-10-16 01:12:52	info	session/factory.go:23	Initializing session store	{"type": "memory"}
2025-10-16T09:12:52: 2025-10-16 01:12:52	info	storage/factory.go:13	Initializing auth storage	{"type": "memory"}
2025-10-16T09:12:52: [GIN-debug] [WARNING] Creating an Engine instance with the Logger and Recovery middleware already attached.
2025-10-16T09:12:52: 
2025-10-16T09:12:52: [GIN-debug] [WARNING] Running in "debug" mode. Switch to "release" mode in production.
2025-10-16T09:12:52:  - using env:	export GIN_MODE=release
2025-10-16T09:12:52:  - using code:	gin.SetMode(gin.ReleaseMode)
2025-10-16T09:12:52: 
2025-10-16T09:12:52: [GIN-debug] Loaded HTML Templates (2): 
2025-10-16T09:12:52: 	- 
2025-10-16T09:12:52: 	- authorize.html
2025-10-16T09:12:52: 
2025-10-16T09:12:52: [GIN-debug] GET    /static/*filepath         --> github.com/gin-gonic/gin.(*RouterGroup).createStaticHandler.func1 (3 handlers)
2025-10-16T09:12:52: [GIN-debug] HEAD   /static/*filepath         --> github.com/gin-gonic/gin.(*RouterGroup).createStaticHandler.func1 (3 handlers)
2025-10-16T09:12:52: [GIN-debug] GET    /health_check             --> github.com/amoylab/unla/internal/core.(*Server).RegisterRoutes.func1 (5 handlers)
2025-10-16T09:12:52: [GIN-debug] OPTIONS /*path                    --> github.com/amoylab/unla/internal/core.(*Server).RegisterRoutes.(*Server).corsMiddleware.func2 (5 handlers)
2025-10-16T09:12:52: [GIN-debug] GET    /.well-known/oauth-authorization-server --> github.com/amoylab/unla/internal/core.(*Server).handleOAuthServerMetadata-fm (6 handlers)
2025-10-16T09:12:52: [GIN-debug] GET    /authorize                --> github.com/amoylab/unla/internal/core.(*Server).handleOAuthAuthorize-fm (6 handlers)
2025-10-16T09:12:52: [GIN-debug] POST   /authorize                --> github.com/amoylab/unla/internal/core.(*Server).handleOAuthAuthorize-fm (6 handlers)
2025-10-16T09:12:52: [GIN-debug] POST   /token                    --> github.com/amoylab/unla/internal/core.(*Server).handleOAuthToken-fm (6 handlers)
2025-10-16T09:12:52: [GIN-debug] POST   /register                 --> github.com/amoylab/unla/internal/core.(*Server).handleOAuthRegister-fm (6 handlers)
2025-10-16T09:12:52: [GIN-debug] POST   /revoke                   --> github.com/amoylab/unla/internal/core.(*Server).handleOAuthRevoke-fm (6 handlers)
2025-10-16T09:12:52: 2025-10-16 01:12:52	info	core/server.go:319	Updating MCP configuration
2025-10-16T09:12:52: 2025-10-16 01:12:52	info	core/server.go:333	loading all MCP configurations	{"count": 3}
2025-10-16T09:12:52: 2025-10-16 01:12:52	info	core/server.go:371	initializing server state
2025-10-16T09:12:52: 2025-10-16 01:12:52	warn	state/state.go:144	failed to find prefix for mcp server	{"server": "playwright"}
2025-10-16T09:12:52: 2025-10-16 01:12:52	info	state/state.go:81	registered router	{"tenant": "default", "prefix": "/gateway/ntcx", "server": "server-test"}
2025-10-16T09:12:52: 2025-10-16 01:12:52	warn	state/state.go:144	failed to find prefix for mcp server	{"server": "vchart-mcp-server"}
2025-10-16T09:12:52: 2025-10-16 01:12:52	info	core/server.go:379	server configuration loaded	{"server_count": 1, "tool_count": 1, "router_count": 1}
2025-10-16T09:12:52: [GIN-debug] [WARNING] You trusted all proxies, this is NOT safe. We recommend you to set a value.
2025-10-16T09:12:52: Please check https://pkg.go.dev/github.com/gin-gonic/gin#readme-don-t-trust-all-proxies for details.
2025-10-16T09:12:52: [GIN-debug] Listening and serving HTTP on :5235
2025-10-16T09:22:52: 2025-10-16 01:22:52	info	mcp-gateway/main.go:243	Received ticker signal	{"reload_switch": true}
2025-10-16T09:22:52: 2025-10-16 01:22:52	info	core/server.go:389	Reloading MCP configuration
2025-10-16T09:22:52: 2025-10-16 01:22:52	info	core/server.go:319	Updating MCP configuration
2025-10-16T09:22:52: 2025-10-16 01:22:52	info	core/server.go:343	no updated MCP configurations found, skipping update
2025-10-16T09:22:52: 2025-10-16 01:22:52	info	core/server.go:405	Configuration reloaded successfully
2025-10-16T09:32:52: 2025-10-16 01:32:52	info	mcp-gateway/main.go:243	Received ticker signal	{"reload_switch": true}
2025-10-16T09:32:52: 2025-10-16 01:32:52	info	core/server.go:389	Reloading MCP configuration
2025-10-16T09:32:52: 2025-10-16 01:32:52	info	core/server.go:319	Updating MCP configuration
2025-10-16T09:32:52: 2025-10-16 01:32:52	info	core/server.go:343	no updated MCP configurations found, skipping update
2025-10-16T09:32:52: 2025-10-16 01:32:52	info	core/server.go:405	Configuration reloaded successfully
2025-10-16T09:42:52: 2025-10-16 01:42:52	info	mcp-gateway/main.go:243	Received ticker signal	{"reload_switch": true}
2025-10-16T09:42:52: 2025-10-16 01:42:52	info	core/server.go:389	Reloading MCP configuration
2025-10-16T09:42:52: 2025-10-16 01:42:52	info	core/server.go:319	Updating MCP configuration
2025-10-16T09:42:52: 2025-10-16 01:42:52	info	core/server.go:343	no updated MCP configurations found, skipping update
2025-10-16T09:42:52: 2025-10-16 01:42:52	info	core/server.go:405	Configuration reloaded successfully
2025-10-16T09:52:52: 2025-10-16 01:52:52	info	mcp-gateway/main.go:243	Received ticker signal	{"reload_switch": true}
2025-10-16T09:52:52: 2025-10-16 01:52:52	info	core/server.go:389	Reloading MCP configuration
2025-10-16T09:52:52: 2025-10-16 01:52:52	info	core/server.go:319	Updating MCP configuration
2025-10-16T09:52:52: 2025-10-16 01:52:52	info	core/server.go:343	no updated MCP configurations found, skipping update
2025-10-16T09:52:52: 2025-10-16 01:52:52	info	core/server.go:405	Configuration reloaded successfully
2025-10-16T10:02:52: 2025-10-16 02:02:52	info	mcp-gateway/main.go:243	Received ticker signal	{"reload_switch": true}
2025-10-16T10:02:52: 2025-10-16 02:02:52	info	core/server.go:389	Reloading MCP configuration
2025-10-16T10:02:52: 2025-10-16 02:02:52	info	core/server.go:319	Updating MCP configuration
2025-10-16T10:02:52: 2025-10-16 02:02:52	info	core/server.go:343	no updated MCP configurations found, skipping update
2025-10-16T10:02:52: 2025-10-16 02:02:52	info	core/server.go:405	Configuration reloaded successfully
2025-10-16T10:08:20: 2025-10-16 02:08:20	info	mcp-gateway/main.go:218	Received shutdown signal, starting graceful shutdown
2025-10-16T10:08:20: 2025-10-16 02:08:20	info	core/server.go:290	shutting down server
2025-10-16T10:08:20: 2025-10-16 02:08:20	info	mcp-gateway/main.go:229	MCP server shutdown completed successfully
2025-10-16T10:08:20: 2025-10-16 02:08:20	info	mcp-gateway/main.go:143	Loaded configuration	{"path": "/Users/wxn/Desktop/NextAgentLite/services/configs/unla-configs/mcp-gateway.yaml"}
2025-10-16T10:08:20: 2025-10-16 02:08:20	info	mcp-gateway/main.go:159	Starting mcp-gateway	{"version": "v0.8.6"}
2025-10-16T10:08:20: 2025-10-16 02:08:20	info	storage/factory.go:13	Initializing storage	{"type": "db"}
2025-10-16T10:08:20: 2025-10-16 02:08:20	info	session/factory.go:23	Initializing session store	{"type": "memory"}
2025-10-16T10:08:20: 2025-10-16 02:08:20	info	storage/factory.go:13	Initializing auth storage	{"type": "memory"}
2025-10-16T10:08:20: [GIN-debug] [WARNING] Creating an Engine instance with the Logger and Recovery middleware already attached.
2025-10-16T10:08:20: 
2025-10-16T10:08:20: [GIN-debug] [WARNING] Running in "debug" mode. Switch to "release" mode in production.
2025-10-16T10:08:20:  - using env:	export GIN_MODE=release
2025-10-16T10:08:20:  - using code:	gin.SetMode(gin.ReleaseMode)
2025-10-16T10:08:20: 
2025-10-16T10:08:20: [GIN-debug] Loaded HTML Templates (2): 
2025-10-16T10:08:20: 	- 
2025-10-16T10:08:20: 	- authorize.html
2025-10-16T10:08:20: 
2025-10-16T10:08:20: [GIN-debug] GET    /static/*filepath         --> github.com/gin-gonic/gin.(*RouterGroup).createStaticHandler.func1 (3 handlers)
2025-10-16T10:08:20: [GIN-debug] HEAD   /static/*filepath         --> github.com/gin-gonic/gin.(*RouterGroup).createStaticHandler.func1 (3 handlers)
2025-10-16T10:08:20: [GIN-debug] GET    /health_check             --> github.com/amoylab/unla/internal/core.(*Server).RegisterRoutes.func1 (5 handlers)
2025-10-16T10:08:20: [GIN-debug] OPTIONS /*path                    --> github.com/amoylab/unla/internal/core.(*Server).RegisterRoutes.(*Server).corsMiddleware.func2 (5 handlers)
2025-10-16T10:08:20: [GIN-debug] GET    /.well-known/oauth-authorization-server --> github.com/amoylab/unla/internal/core.(*Server).handleOAuthServerMetadata-fm (6 handlers)
2025-10-16T10:08:20: [GIN-debug] GET    /authorize                --> github.com/amoylab/unla/internal/core.(*Server).handleOAuthAuthorize-fm (6 handlers)
2025-10-16T10:08:20: [GIN-debug] POST   /authorize                --> github.com/amoylab/unla/internal/core.(*Server).handleOAuthAuthorize-fm (6 handlers)
2025-10-16T10:08:20: [GIN-debug] POST   /token                    --> github.com/amoylab/unla/internal/core.(*Server).handleOAuthToken-fm (6 handlers)
2025-10-16T10:08:20: [GIN-debug] POST   /register                 --> github.com/amoylab/unla/internal/core.(*Server).handleOAuthRegister-fm (6 handlers)
2025-10-16T10:08:20: [GIN-debug] POST   /revoke                   --> github.com/amoylab/unla/internal/core.(*Server).handleOAuthRevoke-fm (6 handlers)
2025-10-16T10:08:20: 2025-10-16 02:08:20	info	core/server.go:319	Updating MCP configuration
2025-10-16T10:08:20: 2025-10-16 02:08:20	info	core/server.go:333	loading all MCP configurations	{"count": 3}
2025-10-16T10:08:20: 2025-10-16 02:08:20	info	core/server.go:371	initializing server state
2025-10-16T10:08:20: 2025-10-16 02:08:20	warn	state/state.go:144	failed to find prefix for mcp server	{"server": "playwright"}
2025-10-16T10:08:20: 2025-10-16 02:08:20	info	state/state.go:81	registered router	{"tenant": "default", "prefix": "/gateway/ntcx", "server": "server-test"}
2025-10-16T10:08:20: 2025-10-16 02:08:20	warn	state/state.go:144	failed to find prefix for mcp server	{"server": "vchart-mcp-server"}
2025-10-16T10:08:20: 2025-10-16 02:08:20	info	core/server.go:379	server configuration loaded	{"server_count": 1, "tool_count": 1, "router_count": 1}
2025-10-16T10:08:20: [GIN-debug] [WARNING] You trusted all proxies, this is NOT safe. We recommend you to set a value.
2025-10-16T10:08:20: Please check https://pkg.go.dev/github.com/gin-gonic/gin#readme-don-t-trust-all-proxies for details.
2025-10-16T10:08:20: [GIN-debug] Listening and serving HTTP on :5235
2025-10-16T10:18:20: 2025-10-16 02:18:20	info	mcp-gateway/main.go:243	Received ticker signal	{"reload_switch": true}
2025-10-16T10:18:20: 2025-10-16 02:18:20	info	core/server.go:389	Reloading MCP configuration
2025-10-16T10:18:20: 2025-10-16 02:18:20	info	core/server.go:319	Updating MCP configuration
2025-10-16T10:18:20: 2025-10-16 02:18:20	info	core/server.go:343	no updated MCP configurations found, skipping update
2025-10-16T10:18:20: 2025-10-16 02:18:20	info	core/server.go:405	Configuration reloaded successfully
2025-10-16T10:28:20: 2025-10-16 02:28:20	info	mcp-gateway/main.go:243	Received ticker signal	{"reload_switch": true}
2025-10-16T10:28:20: 2025-10-16 02:28:20	info	core/server.go:389	Reloading MCP configuration
2025-10-16T10:28:20: 2025-10-16 02:28:20	info	core/server.go:319	Updating MCP configuration
2025-10-16T10:28:20: 2025-10-16 02:28:20	info	core/server.go:343	no updated MCP configurations found, skipping update
2025-10-16T10:28:20: 2025-10-16 02:28:20	info	core/server.go:405	Configuration reloaded successfully
2025-10-16T10:36:07: 2025-10-16 02:36:07	info	mcp-gateway/main.go:218	Received shutdown signal, starting graceful shutdown
2025-10-16T10:36:07: 2025-10-16 02:36:07	info	core/server.go:290	shutting down server
2025-10-16T10:36:07: 2025-10-16 02:36:07	info	mcp-gateway/main.go:229	MCP server shutdown completed successfully
2025-10-16T10:36:08: 2025-10-16 02:36:08	info	mcp-gateway/main.go:143	Loaded configuration	{"path": "/Users/wxn/Desktop/NextAgentLite/services/configs/unla-configs/mcp-gateway.yaml"}
2025-10-16T10:36:08: 2025-10-16 02:36:08	info	mcp-gateway/main.go:159	Starting mcp-gateway	{"version": "v0.8.6"}
2025-10-16T10:36:08: 2025-10-16 02:36:08	info	storage/factory.go:13	Initializing storage	{"type": "db"}
2025-10-16T10:36:08: 2025-10-16 02:36:08	info	session/factory.go:23	Initializing session store	{"type": "memory"}
2025-10-16T10:36:08: 2025-10-16 02:36:08	info	storage/factory.go:13	Initializing auth storage	{"type": "memory"}
2025-10-16T10:36:08: [GIN-debug] [WARNING] Creating an Engine instance with the Logger and Recovery middleware already attached.
2025-10-16T10:36:08: 
2025-10-16T10:36:08: [GIN-debug] [WARNING] Running in "debug" mode. Switch to "release" mode in production.
2025-10-16T10:36:08:  - using env:	export GIN_MODE=release
2025-10-16T10:36:08:  - using code:	gin.SetMode(gin.ReleaseMode)
2025-10-16T10:36:08: 
2025-10-16T10:36:08: [GIN-debug] Loaded HTML Templates (2): 
2025-10-16T10:36:08: 	- authorize.html
2025-10-16T10:36:08: 	- 
2025-10-16T10:36:08: 
2025-10-16T10:36:08: [GIN-debug] GET    /static/*filepath         --> github.com/gin-gonic/gin.(*RouterGroup).createStaticHandler.func1 (3 handlers)
2025-10-16T10:36:08: [GIN-debug] HEAD   /static/*filepath         --> github.com/gin-gonic/gin.(*RouterGroup).createStaticHandler.func1 (3 handlers)
2025-10-16T10:36:08: [GIN-debug] GET    /health_check             --> github.com/amoylab/unla/internal/core.(*Server).RegisterRoutes.func1 (5 handlers)
2025-10-16T10:36:08: [GIN-debug] OPTIONS /*path                    --> github.com/amoylab/unla/internal/core.(*Server).RegisterRoutes.(*Server).corsMiddleware.func2 (5 handlers)
2025-10-16T10:36:08: [GIN-debug] GET    /.well-known/oauth-authorization-server --> github.com/amoylab/unla/internal/core.(*Server).handleOAuthServerMetadata-fm (6 handlers)
2025-10-16T10:36:08: [GIN-debug] GET    /authorize                --> github.com/amoylab/unla/internal/core.(*Server).handleOAuthAuthorize-fm (6 handlers)
2025-10-16T10:36:08: [GIN-debug] POST   /authorize                --> github.com/amoylab/unla/internal/core.(*Server).handleOAuthAuthorize-fm (6 handlers)
2025-10-16T10:36:08: [GIN-debug] POST   /token                    --> github.com/amoylab/unla/internal/core.(*Server).handleOAuthToken-fm (6 handlers)
2025-10-16T10:36:08: [GIN-debug] POST   /register                 --> github.com/amoylab/unla/internal/core.(*Server).handleOAuthRegister-fm (6 handlers)
2025-10-16T10:36:08: [GIN-debug] POST   /revoke                   --> github.com/amoylab/unla/internal/core.(*Server).handleOAuthRevoke-fm (6 handlers)
2025-10-16T10:36:08: 2025-10-16 02:36:08	info	core/server.go:319	Updating MCP configuration
2025-10-16T10:36:08: 2025-10-16 02:36:08	info	core/server.go:333	loading all MCP configurations	{"count": 3}
2025-10-16T10:36:08: 2025-10-16 02:36:08	info	core/server.go:371	initializing server state
2025-10-16T10:36:08: 2025-10-16 02:36:08	warn	state/state.go:144	failed to find prefix for mcp server	{"server": "playwright"}
2025-10-16T10:36:08: 2025-10-16 02:36:08	info	state/state.go:81	registered router	{"tenant": "default", "prefix": "/gateway/ntcx", "server": "server-test"}
2025-10-16T10:36:08: 2025-10-16 02:36:08	warn	state/state.go:144	failed to find prefix for mcp server	{"server": "vchart-mcp-server"}
2025-10-16T10:36:08: 2025-10-16 02:36:08	info	core/server.go:379	server configuration loaded	{"server_count": 1, "tool_count": 1, "router_count": 1}
2025-10-16T10:36:08: [GIN-debug] [WARNING] You trusted all proxies, this is NOT safe. We recommend you to set a value.
2025-10-16T10:36:08: Please check https://pkg.go.dev/github.com/gin-gonic/gin#readme-don-t-trust-all-proxies for details.
2025-10-16T10:36:08: [GIN-debug] Listening and serving HTTP on :5235
2025-10-16T10:42:05: 2025-10-16 02:42:05	info	mcp-gateway/main.go:218	Received shutdown signal, starting graceful shutdown
2025-10-16T10:42:05: 2025-10-16 02:42:05	info	core/server.go:290	shutting down server
2025-10-16T10:42:05: 2025-10-16 02:42:05	info	mcp-gateway/main.go:229	MCP server shutdown completed successfully
2025-10-16T10:42:05: 2025-10-16 02:42:05	info	mcp-gateway/main.go:143	Loaded configuration	{"path": "/Users/wxn/Desktop/NextAgentLite/services/configs/unla-configs/mcp-gateway.yaml"}
2025-10-16T10:42:05: 2025-10-16 02:42:05	info	mcp-gateway/main.go:159	Starting mcp-gateway	{"version": "v0.8.6"}
2025-10-16T10:42:05: 2025-10-16 02:42:05	info	storage/factory.go:13	Initializing storage	{"type": "db"}
2025-10-16T10:42:05: 2025-10-16 02:42:05	info	session/factory.go:23	Initializing session store	{"type": "memory"}
2025-10-16T10:42:05: 2025-10-16 02:42:05	info	storage/factory.go:13	Initializing auth storage	{"type": "memory"}
2025-10-16T10:42:05: [GIN-debug] [WARNING] Creating an Engine instance with the Logger and Recovery middleware already attached.
2025-10-16T10:42:05: 
2025-10-16T10:42:05: [GIN-debug] [WARNING] Running in "debug" mode. Switch to "release" mode in production.
2025-10-16T10:42:05:  - using env:	export GIN_MODE=release
2025-10-16T10:42:05:  - using code:	gin.SetMode(gin.ReleaseMode)
2025-10-16T10:42:05: 
2025-10-16T10:42:05: [GIN-debug] Loaded HTML Templates (2): 
2025-10-16T10:42:05: 	- 
2025-10-16T10:42:05: 	- authorize.html
2025-10-16T10:42:05: 
2025-10-16T10:42:05: [GIN-debug] GET    /static/*filepath         --> github.com/gin-gonic/gin.(*RouterGroup).createStaticHandler.func1 (3 handlers)
2025-10-16T10:42:05: [GIN-debug] HEAD   /static/*filepath         --> github.com/gin-gonic/gin.(*RouterGroup).createStaticHandler.func1 (3 handlers)
2025-10-16T10:42:05: [GIN-debug] GET    /health_check             --> github.com/amoylab/unla/internal/core.(*Server).RegisterRoutes.func1 (5 handlers)
2025-10-16T10:42:05: [GIN-debug] OPTIONS /*path                    --> github.com/amoylab/unla/internal/core.(*Server).RegisterRoutes.(*Server).corsMiddleware.func2 (5 handlers)
2025-10-16T10:42:05: [GIN-debug] GET    /.well-known/oauth-authorization-server --> github.com/amoylab/unla/internal/core.(*Server).handleOAuthServerMetadata-fm (6 handlers)
2025-10-16T10:42:05: [GIN-debug] GET    /authorize                --> github.com/amoylab/unla/internal/core.(*Server).handleOAuthAuthorize-fm (6 handlers)
2025-10-16T10:42:05: [GIN-debug] POST   /authorize                --> github.com/amoylab/unla/internal/core.(*Server).handleOAuthAuthorize-fm (6 handlers)
2025-10-16T10:42:05: [GIN-debug] POST   /token                    --> github.com/amoylab/unla/internal/core.(*Server).handleOAuthToken-fm (6 handlers)
2025-10-16T10:42:05: [GIN-debug] POST   /register                 --> github.com/amoylab/unla/internal/core.(*Server).handleOAuthRegister-fm (6 handlers)
2025-10-16T10:42:05: [GIN-debug] POST   /revoke                   --> github.com/amoylab/unla/internal/core.(*Server).handleOAuthRevoke-fm (6 handlers)
2025-10-16T10:42:05: 2025-10-16 02:42:05	info	core/server.go:319	Updating MCP configuration
2025-10-16T10:42:05: 2025-10-16 02:42:05	info	core/server.go:333	loading all MCP configurations	{"count": 3}
2025-10-16T10:42:05: 2025-10-16 02:42:05	info	core/server.go:371	initializing server state
2025-10-16T10:42:05: 2025-10-16 02:42:05	warn	state/state.go:144	failed to find prefix for mcp server	{"server": "playwright"}
2025-10-16T10:42:05: 2025-10-16 02:42:05	info	state/state.go:81	registered router	{"tenant": "default", "prefix": "/gateway/ntcx", "server": "server-test"}
2025-10-16T10:42:05: 2025-10-16 02:42:05	warn	state/state.go:144	failed to find prefix for mcp server	{"server": "vchart-mcp-server"}
2025-10-16T10:42:05: 2025-10-16 02:42:05	info	core/server.go:379	server configuration loaded	{"server_count": 1, "tool_count": 1, "router_count": 1}
2025-10-16T10:42:05: [GIN-debug] [WARNING] You trusted all proxies, this is NOT safe. We recommend you to set a value.
2025-10-16T10:42:05: Please check https://pkg.go.dev/github.com/gin-gonic/gin#readme-don-t-trust-all-proxies for details.
2025-10-16T10:42:05: [GIN-debug] Listening and serving HTTP on :5235
2025-10-16T10:52:05: 2025-10-16 02:52:05	info	mcp-gateway/main.go:243	Received ticker signal	{"reload_switch": true}
2025-10-16T10:52:05: 2025-10-16 02:52:05	info	core/server.go:389	Reloading MCP configuration
2025-10-16T10:52:05: 2025-10-16 02:52:05	info	core/server.go:319	Updating MCP configuration
2025-10-16T10:52:05: 2025-10-16 02:52:05	info	core/server.go:343	no updated MCP configurations found, skipping update
2025-10-16T10:52:05: 2025-10-16 02:52:05	info	core/server.go:405	Configuration reloaded successfully
2025-10-16T11:02:05: 2025-10-16 03:02:05	info	mcp-gateway/main.go:243	Received ticker signal	{"reload_switch": true}
2025-10-16T11:02:05: 2025-10-16 03:02:05	info	core/server.go:389	Reloading MCP configuration
2025-10-16T11:02:05: 2025-10-16 03:02:05	info	core/server.go:319	Updating MCP configuration
2025-10-16T11:02:05: 2025-10-16 03:02:05	info	core/server.go:343	no updated MCP configurations found, skipping update
2025-10-16T11:02:05: 2025-10-16 03:02:05	info	core/server.go:405	Configuration reloaded successfully
2025-10-16T11:12:05: 2025-10-16 03:12:05	info	mcp-gateway/main.go:243	Received ticker signal	{"reload_switch": true}
2025-10-16T11:12:05: 2025-10-16 03:12:05	info	core/server.go:389	Reloading MCP configuration
2025-10-16T11:12:05: 2025-10-16 03:12:05	info	core/server.go:319	Updating MCP configuration
2025-10-16T11:12:05: 2025-10-16 03:12:05	info	core/server.go:343	no updated MCP configurations found, skipping update
2025-10-16T11:12:05: 2025-10-16 03:12:05	info	core/server.go:405	Configuration reloaded successfully
2025-10-16T11:22:05: 2025-10-16 03:22:05	info	mcp-gateway/main.go:243	Received ticker signal	{"reload_switch": true}
2025-10-16T11:22:05: 2025-10-16 03:22:05	info	core/server.go:389	Reloading MCP configuration
2025-10-16T11:22:05: 2025-10-16 03:22:05	info	core/server.go:319	Updating MCP configuration
2025-10-16T11:22:05: 2025-10-16 03:22:05	info	core/server.go:343	no updated MCP configurations found, skipping update
2025-10-16T11:22:05: 2025-10-16 03:22:05	info	core/server.go:405	Configuration reloaded successfully
2025-10-16T11:32:05: 2025-10-16 03:32:05	info	mcp-gateway/main.go:243	Received ticker signal	{"reload_switch": true}
2025-10-16T11:32:05: 2025-10-16 03:32:05	info	core/server.go:389	Reloading MCP configuration
2025-10-16T11:32:05: 2025-10-16 03:32:05	info	core/server.go:319	Updating MCP configuration
2025-10-16T11:32:05: 2025-10-16 03:32:05	info	core/server.go:343	no updated MCP configurations found, skipping update
2025-10-16T11:32:05: 2025-10-16 03:32:05	info	core/server.go:405	Configuration reloaded successfully
2025-10-16T11:42:05: 2025-10-16 03:42:05	info	mcp-gateway/main.go:243	Received ticker signal	{"reload_switch": true}
2025-10-16T11:42:05: 2025-10-16 03:42:05	info	core/server.go:389	Reloading MCP configuration
2025-10-16T11:42:05: 2025-10-16 03:42:05	info	core/server.go:319	Updating MCP configuration
2025-10-16T11:42:05: 2025-10-16 03:42:05	info	core/server.go:343	no updated MCP configurations found, skipping update
2025-10-16T11:42:05: 2025-10-16 03:42:05	info	core/server.go:405	Configuration reloaded successfully
2025-10-16T11:52:05: 2025-10-16 03:52:05	info	mcp-gateway/main.go:243	Received ticker signal	{"reload_switch": true}
2025-10-16T11:52:05: 2025-10-16 03:52:05	info	core/server.go:389	Reloading MCP configuration
2025-10-16T11:52:05: 2025-10-16 03:52:05	info	core/server.go:319	Updating MCP configuration
2025-10-16T11:52:05: 2025-10-16 03:52:05	info	core/server.go:343	no updated MCP configurations found, skipping update
2025-10-16T11:52:05: 2025-10-16 03:52:05	info	core/server.go:405	Configuration reloaded successfully
2025-10-16T12:02:05: 2025-10-16 04:02:05	info	mcp-gateway/main.go:243	Received ticker signal	{"reload_switch": true}
2025-10-16T12:02:05: 2025-10-16 04:02:05	info	core/server.go:389	Reloading MCP configuration
2025-10-16T12:02:05: 2025-10-16 04:02:05	info	core/server.go:319	Updating MCP configuration
2025-10-16T12:02:05: 2025-10-16 04:02:05	info	core/server.go:343	no updated MCP configurations found, skipping update
2025-10-16T12:02:05: 2025-10-16 04:02:05	info	core/server.go:405	Configuration reloaded successfully
2025-10-16T12:03:21: 2025-10-16 04:03:21	info	mcp-gateway/main.go:218	Received shutdown signal, starting graceful shutdown
2025-10-16T12:03:21: 2025-10-16 04:03:21	info	core/server.go:290	shutting down server
2025-10-16T12:03:21: 2025-10-16 04:03:21	info	mcp-gateway/main.go:229	MCP server shutdown completed successfully
2025-10-16T12:03:21: 2025-10-16 04:03:21	info	notifier.signal	notifier/signal.go:61	Signal handler stopped
2025-10-16T12:03:21: 2025-10-16 04:03:21	info	mcp-gateway/main.go:143	Loaded configuration	{"path": "/Users/wxn/Desktop/NextAgentLite/services/configs/unla-configs/mcp-gateway.yaml"}
2025-10-16T12:03:21: 2025-10-16 04:03:21	info	mcp-gateway/main.go:159	Starting mcp-gateway	{"version": "v0.8.6"}
2025-10-16T12:03:21: 2025-10-16 04:03:21	info	storage/factory.go:13	Initializing storage	{"type": "db"}
2025-10-16T12:03:21: 2025-10-16 04:03:21	info	session/factory.go:23	Initializing session store	{"type": "memory"}
2025-10-16T12:03:21: 2025-10-16 04:03:21	info	storage/factory.go:13	Initializing auth storage	{"type": "memory"}
2025-10-16T12:03:21: [GIN-debug] [WARNING] Creating an Engine instance with the Logger and Recovery middleware already attached.
2025-10-16T12:03:21: 
2025-10-16T12:03:21: [GIN-debug] [WARNING] Running in "debug" mode. Switch to "release" mode in production.
2025-10-16T12:03:21:  - using env:	export GIN_MODE=release
2025-10-16T12:03:21:  - using code:	gin.SetMode(gin.ReleaseMode)
2025-10-16T12:03:21: 
2025-10-16T12:03:21: [GIN-debug] Loaded HTML Templates (2): 
2025-10-16T12:03:21: 	- 
2025-10-16T12:03:21: 	- authorize.html
2025-10-16T12:03:21: 
2025-10-16T12:03:21: [GIN-debug] GET    /static/*filepath         --> github.com/gin-gonic/gin.(*RouterGroup).createStaticHandler.func1 (3 handlers)
2025-10-16T12:03:21: [GIN-debug] HEAD   /static/*filepath         --> github.com/gin-gonic/gin.(*RouterGroup).createStaticHandler.func1 (3 handlers)
2025-10-16T12:03:21: [GIN-debug] GET    /health_check             --> github.com/amoylab/unla/internal/core.(*Server).RegisterRoutes.func1 (5 handlers)
2025-10-16T12:03:21: [GIN-debug] OPTIONS /*path                    --> github.com/amoylab/unla/internal/core.(*Server).RegisterRoutes.(*Server).corsMiddleware.func2 (5 handlers)
2025-10-16T12:03:21: [GIN-debug] GET    /.well-known/oauth-authorization-server --> github.com/amoylab/unla/internal/core.(*Server).handleOAuthServerMetadata-fm (6 handlers)
2025-10-16T12:03:21: [GIN-debug] GET    /authorize                --> github.com/amoylab/unla/internal/core.(*Server).handleOAuthAuthorize-fm (6 handlers)
2025-10-16T12:03:21: [GIN-debug] POST   /authorize                --> github.com/amoylab/unla/internal/core.(*Server).handleOAuthAuthorize-fm (6 handlers)
2025-10-16T12:03:21: [GIN-debug] POST   /token                    --> github.com/amoylab/unla/internal/core.(*Server).handleOAuthToken-fm (6 handlers)
2025-10-16T12:03:21: [GIN-debug] POST   /register                 --> github.com/amoylab/unla/internal/core.(*Server).handleOAuthRegister-fm (6 handlers)
2025-10-16T12:03:21: [GIN-debug] POST   /revoke                   --> github.com/amoylab/unla/internal/core.(*Server).handleOAuthRevoke-fm (6 handlers)
2025-10-16T12:03:21: 2025-10-16 04:03:21	info	core/server.go:319	Updating MCP configuration
2025-10-16T12:03:21: 2025-10-16 04:03:21	info	core/server.go:333	loading all MCP configurations	{"count": 3}
2025-10-16T12:03:21: 2025-10-16 04:03:21	info	core/server.go:371	initializing server state
2025-10-16T12:03:21: 2025-10-16 04:03:21	warn	state/state.go:144	failed to find prefix for mcp server	{"server": "playwright"}
2025-10-16T12:03:21: 2025-10-16 04:03:21	info	state/state.go:81	registered router	{"tenant": "default", "prefix": "/gateway/ntcx", "server": "server-test"}
2025-10-16T12:03:21: 2025-10-16 04:03:21	warn	state/state.go:144	failed to find prefix for mcp server	{"server": "vchart-mcp-server"}
2025-10-16T12:03:21: 2025-10-16 04:03:21	info	core/server.go:379	server configuration loaded	{"server_count": 1, "tool_count": 1, "router_count": 1}
2025-10-16T12:03:21: [GIN-debug] [WARNING] You trusted all proxies, this is NOT safe. We recommend you to set a value.
2025-10-16T12:03:21: Please check https://pkg.go.dev/github.com/gin-gonic/gin#readme-don-t-trust-all-proxies for details.
2025-10-16T12:03:21: [GIN-debug] Listening and serving HTTP on :5235
2025-10-16T12:13:21: 2025-10-16 04:13:21	info	mcp-gateway/main.go:243	Received ticker signal	{"reload_switch": true}
2025-10-16T12:13:21: 2025-10-16 04:13:21	info	core/server.go:389	Reloading MCP configuration
2025-10-16T12:13:21: 2025-10-16 04:13:21	info	core/server.go:319	Updating MCP configuration
2025-10-16T12:13:21: 2025-10-16 04:13:21	info	core/server.go:343	no updated MCP configurations found, skipping update
2025-10-16T12:13:21: 2025-10-16 04:13:21	info	core/server.go:405	Configuration reloaded successfully
2025-10-16T12:23:21: 2025-10-16 04:23:21	info	mcp-gateway/main.go:243	Received ticker signal	{"reload_switch": true}
2025-10-16T12:23:21: 2025-10-16 04:23:21	info	core/server.go:389	Reloading MCP configuration
2025-10-16T12:23:21: 2025-10-16 04:23:21	info	core/server.go:319	Updating MCP configuration
2025-10-16T12:23:21: 2025-10-16 04:23:21	info	core/server.go:343	no updated MCP configurations found, skipping update
2025-10-16T12:23:21: 2025-10-16 04:23:21	info	core/server.go:405	Configuration reloaded successfully
2025-10-16T12:33:21: 2025-10-16 04:33:21	info	mcp-gateway/main.go:243	Received ticker signal	{"reload_switch": true}
2025-10-16T12:33:21: 2025-10-16 04:33:21	info	core/server.go:389	Reloading MCP configuration
2025-10-16T12:33:21: 2025-10-16 04:33:21	info	core/server.go:319	Updating MCP configuration
2025-10-16T12:33:21: 2025-10-16 04:33:21	info	core/server.go:343	no updated MCP configurations found, skipping update
2025-10-16T12:33:21: 2025-10-16 04:33:21	info	core/server.go:405	Configuration reloaded successfully
2025-10-16T12:43:21: 2025-10-16 04:43:21	info	mcp-gateway/main.go:243	Received ticker signal	{"reload_switch": true}
2025-10-16T12:43:21: 2025-10-16 04:43:21	info	core/server.go:389	Reloading MCP configuration
2025-10-16T12:43:21: 2025-10-16 04:43:21	info	core/server.go:319	Updating MCP configuration
2025-10-16T12:43:21: 2025-10-16 04:43:21	info	core/server.go:343	no updated MCP configurations found, skipping update
2025-10-16T12:43:21: 2025-10-16 04:43:21	info	core/server.go:405	Configuration reloaded successfully
2025-10-16T12:45:52: 2025-10-16 04:45:52	info	mcp-gateway/main.go:218	Received shutdown signal, starting graceful shutdown
2025-10-16T12:45:52: 2025-10-16 04:45:52	info	core/server.go:290	shutting down server
2025-10-16T12:45:52: 2025-10-16 04:45:52	info	mcp-gateway/main.go:229	MCP server shutdown completed successfully
2025-10-16T12:45:52: 2025-10-16 04:45:52	info	notifier.signal	notifier/signal.go:61	Signal handler stopped
2025-10-16T12:45:52: 2025-10-16 04:45:52	info	mcp-gateway/main.go:143	Loaded configuration	{"path": "/Users/wxn/Desktop/NextAgentLite/services/configs/unla-configs/mcp-gateway.yaml"}
2025-10-16T12:45:52: 2025-10-16 04:45:52	info	mcp-gateway/main.go:159	Starting mcp-gateway	{"version": "v0.8.6"}
2025-10-16T12:45:52: 2025-10-16 04:45:52	info	storage/factory.go:13	Initializing storage	{"type": "db"}
2025-10-16T12:45:52: 2025-10-16 04:45:52	info	session/factory.go:23	Initializing session store	{"type": "memory"}
2025-10-16T12:45:52: 2025-10-16 04:45:52	info	storage/factory.go:13	Initializing auth storage	{"type": "memory"}
2025-10-16T12:45:52: [GIN-debug] [WARNING] Creating an Engine instance with the Logger and Recovery middleware already attached.
2025-10-16T12:45:52: 
2025-10-16T12:45:52: [GIN-debug] [WARNING] Running in "debug" mode. Switch to "release" mode in production.
2025-10-16T12:45:52:  - using env:	export GIN_MODE=release
2025-10-16T12:45:52:  - using code:	gin.SetMode(gin.ReleaseMode)
2025-10-16T12:45:52: 
2025-10-16T12:45:52: [GIN-debug] Loaded HTML Templates (2): 
2025-10-16T12:45:52: 	- 
2025-10-16T12:45:52: 	- authorize.html
2025-10-16T12:45:52: 
2025-10-16T12:45:52: [GIN-debug] GET    /static/*filepath         --> github.com/gin-gonic/gin.(*RouterGroup).createStaticHandler.func1 (3 handlers)
2025-10-16T12:45:52: [GIN-debug] HEAD   /static/*filepath         --> github.com/gin-gonic/gin.(*RouterGroup).createStaticHandler.func1 (3 handlers)
2025-10-16T12:45:52: [GIN-debug] GET    /health_check             --> github.com/amoylab/unla/internal/core.(*Server).RegisterRoutes.func1 (5 handlers)
2025-10-16T12:45:52: [GIN-debug] OPTIONS /*path                    --> github.com/amoylab/unla/internal/core.(*Server).RegisterRoutes.(*Server).corsMiddleware.func2 (5 handlers)
2025-10-16T12:45:52: [GIN-debug] GET    /.well-known/oauth-authorization-server --> github.com/amoylab/unla/internal/core.(*Server).handleOAuthServerMetadata-fm (6 handlers)
2025-10-16T12:45:52: [GIN-debug] GET    /authorize                --> github.com/amoylab/unla/internal/core.(*Server).handleOAuthAuthorize-fm (6 handlers)
2025-10-16T12:45:52: [GIN-debug] POST   /authorize                --> github.com/amoylab/unla/internal/core.(*Server).handleOAuthAuthorize-fm (6 handlers)
2025-10-16T12:45:52: [GIN-debug] POST   /token                    --> github.com/amoylab/unla/internal/core.(*Server).handleOAuthToken-fm (6 handlers)
2025-10-16T12:45:52: [GIN-debug] POST   /register                 --> github.com/amoylab/unla/internal/core.(*Server).handleOAuthRegister-fm (6 handlers)
2025-10-16T12:45:52: [GIN-debug] POST   /revoke                   --> github.com/amoylab/unla/internal/core.(*Server).handleOAuthRevoke-fm (6 handlers)
2025-10-16T12:45:52: 2025-10-16 04:45:52	info	core/server.go:319	Updating MCP configuration
2025-10-16T12:45:52: 2025-10-16 04:45:52	info	core/server.go:333	loading all MCP configurations	{"count": 3}
2025-10-16T12:45:52: 2025-10-16 04:45:52	info	core/server.go:371	initializing server state
2025-10-16T12:45:52: 2025-10-16 04:45:52	warn	state/state.go:144	failed to find prefix for mcp server	{"server": "playwright"}
2025-10-16T12:45:52: 2025-10-16 04:45:52	info	state/state.go:81	registered router	{"tenant": "default", "prefix": "/gateway/ntcx", "server": "server-test"}
2025-10-16T12:45:52: 2025-10-16 04:45:52	warn	state/state.go:144	failed to find prefix for mcp server	{"server": "vchart-mcp-server"}
2025-10-16T12:45:52: 2025-10-16 04:45:52	info	core/server.go:379	server configuration loaded	{"server_count": 1, "tool_count": 1, "router_count": 1}
2025-10-16T12:45:52: [GIN-debug] [WARNING] You trusted all proxies, this is NOT safe. We recommend you to set a value.
2025-10-16T12:45:52: Please check https://pkg.go.dev/github.com/gin-gonic/gin#readme-don-t-trust-all-proxies for details.
2025-10-16T12:45:52: [GIN-debug] Listening and serving HTTP on :5235
2025-10-16T12:48:33: 2025-10-16 04:48:33	info	mcp-gateway/main.go:218	Received shutdown signal, starting graceful shutdown
2025-10-16T12:48:33: 2025-10-16 04:48:33	info	core/server.go:290	shutting down server
2025-10-16T12:48:33: 2025-10-16 04:48:33	info	mcp-gateway/main.go:229	MCP server shutdown completed successfully
2025-10-16T12:48:33: 2025-10-16 04:48:33	info	notifier.signal	notifier/signal.go:61	Signal handler stopped
2025-10-16T12:48:34: 2025-10-16 04:48:34	info	mcp-gateway/main.go:143	Loaded configuration	{"path": "/Users/wxn/Desktop/NextAgentLite/services/configs/unla-configs/mcp-gateway.yaml"}
2025-10-16T12:48:34: 2025-10-16 04:48:34	info	mcp-gateway/main.go:159	Starting mcp-gateway	{"version": "v0.8.6"}
2025-10-16T12:48:34: 2025-10-16 04:48:34	info	storage/factory.go:13	Initializing storage	{"type": "db"}
2025-10-16T12:48:34: 2025-10-16 04:48:34	info	session/factory.go:23	Initializing session store	{"type": "memory"}
2025-10-16T12:48:34: 2025-10-16 04:48:34	info	storage/factory.go:13	Initializing auth storage	{"type": "memory"}
2025-10-16T12:48:34: [GIN-debug] [WARNING] Creating an Engine instance with the Logger and Recovery middleware already attached.
2025-10-16T12:48:34: 
2025-10-16T12:48:34: [GIN-debug] [WARNING] Running in "debug" mode. Switch to "release" mode in production.
2025-10-16T12:48:34:  - using env:	export GIN_MODE=release
2025-10-16T12:48:34:  - using code:	gin.SetMode(gin.ReleaseMode)
2025-10-16T12:48:34: 
2025-10-16T12:48:34: [GIN-debug] Loaded HTML Templates (2): 
2025-10-16T12:48:34: 	- authorize.html
2025-10-16T12:48:34: 	- 
2025-10-16T12:48:34: 
2025-10-16T12:48:34: [GIN-debug] GET    /static/*filepath         --> github.com/gin-gonic/gin.(*RouterGroup).createStaticHandler.func1 (3 handlers)
2025-10-16T12:48:34: [GIN-debug] HEAD   /static/*filepath         --> github.com/gin-gonic/gin.(*RouterGroup).createStaticHandler.func1 (3 handlers)
2025-10-16T12:48:34: [GIN-debug] GET    /health_check             --> github.com/amoylab/unla/internal/core.(*Server).RegisterRoutes.func1 (5 handlers)
2025-10-16T12:48:34: [GIN-debug] OPTIONS /*path                    --> github.com/amoylab/unla/internal/core.(*Server).RegisterRoutes.(*Server).corsMiddleware.func2 (5 handlers)
2025-10-16T12:48:34: [GIN-debug] GET    /.well-known/oauth-authorization-server --> github.com/amoylab/unla/internal/core.(*Server).handleOAuthServerMetadata-fm (6 handlers)
2025-10-16T12:48:34: [GIN-debug] GET    /authorize                --> github.com/amoylab/unla/internal/core.(*Server).handleOAuthAuthorize-fm (6 handlers)
2025-10-16T12:48:34: [GIN-debug] POST   /authorize                --> github.com/amoylab/unla/internal/core.(*Server).handleOAuthAuthorize-fm (6 handlers)
2025-10-16T12:48:34: [GIN-debug] POST   /token                    --> github.com/amoylab/unla/internal/core.(*Server).handleOAuthToken-fm (6 handlers)
2025-10-16T12:48:34: [GIN-debug] POST   /register                 --> github.com/amoylab/unla/internal/core.(*Server).handleOAuthRegister-fm (6 handlers)
2025-10-16T12:48:34: [GIN-debug] POST   /revoke                   --> github.com/amoylab/unla/internal/core.(*Server).handleOAuthRevoke-fm (6 handlers)
2025-10-16T12:48:34: 2025-10-16 04:48:34	info	core/server.go:319	Updating MCP configuration
2025-10-16T12:48:34: 2025-10-16 04:48:34	info	core/server.go:333	loading all MCP configurations	{"count": 3}
2025-10-16T12:48:34: 2025-10-16 04:48:34	info	core/server.go:371	initializing server state
2025-10-16T12:48:34: 2025-10-16 04:48:34	warn	state/state.go:144	failed to find prefix for mcp server	{"server": "playwright"}
2025-10-16T12:48:34: 2025-10-16 04:48:34	info	state/state.go:81	registered router	{"tenant": "default", "prefix": "/gateway/ntcx", "server": "server-test"}
2025-10-16T12:48:34: 2025-10-16 04:48:34	warn	state/state.go:144	failed to find prefix for mcp server	{"server": "vchart-mcp-server"}
2025-10-16T12:48:34: 2025-10-16 04:48:34	info	core/server.go:379	server configuration loaded	{"server_count": 1, "tool_count": 1, "router_count": 1}
2025-10-16T12:48:34: [GIN-debug] [WARNING] You trusted all proxies, this is NOT safe. We recommend you to set a value.
2025-10-16T12:48:34: Please check https://pkg.go.dev/github.com/gin-gonic/gin#readme-don-t-trust-all-proxies for details.
2025-10-16T12:48:34: [GIN-debug] Listening and serving HTTP on :5235
2025-10-16T12:58:34: 2025-10-16 04:58:34	info	mcp-gateway/main.go:243	Received ticker signal	{"reload_switch": true}
2025-10-16T12:58:34: 2025-10-16 04:58:34	info	core/server.go:389	Reloading MCP configuration
2025-10-16T12:58:34: 2025-10-16 04:58:34	info	core/server.go:319	Updating MCP configuration
2025-10-16T12:58:34: 2025-10-16 04:58:34	info	core/server.go:343	no updated MCP configurations found, skipping update
2025-10-16T12:58:34: 2025-10-16 04:58:34	info	core/server.go:405	Configuration reloaded successfully
2025-10-16T13:03:20: 2025-10-16 05:03:20	info	mcp-gateway/main.go:218	Received shutdown signal, starting graceful shutdown
2025-10-16T13:03:20: 2025-10-16 05:03:20	info	core/server.go:290	shutting down server
2025-10-16T13:03:20: 2025-10-16 05:03:20	info	mcp-gateway/main.go:229	MCP server shutdown completed successfully
2025-10-16T13:03:20: 2025-10-16 05:03:20	info	mcp-gateway/main.go:143	Loaded configuration	{"path": "/Users/wxn/Desktop/NextAgentLite/services/configs/unla-configs/mcp-gateway.yaml"}
2025-10-16T13:03:20: 2025-10-16 05:03:20	info	mcp-gateway/main.go:159	Starting mcp-gateway	{"version": "v0.8.6"}
2025-10-16T13:03:20: 2025-10-16 05:03:20	info	storage/factory.go:13	Initializing storage	{"type": "db"}
2025-10-16T13:03:20: 2025-10-16 05:03:20	info	session/factory.go:23	Initializing session store	{"type": "memory"}
2025-10-16T13:03:20: 2025-10-16 05:03:20	info	storage/factory.go:13	Initializing auth storage	{"type": "memory"}
2025-10-16T13:03:20: [GIN-debug] [WARNING] Creating an Engine instance with the Logger and Recovery middleware already attached.
2025-10-16T13:03:20: 
2025-10-16T13:03:20: [GIN-debug] [WARNING] Running in "debug" mode. Switch to "release" mode in production.
2025-10-16T13:03:20:  - using env:	export GIN_MODE=release
2025-10-16T13:03:20:  - using code:	gin.SetMode(gin.ReleaseMode)
2025-10-16T13:03:20: 
2025-10-16T13:03:20: [GIN-debug] Loaded HTML Templates (2): 
2025-10-16T13:03:20: 	- 
2025-10-16T13:03:20: 	- authorize.html
2025-10-16T13:03:20: 
2025-10-16T13:03:20: [GIN-debug] GET    /static/*filepath         --> github.com/gin-gonic/gin.(*RouterGroup).createStaticHandler.func1 (3 handlers)
2025-10-16T13:03:20: [GIN-debug] HEAD   /static/*filepath         --> github.com/gin-gonic/gin.(*RouterGroup).createStaticHandler.func1 (3 handlers)
2025-10-16T13:03:20: [GIN-debug] GET    /health_check             --> github.com/amoylab/unla/internal/core.(*Server).RegisterRoutes.func1 (5 handlers)
2025-10-16T13:03:20: [GIN-debug] OPTIONS /*path                    --> github.com/amoylab/unla/internal/core.(*Server).RegisterRoutes.(*Server).corsMiddleware.func2 (5 handlers)
2025-10-16T13:03:20: [GIN-debug] GET    /.well-known/oauth-authorization-server --> github.com/amoylab/unla/internal/core.(*Server).handleOAuthServerMetadata-fm (6 handlers)
2025-10-16T13:03:20: [GIN-debug] GET    /authorize                --> github.com/amoylab/unla/internal/core.(*Server).handleOAuthAuthorize-fm (6 handlers)
2025-10-16T13:03:20: [GIN-debug] POST   /authorize                --> github.com/amoylab/unla/internal/core.(*Server).handleOAuthAuthorize-fm (6 handlers)
2025-10-16T13:03:20: [GIN-debug] POST   /token                    --> github.com/amoylab/unla/internal/core.(*Server).handleOAuthToken-fm (6 handlers)
2025-10-16T13:03:20: [GIN-debug] POST   /register                 --> github.com/amoylab/unla/internal/core.(*Server).handleOAuthRegister-fm (6 handlers)
2025-10-16T13:03:20: [GIN-debug] POST   /revoke                   --> github.com/amoylab/unla/internal/core.(*Server).handleOAuthRevoke-fm (6 handlers)
2025-10-16T13:03:20: 2025-10-16 05:03:20	info	core/server.go:319	Updating MCP configuration
2025-10-16T13:03:20: 2025-10-16 05:03:20	info	core/server.go:333	loading all MCP configurations	{"count": 3}
2025-10-16T13:03:20: 2025-10-16 05:03:20	info	core/server.go:371	initializing server state
2025-10-16T13:03:20: 2025-10-16 05:03:20	warn	state/state.go:144	failed to find prefix for mcp server	{"server": "playwright"}
2025-10-16T13:03:20: 2025-10-16 05:03:20	info	state/state.go:81	registered router	{"tenant": "default", "prefix": "/gateway/ntcx", "server": "server-test"}
2025-10-16T13:03:20: 2025-10-16 05:03:20	warn	state/state.go:144	failed to find prefix for mcp server	{"server": "vchart-mcp-server"}
2025-10-16T13:03:20: 2025-10-16 05:03:20	info	core/server.go:379	server configuration loaded	{"server_count": 1, "tool_count": 1, "router_count": 1}
2025-10-16T13:03:20: [GIN-debug] [WARNING] You trusted all proxies, this is NOT safe. We recommend you to set a value.
2025-10-16T13:03:20: Please check https://pkg.go.dev/github.com/gin-gonic/gin#readme-don-t-trust-all-proxies for details.
2025-10-16T13:03:20: [GIN-debug] Listening and serving HTTP on :5235
2025-10-16T13:13:20: 2025-10-16 05:13:20	info	mcp-gateway/main.go:243	Received ticker signal	{"reload_switch": true}
2025-10-16T13:13:20: 2025-10-16 05:13:20	info	core/server.go:389	Reloading MCP configuration
2025-10-16T13:13:20: 2025-10-16 05:13:20	info	core/server.go:319	Updating MCP configuration
2025-10-16T13:13:20: 2025-10-16 05:13:20	info	core/server.go:343	no updated MCP configurations found, skipping update
2025-10-16T13:13:20: 2025-10-16 05:13:20	info	core/server.go:405	Configuration reloaded successfully
2025-10-16T13:23:20: 2025-10-16 05:23:20	info	mcp-gateway/main.go:243	Received ticker signal	{"reload_switch": true}
2025-10-16T13:23:20: 2025-10-16 05:23:20	info	core/server.go:389	Reloading MCP configuration
2025-10-16T13:23:20: 2025-10-16 05:23:20	info	core/server.go:319	Updating MCP configuration
2025-10-16T13:23:20: 2025-10-16 05:23:20	info	core/server.go:343	no updated MCP configurations found, skipping update
2025-10-16T13:23:20: 2025-10-16 05:23:20	info	core/server.go:405	Configuration reloaded successfully
2025-10-16T13:33:20: 2025-10-16 05:33:20	info	mcp-gateway/main.go:243	Received ticker signal	{"reload_switch": true}
2025-10-16T13:33:20: 2025-10-16 05:33:20	info	core/server.go:389	Reloading MCP configuration
2025-10-16T13:33:20: 2025-10-16 05:33:20	info	core/server.go:319	Updating MCP configuration
2025-10-16T13:33:20: 2025-10-16 05:33:20	info	core/server.go:343	no updated MCP configurations found, skipping update
2025-10-16T13:33:20: 2025-10-16 05:33:20	info	core/server.go:405	Configuration reloaded successfully
2025-10-16T13:43:20: 2025-10-16 05:43:20	info	mcp-gateway/main.go:243	Received ticker signal	{"reload_switch": true}
2025-10-16T13:43:20: 2025-10-16 05:43:20	info	core/server.go:389	Reloading MCP configuration
2025-10-16T13:43:20: 2025-10-16 05:43:20	info	core/server.go:319	Updating MCP configuration
2025-10-16T13:43:20: 2025-10-16 05:43:20	info	core/server.go:343	no updated MCP configurations found, skipping update
2025-10-16T13:43:20: 2025-10-16 05:43:20	info	core/server.go:405	Configuration reloaded successfully
2025-10-16T13:50:56: 2025-10-16 05:50:56	info	mcp-gateway/main.go:218	Received shutdown signal, starting graceful shutdown
2025-10-16T13:50:56: 2025-10-16 05:50:56	info	core/server.go:290	shutting down server
2025-10-16T13:50:56: 2025-10-16 05:50:56	info	mcp-gateway/main.go:229	MCP server shutdown completed successfully
2025-10-16T13:50:56: 2025-10-16 05:50:56	info	mcp-gateway/main.go:143	Loaded configuration	{"path": "/Users/wxn/Desktop/NextAgentLite/services/configs/unla-configs/mcp-gateway.yaml"}
2025-10-16T13:50:56: 2025-10-16 05:50:56	info	mcp-gateway/main.go:159	Starting mcp-gateway	{"version": "v0.8.6"}
2025-10-16T13:50:56: 2025-10-16 05:50:56	info	storage/factory.go:13	Initializing storage	{"type": "db"}
2025-10-16T13:50:56: 2025-10-16 05:50:56	info	session/factory.go:23	Initializing session store	{"type": "memory"}
2025-10-16T13:50:56: 2025-10-16 05:50:56	info	storage/factory.go:13	Initializing auth storage	{"type": "memory"}
2025-10-16T13:50:56: [GIN-debug] [WARNING] Creating an Engine instance with the Logger and Recovery middleware already attached.
2025-10-16T13:50:56: 
2025-10-16T13:50:56: [GIN-debug] [WARNING] Running in "debug" mode. Switch to "release" mode in production.
2025-10-16T13:50:56:  - using env:	export GIN_MODE=release
2025-10-16T13:50:56:  - using code:	gin.SetMode(gin.ReleaseMode)
2025-10-16T13:50:56: 
2025-10-16T13:50:56: [GIN-debug] Loaded HTML Templates (2): 
2025-10-16T13:50:56: 	- 
2025-10-16T13:50:56: 	- authorize.html
2025-10-16T13:50:56: 
2025-10-16T13:50:56: [GIN-debug] GET    /static/*filepath         --> github.com/gin-gonic/gin.(*RouterGroup).createStaticHandler.func1 (3 handlers)
2025-10-16T13:50:56: [GIN-debug] HEAD   /static/*filepath         --> github.com/gin-gonic/gin.(*RouterGroup).createStaticHandler.func1 (3 handlers)
2025-10-16T13:50:56: [GIN-debug] GET    /health_check             --> github.com/amoylab/unla/internal/core.(*Server).RegisterRoutes.func1 (5 handlers)
2025-10-16T13:50:56: [GIN-debug] OPTIONS /*path                    --> github.com/amoylab/unla/internal/core.(*Server).RegisterRoutes.(*Server).corsMiddleware.func2 (5 handlers)
2025-10-16T13:50:56: [GIN-debug] GET    /.well-known/oauth-authorization-server --> github.com/amoylab/unla/internal/core.(*Server).handleOAuthServerMetadata-fm (6 handlers)
2025-10-16T13:50:56: [GIN-debug] GET    /authorize                --> github.com/amoylab/unla/internal/core.(*Server).handleOAuthAuthorize-fm (6 handlers)
2025-10-16T13:50:56: [GIN-debug] POST   /authorize                --> github.com/amoylab/unla/internal/core.(*Server).handleOAuthAuthorize-fm (6 handlers)
2025-10-16T13:50:56: [GIN-debug] POST   /token                    --> github.com/amoylab/unla/internal/core.(*Server).handleOAuthToken-fm (6 handlers)
2025-10-16T13:50:56: [GIN-debug] POST   /register                 --> github.com/amoylab/unla/internal/core.(*Server).handleOAuthRegister-fm (6 handlers)
2025-10-16T13:50:56: [GIN-debug] POST   /revoke                   --> github.com/amoylab/unla/internal/core.(*Server).handleOAuthRevoke-fm (6 handlers)
2025-10-16T13:50:56: 2025-10-16 05:50:56	info	core/server.go:319	Updating MCP configuration
2025-10-16T13:50:56: 2025-10-16 05:50:56	info	core/server.go:333	loading all MCP configurations	{"count": 3}
2025-10-16T13:50:56: 2025-10-16 05:50:56	info	core/server.go:371	initializing server state
2025-10-16T13:50:56: 2025-10-16 05:50:56	warn	state/state.go:144	failed to find prefix for mcp server	{"server": "playwright"}
2025-10-16T13:50:56: 2025-10-16 05:50:56	info	state/state.go:81	registered router	{"tenant": "default", "prefix": "/gateway/ntcx", "server": "server-test"}
2025-10-16T13:50:56: 2025-10-16 05:50:56	warn	state/state.go:144	failed to find prefix for mcp server	{"server": "vchart-mcp-server"}
2025-10-16T13:50:56: 2025-10-16 05:50:56	info	core/server.go:379	server configuration loaded	{"server_count": 1, "tool_count": 1, "router_count": 1}
2025-10-16T13:50:56: [GIN-debug] [WARNING] You trusted all proxies, this is NOT safe. We recommend you to set a value.
2025-10-16T13:50:56: Please check https://pkg.go.dev/github.com/gin-gonic/gin#readme-don-t-trust-all-proxies for details.
2025-10-16T13:50:56: [GIN-debug] Listening and serving HTTP on :5235
2025-10-16T14:00:56: 2025-10-16 06:00:56	info	mcp-gateway/main.go:243	Received ticker signal	{"reload_switch": true}
2025-10-16T14:00:56: 2025-10-16 06:00:56	info	core/server.go:389	Reloading MCP configuration
2025-10-16T14:00:56: 2025-10-16 06:00:56	info	core/server.go:319	Updating MCP configuration
2025-10-16T14:00:56: 2025-10-16 06:00:56	info	core/server.go:343	no updated MCP configurations found, skipping update
2025-10-16T14:00:56: 2025-10-16 06:00:56	info	core/server.go:405	Configuration reloaded successfully
2025-10-16T14:03:03: 2025-10-16 06:03:03	info	mcp-gateway/main.go:218	Received shutdown signal, starting graceful shutdown
2025-10-16T14:03:03: 2025-10-16 06:03:03	info	core/server.go:290	shutting down server
2025-10-16T14:03:03: 2025-10-16 06:03:03	info	mcp-gateway/main.go:229	MCP server shutdown completed successfully
2025-10-16T14:03:03: 2025-10-16 06:03:03	info	notifier.signal	notifier/signal.go:61	Signal handler stopped
2025-10-16T14:03:03: 2025-10-16 06:03:03	info	mcp-gateway/main.go:143	Loaded configuration	{"path": "/Users/wxn/Desktop/NextAgentLite/services/configs/unla-configs/mcp-gateway.yaml"}
2025-10-16T14:03:03: 2025-10-16 06:03:03	info	mcp-gateway/main.go:159	Starting mcp-gateway	{"version": "v0.8.6"}
2025-10-16T14:03:03: 2025-10-16 06:03:03	info	storage/factory.go:13	Initializing storage	{"type": "db"}
2025-10-16T14:03:03: 2025-10-16 06:03:03	info	session/factory.go:23	Initializing session store	{"type": "memory"}
2025-10-16T14:03:03: 2025-10-16 06:03:03	info	storage/factory.go:13	Initializing auth storage	{"type": "memory"}
2025-10-16T14:03:03: [GIN-debug] [WARNING] Creating an Engine instance with the Logger and Recovery middleware already attached.
2025-10-16T14:03:03: 
2025-10-16T14:03:03: [GIN-debug] [WARNING] Running in "debug" mode. Switch to "release" mode in production.
2025-10-16T14:03:03:  - using env:	export GIN_MODE=release
2025-10-16T14:03:03:  - using code:	gin.SetMode(gin.ReleaseMode)
2025-10-16T14:03:03: 
2025-10-16T14:03:03: [GIN-debug] Loaded HTML Templates (2): 
2025-10-16T14:03:03: 	- 
2025-10-16T14:03:03: 	- authorize.html
2025-10-16T14:03:03: 
2025-10-16T14:03:03: [GIN-debug] GET    /static/*filepath         --> github.com/gin-gonic/gin.(*RouterGroup).createStaticHandler.func1 (3 handlers)
2025-10-16T14:03:03: [GIN-debug] HEAD   /static/*filepath         --> github.com/gin-gonic/gin.(*RouterGroup).createStaticHandler.func1 (3 handlers)
2025-10-16T14:03:03: [GIN-debug] GET    /health_check             --> github.com/amoylab/unla/internal/core.(*Server).RegisterRoutes.func1 (5 handlers)
2025-10-16T14:03:03: [GIN-debug] OPTIONS /*path                    --> github.com/amoylab/unla/internal/core.(*Server).RegisterRoutes.(*Server).corsMiddleware.func2 (5 handlers)
2025-10-16T14:03:03: [GIN-debug] GET    /.well-known/oauth-authorization-server --> github.com/amoylab/unla/internal/core.(*Server).handleOAuthServerMetadata-fm (6 handlers)
2025-10-16T14:03:03: [GIN-debug] GET    /authorize                --> github.com/amoylab/unla/internal/core.(*Server).handleOAuthAuthorize-fm (6 handlers)
2025-10-16T14:03:03: [GIN-debug] POST   /authorize                --> github.com/amoylab/unla/internal/core.(*Server).handleOAuthAuthorize-fm (6 handlers)
2025-10-16T14:03:03: [GIN-debug] POST   /token                    --> github.com/amoylab/unla/internal/core.(*Server).handleOAuthToken-fm (6 handlers)
2025-10-16T14:03:03: [GIN-debug] POST   /register                 --> github.com/amoylab/unla/internal/core.(*Server).handleOAuthRegister-fm (6 handlers)
2025-10-16T14:03:03: [GIN-debug] POST   /revoke                   --> github.com/amoylab/unla/internal/core.(*Server).handleOAuthRevoke-fm (6 handlers)
2025-10-16T14:03:03: 2025-10-16 06:03:03	info	core/server.go:319	Updating MCP configuration
2025-10-16T14:03:03: 2025-10-16 06:03:03	info	core/server.go:333	loading all MCP configurations	{"count": 3}
2025-10-16T14:03:03: 2025-10-16 06:03:03	info	core/server.go:371	initializing server state
2025-10-16T14:03:03: 2025-10-16 06:03:03	warn	state/state.go:144	failed to find prefix for mcp server	{"server": "playwright"}
2025-10-16T14:03:03: 2025-10-16 06:03:03	info	state/state.go:81	registered router	{"tenant": "default", "prefix": "/gateway/ntcx", "server": "server-test"}
2025-10-16T14:03:03: 2025-10-16 06:03:03	warn	state/state.go:144	failed to find prefix for mcp server	{"server": "vchart-mcp-server"}
2025-10-16T14:03:03: 2025-10-16 06:03:03	info	core/server.go:379	server configuration loaded	{"server_count": 1, "tool_count": 1, "router_count": 1}
2025-10-16T14:03:03: [GIN-debug] [WARNING] You trusted all proxies, this is NOT safe. We recommend you to set a value.
2025-10-16T14:03:03: Please check https://pkg.go.dev/github.com/gin-gonic/gin#readme-don-t-trust-all-proxies for details.
2025-10-16T14:03:03: [GIN-debug] Listening and serving HTTP on :5235
2025-10-16T14:13:03: 2025-10-16 06:13:03	info	mcp-gateway/main.go:243	Received ticker signal	{"reload_switch": true}
2025-10-16T14:13:03: 2025-10-16 06:13:03	info	core/server.go:389	Reloading MCP configuration
2025-10-16T14:13:03: 2025-10-16 06:13:03	info	core/server.go:319	Updating MCP configuration
2025-10-16T14:13:03: 2025-10-16 06:13:03	info	core/server.go:343	no updated MCP configurations found, skipping update
2025-10-16T14:13:03: 2025-10-16 06:13:03	info	core/server.go:405	Configuration reloaded successfully
2025-10-16T14:23:03: 2025-10-16 06:23:03	info	mcp-gateway/main.go:243	Received ticker signal	{"reload_switch": true}
2025-10-16T14:23:03: 2025-10-16 06:23:03	info	core/server.go:389	Reloading MCP configuration
2025-10-16T14:23:03: 2025-10-16 06:23:03	info	core/server.go:319	Updating MCP configuration
2025-10-16T14:23:03: 2025-10-16 06:23:03	info	core/server.go:343	no updated MCP configurations found, skipping update
2025-10-16T14:23:03: 2025-10-16 06:23:03	info	core/server.go:405	Configuration reloaded successfully
2025-10-16T14:33:03: 2025-10-16 06:33:03	info	mcp-gateway/main.go:243	Received ticker signal	{"reload_switch": true}
2025-10-16T14:33:03: 2025-10-16 06:33:03	info	core/server.go:389	Reloading MCP configuration
2025-10-16T14:33:03: 2025-10-16 06:33:03	info	core/server.go:319	Updating MCP configuration
2025-10-16T14:33:03: 2025-10-16 06:33:03	info	core/server.go:343	no updated MCP configurations found, skipping update
2025-10-16T14:33:03: 2025-10-16 06:33:03	info	core/server.go:405	Configuration reloaded successfully
2025-10-16T14:43:03: 2025-10-16 06:43:03	info	mcp-gateway/main.go:243	Received ticker signal	{"reload_switch": true}
2025-10-16T14:43:03: 2025-10-16 06:43:03	info	core/server.go:389	Reloading MCP configuration
2025-10-16T14:43:03: 2025-10-16 06:43:03	info	core/server.go:319	Updating MCP configuration
2025-10-16T14:43:03: 2025-10-16 06:43:03	info	core/server.go:343	no updated MCP configurations found, skipping update
2025-10-16T14:43:03: 2025-10-16 06:43:03	info	core/server.go:405	Configuration reloaded successfully
2025-10-16T14:53:03: 2025-10-16 06:53:03	info	mcp-gateway/main.go:243	Received ticker signal	{"reload_switch": true}
2025-10-16T14:53:03: 2025-10-16 06:53:03	info	core/server.go:389	Reloading MCP configuration
2025-10-16T14:53:03: 2025-10-16 06:53:03	info	core/server.go:319	Updating MCP configuration
2025-10-16T14:53:03: 2025-10-16 06:53:03	info	core/server.go:343	no updated MCP configurations found, skipping update
2025-10-16T14:53:03: 2025-10-16 06:53:03	info	core/server.go:405	Configuration reloaded successfully
2025-10-16T15:03:03: 2025-10-16 07:03:03	info	mcp-gateway/main.go:243	Received ticker signal	{"reload_switch": true}
2025-10-16T15:03:03: 2025-10-16 07:03:03	info	core/server.go:389	Reloading MCP configuration
2025-10-16T15:03:03: 2025-10-16 07:03:03	info	core/server.go:319	Updating MCP configuration
2025-10-16T15:03:03: 2025-10-16 07:03:03	info	core/server.go:343	no updated MCP configurations found, skipping update
2025-10-16T15:03:03: 2025-10-16 07:03:03	info	core/server.go:405	Configuration reloaded successfully
2025-10-16T15:13:03: 2025-10-16 07:13:03	info	mcp-gateway/main.go:243	Received ticker signal	{"reload_switch": true}
2025-10-16T15:13:03: 2025-10-16 07:13:03	info	core/server.go:389	Reloading MCP configuration
2025-10-16T15:13:03: 2025-10-16 07:13:03	info	core/server.go:319	Updating MCP configuration
2025-10-16T15:13:03: 2025-10-16 07:13:03	info	core/server.go:343	no updated MCP configurations found, skipping update
2025-10-16T15:13:03: 2025-10-16 07:13:03	info	core/server.go:405	Configuration reloaded successfully
2025-10-16T15:23:03: 2025-10-16 07:23:03	info	mcp-gateway/main.go:243	Received ticker signal	{"reload_switch": true}
2025-10-16T15:23:03: 2025-10-16 07:23:03	info	core/server.go:389	Reloading MCP configuration
2025-10-16T15:23:03: 2025-10-16 07:23:03	info	core/server.go:319	Updating MCP configuration
2025-10-16T15:23:03: 2025-10-16 07:23:03	info	core/server.go:343	no updated MCP configurations found, skipping update
2025-10-16T15:23:03: 2025-10-16 07:23:03	info	core/server.go:405	Configuration reloaded successfully
2025-10-16T15:33:03: 2025-10-16 07:33:03	info	mcp-gateway/main.go:243	Received ticker signal	{"reload_switch": true}
2025-10-16T15:33:03: 2025-10-16 07:33:03	info	core/server.go:389	Reloading MCP configuration
2025-10-16T15:33:03: 2025-10-16 07:33:03	info	core/server.go:319	Updating MCP configuration
2025-10-16T15:33:03: 2025-10-16 07:33:03	info	core/server.go:343	no updated MCP configurations found, skipping update
2025-10-16T15:33:03: 2025-10-16 07:33:03	info	core/server.go:405	Configuration reloaded successfully
2025-10-16T15:43:03: 2025-10-16 07:43:03	info	mcp-gateway/main.go:243	Received ticker signal	{"reload_switch": true}
2025-10-16T15:43:03: 2025-10-16 07:43:03	info	core/server.go:389	Reloading MCP configuration
2025-10-16T15:43:03: 2025-10-16 07:43:03	info	core/server.go:319	Updating MCP configuration
2025-10-16T15:43:03: 2025-10-16 07:43:03	info	core/server.go:343	no updated MCP configurations found, skipping update
2025-10-16T15:43:03: 2025-10-16 07:43:03	info	core/server.go:405	Configuration reloaded successfully
2025-10-16T15:53:03: 2025-10-16 07:53:03	info	mcp-gateway/main.go:243	Received ticker signal	{"reload_switch": true}
2025-10-16T15:53:03: 2025-10-16 07:53:03	info	core/server.go:389	Reloading MCP configuration
2025-10-16T15:53:03: 2025-10-16 07:53:03	info	core/server.go:319	Updating MCP configuration
2025-10-16T15:53:03: 2025-10-16 07:53:03	info	core/server.go:343	no updated MCP configurations found, skipping update
2025-10-16T15:53:03: 2025-10-16 07:53:03	info	core/server.go:405	Configuration reloaded successfully
2025-10-16T16:00:17: 2025-10-16 08:00:17	info	mcp-gateway/main.go:218	Received shutdown signal, starting graceful shutdown
2025-10-16T16:00:17: 2025-10-16 08:00:17	info	core/server.go:290	shutting down server
2025-10-16T16:00:17: 2025-10-16 08:00:17	info	mcp-gateway/main.go:229	MCP server shutdown completed successfully
2025-10-16T16:00:17: 2025-10-16 08:00:17	info	notifier.signal	notifier/signal.go:61	Signal handler stopped
2025-10-16T16:00:17: 2025-10-16 08:00:17	info	mcp-gateway/main.go:143	Loaded configuration	{"path": "/Users/wxn/Desktop/NextAgentLite/services/configs/unla-configs/mcp-gateway.yaml"}
2025-10-16T16:00:17: 2025-10-16 08:00:17	info	mcp-gateway/main.go:159	Starting mcp-gateway	{"version": "v0.8.6"}
2025-10-16T16:00:17: 2025-10-16 08:00:17	info	storage/factory.go:13	Initializing storage	{"type": "db"}
2025-10-16T16:00:17: 2025-10-16 08:00:17	info	session/factory.go:23	Initializing session store	{"type": "memory"}
2025-10-16T16:00:17: 2025-10-16 08:00:17	info	storage/factory.go:13	Initializing auth storage	{"type": "memory"}
2025-10-16T16:00:17: [GIN-debug] [WARNING] Creating an Engine instance with the Logger and Recovery middleware already attached.
2025-10-16T16:00:17: 
2025-10-16T16:00:17: [GIN-debug] [WARNING] Running in "debug" mode. Switch to "release" mode in production.
2025-10-16T16:00:17:  - using env:	export GIN_MODE=release
2025-10-16T16:00:17:  - using code:	gin.SetMode(gin.ReleaseMode)
2025-10-16T16:00:17: 
2025-10-16T16:00:17: [GIN-debug] Loaded HTML Templates (2): 
2025-10-16T16:00:17: 	- authorize.html
2025-10-16T16:00:17: 	- 
2025-10-16T16:00:17: 
2025-10-16T16:00:17: [GIN-debug] GET    /static/*filepath         --> github.com/gin-gonic/gin.(*RouterGroup).createStaticHandler.func1 (3 handlers)
2025-10-16T16:00:17: [GIN-debug] HEAD   /static/*filepath         --> github.com/gin-gonic/gin.(*RouterGroup).createStaticHandler.func1 (3 handlers)
2025-10-16T16:00:17: [GIN-debug] GET    /health_check             --> github.com/amoylab/unla/internal/core.(*Server).RegisterRoutes.func1 (5 handlers)
2025-10-16T16:00:17: [GIN-debug] OPTIONS /*path                    --> github.com/amoylab/unla/internal/core.(*Server).RegisterRoutes.(*Server).corsMiddleware.func2 (5 handlers)
2025-10-16T16:00:17: [GIN-debug] GET    /.well-known/oauth-authorization-server --> github.com/amoylab/unla/internal/core.(*Server).handleOAuthServerMetadata-fm (6 handlers)
2025-10-16T16:00:17: [GIN-debug] GET    /authorize                --> github.com/amoylab/unla/internal/core.(*Server).handleOAuthAuthorize-fm (6 handlers)
2025-10-16T16:00:17: [GIN-debug] POST   /authorize                --> github.com/amoylab/unla/internal/core.(*Server).handleOAuthAuthorize-fm (6 handlers)
2025-10-16T16:00:17: [GIN-debug] POST   /token                    --> github.com/amoylab/unla/internal/core.(*Server).handleOAuthToken-fm (6 handlers)
2025-10-16T16:00:17: [GIN-debug] POST   /register                 --> github.com/amoylab/unla/internal/core.(*Server).handleOAuthRegister-fm (6 handlers)
2025-10-16T16:00:17: [GIN-debug] POST   /revoke                   --> github.com/amoylab/unla/internal/core.(*Server).handleOAuthRevoke-fm (6 handlers)
2025-10-16T16:00:17: 2025-10-16 08:00:17	info	core/server.go:319	Updating MCP configuration
2025-10-16T16:00:17: 2025-10-16 08:00:17	info	core/server.go:333	loading all MCP configurations	{"count": 3}
2025-10-16T16:00:17: 2025-10-16 08:00:17	info	core/server.go:371	initializing server state
2025-10-16T16:00:17: 2025-10-16 08:00:17	warn	state/state.go:144	failed to find prefix for mcp server	{"server": "playwright"}
2025-10-16T16:00:17: 2025-10-16 08:00:17	info	state/state.go:81	registered router	{"tenant": "default", "prefix": "/gateway/ntcx", "server": "server-test"}
2025-10-16T16:00:17: 2025-10-16 08:00:17	warn	state/state.go:144	failed to find prefix for mcp server	{"server": "vchart-mcp-server"}
2025-10-16T16:00:17: 2025-10-16 08:00:17	info	core/server.go:379	server configuration loaded	{"server_count": 1, "tool_count": 1, "router_count": 1}
2025-10-16T16:00:17: [GIN-debug] [WARNING] You trusted all proxies, this is NOT safe. We recommend you to set a value.
2025-10-16T16:00:17: Please check https://pkg.go.dev/github.com/gin-gonic/gin#readme-don-t-trust-all-proxies for details.
2025-10-16T16:00:17: [GIN-debug] Listening and serving HTTP on :5235
2025-10-16T16:10:17: 2025-10-16 08:10:17	info	mcp-gateway/main.go:243	Received ticker signal	{"reload_switch": true}
2025-10-16T16:10:17: 2025-10-16 08:10:17	info	core/server.go:389	Reloading MCP configuration
2025-10-16T16:10:17: 2025-10-16 08:10:17	info	core/server.go:319	Updating MCP configuration
2025-10-16T16:10:17: 2025-10-16 08:10:17	info	core/server.go:343	no updated MCP configurations found, skipping update
2025-10-16T16:10:17: 2025-10-16 08:10:17	info	core/server.go:405	Configuration reloaded successfully
2025-10-16T16:20:17: 2025-10-16 08:20:17	info	mcp-gateway/main.go:243	Received ticker signal	{"reload_switch": true}
2025-10-16T16:20:17: 2025-10-16 08:20:17	info	core/server.go:389	Reloading MCP configuration
2025-10-16T16:20:17: 2025-10-16 08:20:17	info	core/server.go:319	Updating MCP configuration
2025-10-16T16:20:17: 2025-10-16 08:20:17	info	core/server.go:343	no updated MCP configurations found, skipping update
2025-10-16T16:20:17: 2025-10-16 08:20:17	info	core/server.go:405	Configuration reloaded successfully
2025-10-16T16:30:17: 2025-10-16 08:30:17	info	mcp-gateway/main.go:243	Received ticker signal	{"reload_switch": true}
2025-10-16T16:30:17: 2025-10-16 08:30:17	info	core/server.go:389	Reloading MCP configuration
2025-10-16T16:30:17: 2025-10-16 08:30:17	info	core/server.go:319	Updating MCP configuration
2025-10-16T16:30:17: 2025-10-16 08:30:17	info	core/server.go:343	no updated MCP configurations found, skipping update
2025-10-16T16:30:17: 2025-10-16 08:30:17	info	core/server.go:405	Configuration reloaded successfully
2025-10-16T16:40:17: 2025-10-16 08:40:17	info	mcp-gateway/main.go:243	Received ticker signal	{"reload_switch": true}
2025-10-16T16:40:17: 2025-10-16 08:40:17	info	core/server.go:389	Reloading MCP configuration
2025-10-16T16:40:17: 2025-10-16 08:40:17	info	core/server.go:319	Updating MCP configuration
2025-10-16T16:40:17: 2025-10-16 08:40:17	info	core/server.go:343	no updated MCP configurations found, skipping update
2025-10-16T16:40:17: 2025-10-16 08:40:17	info	core/server.go:405	Configuration reloaded successfully
2025-10-16T16:50:17: 2025-10-16 08:50:17	info	mcp-gateway/main.go:243	Received ticker signal	{"reload_switch": true}
2025-10-16T16:50:17: 2025-10-16 08:50:17	info	core/server.go:389	Reloading MCP configuration
2025-10-16T16:50:17: 2025-10-16 08:50:17	info	core/server.go:319	Updating MCP configuration
2025-10-16T16:50:17: 2025-10-16 08:50:17	info	core/server.go:343	no updated MCP configurations found, skipping update
2025-10-16T16:50:17: 2025-10-16 08:50:17	info	core/server.go:405	Configuration reloaded successfully
2025-10-16T17:00:17: 2025-10-16 09:00:17	info	mcp-gateway/main.go:243	Received ticker signal	{"reload_switch": true}
2025-10-16T17:00:17: 2025-10-16 09:00:17	info	core/server.go:389	Reloading MCP configuration
2025-10-16T17:00:17: 2025-10-16 09:00:17	info	core/server.go:319	Updating MCP configuration
2025-10-16T17:00:17: 2025-10-16 09:00:17	info	core/server.go:343	no updated MCP configurations found, skipping update
2025-10-16T17:00:17: 2025-10-16 09:00:17	info	core/server.go:405	Configuration reloaded successfully
2025-10-16T17:10:17: 2025-10-16 09:10:17	info	mcp-gateway/main.go:243	Received ticker signal	{"reload_switch": true}
2025-10-16T17:10:17: 2025-10-16 09:10:17	info	core/server.go:389	Reloading MCP configuration
2025-10-16T17:10:17: 2025-10-16 09:10:17	info	core/server.go:319	Updating MCP configuration
2025-10-16T17:10:17: 2025-10-16 09:10:17	info	core/server.go:343	no updated MCP configurations found, skipping update
2025-10-16T17:10:17: 2025-10-16 09:10:17	info	core/server.go:405	Configuration reloaded successfully
2025-10-16T17:20:17: 2025-10-16 09:20:17	info	mcp-gateway/main.go:243	Received ticker signal	{"reload_switch": true}
2025-10-16T17:20:17: 2025-10-16 09:20:17	info	core/server.go:389	Reloading MCP configuration
2025-10-16T17:20:17: 2025-10-16 09:20:17	info	core/server.go:319	Updating MCP configuration
2025-10-16T17:20:17: 2025-10-16 09:20:17	info	core/server.go:343	no updated MCP configurations found, skipping update
2025-10-16T17:20:17: 2025-10-16 09:20:17	info	core/server.go:405	Configuration reloaded successfully
2025-10-16T17:20:34: 2025-10-16 09:20:34	info	mcp-gateway/main.go:218	Received shutdown signal, starting graceful shutdown
2025-10-16T17:20:34: 2025-10-16 09:20:34	info	core/server.go:290	shutting down server
2025-10-16T17:20:34: 2025-10-16 09:20:34	info	mcp-gateway/main.go:229	MCP server shutdown completed successfully
2025-10-16T17:20:34: 2025-10-16 09:20:34	info	notifier.signal	notifier/signal.go:61	Signal handler stopped
2025-10-16T17:20:34: 2025-10-16 09:20:34	info	mcp-gateway/main.go:143	Loaded configuration	{"path": "/Users/wxn/Desktop/NextAgentLite/services/configs/unla-configs/mcp-gateway.yaml"}
2025-10-16T17:20:34: 2025-10-16 09:20:34	info	mcp-gateway/main.go:159	Starting mcp-gateway	{"version": "v0.8.6"}
2025-10-16T17:20:34: 2025-10-16 09:20:34	info	storage/factory.go:13	Initializing storage	{"type": "db"}
2025-10-16T17:20:34: 2025-10-16 09:20:34	info	session/factory.go:23	Initializing session store	{"type": "memory"}
2025-10-16T17:20:34: 2025-10-16 09:20:34	info	storage/factory.go:13	Initializing auth storage	{"type": "memory"}
2025-10-16T17:20:34: [GIN-debug] [WARNING] Creating an Engine instance with the Logger and Recovery middleware already attached.
2025-10-16T17:20:34: 
2025-10-16T17:20:34: [GIN-debug] [WARNING] Running in "debug" mode. Switch to "release" mode in production.
2025-10-16T17:20:34:  - using env:	export GIN_MODE=release
2025-10-16T17:20:34:  - using code:	gin.SetMode(gin.ReleaseMode)
2025-10-16T17:20:34: 
2025-10-16T17:20:34: [GIN-debug] Loaded HTML Templates (2): 
2025-10-16T17:20:34: 	- 
2025-10-16T17:20:34: 	- authorize.html
2025-10-16T17:20:34: 
2025-10-16T17:20:34: [GIN-debug] GET    /static/*filepath         --> github.com/gin-gonic/gin.(*RouterGroup).createStaticHandler.func1 (3 handlers)
2025-10-16T17:20:34: [GIN-debug] HEAD   /static/*filepath         --> github.com/gin-gonic/gin.(*RouterGroup).createStaticHandler.func1 (3 handlers)
2025-10-16T17:20:34: [GIN-debug] GET    /health_check             --> github.com/amoylab/unla/internal/core.(*Server).RegisterRoutes.func1 (5 handlers)
2025-10-16T17:20:34: [GIN-debug] OPTIONS /*path                    --> github.com/amoylab/unla/internal/core.(*Server).RegisterRoutes.(*Server).corsMiddleware.func2 (5 handlers)
2025-10-16T17:20:34: [GIN-debug] GET    /.well-known/oauth-authorization-server --> github.com/amoylab/unla/internal/core.(*Server).handleOAuthServerMetadata-fm (6 handlers)
2025-10-16T17:20:34: [GIN-debug] GET    /authorize                --> github.com/amoylab/unla/internal/core.(*Server).handleOAuthAuthorize-fm (6 handlers)
2025-10-16T17:20:34: [GIN-debug] POST   /authorize                --> github.com/amoylab/unla/internal/core.(*Server).handleOAuthAuthorize-fm (6 handlers)
2025-10-16T17:20:34: [GIN-debug] POST   /token                    --> github.com/amoylab/unla/internal/core.(*Server).handleOAuthToken-fm (6 handlers)
2025-10-16T17:20:34: [GIN-debug] POST   /register                 --> github.com/amoylab/unla/internal/core.(*Server).handleOAuthRegister-fm (6 handlers)
2025-10-16T17:20:34: [GIN-debug] POST   /revoke                   --> github.com/amoylab/unla/internal/core.(*Server).handleOAuthRevoke-fm (6 handlers)
2025-10-16T17:20:34: 2025-10-16 09:20:34	info	core/server.go:319	Updating MCP configuration
2025-10-16T17:20:34: 2025-10-16 09:20:34	info	core/server.go:333	loading all MCP configurations	{"count": 3}
2025-10-16T17:20:34: 2025-10-16 09:20:34	info	core/server.go:371	initializing server state
2025-10-16T17:20:34: 2025-10-16 09:20:34	warn	state/state.go:144	failed to find prefix for mcp server	{"server": "playwright"}
2025-10-16T17:20:34: 2025-10-16 09:20:34	info	state/state.go:81	registered router	{"tenant": "default", "prefix": "/gateway/ntcx", "server": "server-test"}
2025-10-16T17:20:34: 2025-10-16 09:20:34	warn	state/state.go:144	failed to find prefix for mcp server	{"server": "vchart-mcp-server"}
2025-10-16T17:20:34: 2025-10-16 09:20:34	info	core/server.go:379	server configuration loaded	{"server_count": 1, "tool_count": 1, "router_count": 1}
2025-10-16T17:20:34: [GIN-debug] [WARNING] You trusted all proxies, this is NOT safe. We recommend you to set a value.
2025-10-16T17:20:34: Please check https://pkg.go.dev/github.com/gin-gonic/gin#readme-don-t-trust-all-proxies for details.
2025-10-16T17:20:34: [GIN-debug] Listening and serving HTTP on :5235
2025-10-16T17:30:34: 2025-10-16 09:30:34	info	mcp-gateway/main.go:243	Received ticker signal	{"reload_switch": true}
2025-10-16T17:30:34: 2025-10-16 09:30:34	info	core/server.go:389	Reloading MCP configuration
2025-10-16T17:30:34: 2025-10-16 09:30:34	info	core/server.go:319	Updating MCP configuration
2025-10-16T17:30:34: 2025-10-16 09:30:34	info	core/server.go:343	no updated MCP configurations found, skipping update
2025-10-16T17:30:34: 2025-10-16 09:30:34	info	core/server.go:405	Configuration reloaded successfully
2025-10-16T17:34:23: 2025-10-16 09:34:23	info	mcp-gateway/main.go:218	Received shutdown signal, starting graceful shutdown
2025-10-16T17:34:23: 2025-10-16 09:34:23	info	core/server.go:290	shutting down server
2025-10-16T17:34:23: 2025-10-16 09:34:23	info	mcp-gateway/main.go:229	MCP server shutdown completed successfully
2025-10-16T17:34:23: 2025-10-16 09:34:23	info	mcp-gateway/main.go:143	Loaded configuration	{"path": "/Users/wxn/Desktop/NextAgentLite/services/configs/unla-configs/mcp-gateway.yaml"}
2025-10-16T17:34:23: 2025-10-16 09:34:23	info	mcp-gateway/main.go:159	Starting mcp-gateway	{"version": "v0.8.6"}
2025-10-16T17:34:23: 2025-10-16 09:34:23	info	storage/factory.go:13	Initializing storage	{"type": "db"}
2025-10-16T17:34:23: 2025-10-16 09:34:23	info	session/factory.go:23	Initializing session store	{"type": "memory"}
2025-10-16T17:34:23: 2025-10-16 09:34:23	info	storage/factory.go:13	Initializing auth storage	{"type": "memory"}
2025-10-16T17:34:23: [GIN-debug] [WARNING] Creating an Engine instance with the Logger and Recovery middleware already attached.
2025-10-16T17:34:23: 
2025-10-16T17:34:23: [GIN-debug] [WARNING] Running in "debug" mode. Switch to "release" mode in production.
2025-10-16T17:34:23:  - using env:	export GIN_MODE=release
2025-10-16T17:34:23:  - using code:	gin.SetMode(gin.ReleaseMode)
2025-10-16T17:34:23: 
2025-10-16T17:34:23: [GIN-debug] Loaded HTML Templates (2): 
2025-10-16T17:34:23: 	- 
2025-10-16T17:34:23: 	- authorize.html
2025-10-16T17:34:23: 
2025-10-16T17:34:23: [GIN-debug] GET    /static/*filepath         --> github.com/gin-gonic/gin.(*RouterGroup).createStaticHandler.func1 (3 handlers)
2025-10-16T17:34:23: [GIN-debug] HEAD   /static/*filepath         --> github.com/gin-gonic/gin.(*RouterGroup).createStaticHandler.func1 (3 handlers)
2025-10-16T17:34:23: [GIN-debug] GET    /health_check             --> github.com/amoylab/unla/internal/core.(*Server).RegisterRoutes.func1 (5 handlers)
2025-10-16T17:34:23: [GIN-debug] OPTIONS /*path                    --> github.com/amoylab/unla/internal/core.(*Server).RegisterRoutes.(*Server).corsMiddleware.func2 (5 handlers)
2025-10-16T17:34:23: [GIN-debug] GET    /.well-known/oauth-authorization-server --> github.com/amoylab/unla/internal/core.(*Server).handleOAuthServerMetadata-fm (6 handlers)
2025-10-16T17:34:23: [GIN-debug] GET    /authorize                --> github.com/amoylab/unla/internal/core.(*Server).handleOAuthAuthorize-fm (6 handlers)
2025-10-16T17:34:23: [GIN-debug] POST   /authorize                --> github.com/amoylab/unla/internal/core.(*Server).handleOAuthAuthorize-fm (6 handlers)
2025-10-16T17:34:23: [GIN-debug] POST   /token                    --> github.com/amoylab/unla/internal/core.(*Server).handleOAuthToken-fm (6 handlers)
2025-10-16T17:34:23: [GIN-debug] POST   /register                 --> github.com/amoylab/unla/internal/core.(*Server).handleOAuthRegister-fm (6 handlers)
2025-10-16T17:34:23: [GIN-debug] POST   /revoke                   --> github.com/amoylab/unla/internal/core.(*Server).handleOAuthRevoke-fm (6 handlers)
2025-10-16T17:34:23: 2025-10-16 09:34:23	info	core/server.go:319	Updating MCP configuration
2025-10-16T17:34:23: 2025-10-16 09:34:23	info	core/server.go:333	loading all MCP configurations	{"count": 3}
2025-10-16T17:34:23: 2025-10-16 09:34:23	info	core/server.go:371	initializing server state
2025-10-16T17:34:23: 2025-10-16 09:34:23	warn	state/state.go:144	failed to find prefix for mcp server	{"server": "playwright"}
2025-10-16T17:34:23: 2025-10-16 09:34:23	info	state/state.go:81	registered router	{"tenant": "default", "prefix": "/gateway/ntcx", "server": "server-test"}
2025-10-16T17:34:23: 2025-10-16 09:34:23	warn	state/state.go:144	failed to find prefix for mcp server	{"server": "vchart-mcp-server"}
2025-10-16T17:34:23: 2025-10-16 09:34:23	info	core/server.go:379	server configuration loaded	{"server_count": 1, "tool_count": 1, "router_count": 1}
2025-10-16T17:34:23: [GIN-debug] [WARNING] You trusted all proxies, this is NOT safe. We recommend you to set a value.
2025-10-16T17:34:23: Please check https://pkg.go.dev/github.com/gin-gonic/gin#readme-don-t-trust-all-proxies for details.
2025-10-16T17:34:23: [GIN-debug] Listening and serving HTTP on :5235
2025-10-16T17:43:21: 2025-10-16 09:43:21	info	mcp-gateway/main.go:218	Received shutdown signal, starting graceful shutdown
2025-10-16T17:43:21: 2025-10-16 09:43:21	info	core/server.go:290	shutting down server
2025-10-16T17:43:21: 2025-10-16 09:43:21	info	mcp-gateway/main.go:229	MCP server shutdown completed successfully
2025-10-16T17:43:21: 2025-10-16 09:43:21	info	notifier.signal	notifier/signal.go:61	Signal handler stopped
2025-10-16T17:43:21: 2025-10-16 09:43:21	info	mcp-gateway/main.go:143	Loaded configuration	{"path": "/Users/wxn/Desktop/NextAgentLite/services/configs/unla-configs/mcp-gateway.yaml"}
2025-10-16T17:43:21: 2025-10-16 09:43:21	info	mcp-gateway/main.go:159	Starting mcp-gateway	{"version": "v0.8.6"}
2025-10-16T17:43:21: 2025-10-16 09:43:21	info	storage/factory.go:13	Initializing storage	{"type": "db"}
2025-10-16T17:43:22: 2025-10-16 09:43:22	info	session/factory.go:23	Initializing session store	{"type": "memory"}
2025-10-16T17:43:22: 2025-10-16 09:43:22	info	storage/factory.go:13	Initializing auth storage	{"type": "memory"}
2025-10-16T17:43:22: [GIN-debug] [WARNING] Creating an Engine instance with the Logger and Recovery middleware already attached.
2025-10-16T17:43:22: 
2025-10-16T17:43:22: [GIN-debug] [WARNING] Running in "debug" mode. Switch to "release" mode in production.
2025-10-16T17:43:22:  - using env:	export GIN_MODE=release
2025-10-16T17:43:22:  - using code:	gin.SetMode(gin.ReleaseMode)
2025-10-16T17:43:22: 
2025-10-16T17:43:22: [GIN-debug] Loaded HTML Templates (2): 
2025-10-16T17:43:22: 	- 
2025-10-16T17:43:22: 	- authorize.html
2025-10-16T17:43:22: 
2025-10-16T17:43:22: [GIN-debug] GET    /static/*filepath         --> github.com/gin-gonic/gin.(*RouterGroup).createStaticHandler.func1 (3 handlers)
2025-10-16T17:43:22: [GIN-debug] HEAD   /static/*filepath         --> github.com/gin-gonic/gin.(*RouterGroup).createStaticHandler.func1 (3 handlers)
2025-10-16T17:43:22: [GIN-debug] GET    /health_check             --> github.com/amoylab/unla/internal/core.(*Server).RegisterRoutes.func1 (5 handlers)
2025-10-16T17:43:22: [GIN-debug] OPTIONS /*path                    --> github.com/amoylab/unla/internal/core.(*Server).RegisterRoutes.(*Server).corsMiddleware.func2 (5 handlers)
2025-10-16T17:43:22: [GIN-debug] GET    /.well-known/oauth-authorization-server --> github.com/amoylab/unla/internal/core.(*Server).handleOAuthServerMetadata-fm (6 handlers)
2025-10-16T17:43:22: [GIN-debug] GET    /authorize                --> github.com/amoylab/unla/internal/core.(*Server).handleOAuthAuthorize-fm (6 handlers)
2025-10-16T17:43:22: [GIN-debug] POST   /authorize                --> github.com/amoylab/unla/internal/core.(*Server).handleOAuthAuthorize-fm (6 handlers)
2025-10-16T17:43:22: [GIN-debug] POST   /token                    --> github.com/amoylab/unla/internal/core.(*Server).handleOAuthToken-fm (6 handlers)
2025-10-16T17:43:22: [GIN-debug] POST   /register                 --> github.com/amoylab/unla/internal/core.(*Server).handleOAuthRegister-fm (6 handlers)
2025-10-16T17:43:22: [GIN-debug] POST   /revoke                   --> github.com/amoylab/unla/internal/core.(*Server).handleOAuthRevoke-fm (6 handlers)
2025-10-16T17:43:22: 2025-10-16 09:43:22	info	core/server.go:319	Updating MCP configuration
2025-10-16T17:43:22: 2025-10-16 09:43:22	info	core/server.go:333	loading all MCP configurations	{"count": 3}
2025-10-16T17:43:22: 2025-10-16 09:43:22	info	core/server.go:371	initializing server state
2025-10-16T17:43:22: 2025-10-16 09:43:22	warn	state/state.go:144	failed to find prefix for mcp server	{"server": "playwright"}
2025-10-16T17:43:22: 2025-10-16 09:43:22	info	state/state.go:81	registered router	{"tenant": "default", "prefix": "/gateway/ntcx", "server": "server-test"}
2025-10-16T17:43:22: 2025-10-16 09:43:22	warn	state/state.go:144	failed to find prefix for mcp server	{"server": "vchart-mcp-server"}
2025-10-16T17:43:22: 2025-10-16 09:43:22	info	core/server.go:379	server configuration loaded	{"server_count": 1, "tool_count": 1, "router_count": 1}
2025-10-16T17:43:22: [GIN-debug] [WARNING] You trusted all proxies, this is NOT safe. We recommend you to set a value.
2025-10-16T17:43:22: Please check https://pkg.go.dev/github.com/gin-gonic/gin#readme-don-t-trust-all-proxies for details.
2025-10-16T17:43:22: [GIN-debug] Listening and serving HTTP on :5235
2025-10-16T17:53:22: 2025-10-16 09:53:22	info	mcp-gateway/main.go:243	Received ticker signal	{"reload_switch": true}
2025-10-16T17:53:22: 2025-10-16 09:53:22	info	core/server.go:389	Reloading MCP configuration
2025-10-16T17:53:22: 2025-10-16 09:53:22	info	core/server.go:319	Updating MCP configuration
2025-10-16T17:53:22: 2025-10-16 09:53:22	info	core/server.go:343	no updated MCP configurations found, skipping update
2025-10-16T17:53:22: 2025-10-16 09:53:22	info	core/server.go:405	Configuration reloaded successfully
2025-10-16T18:03:22: 2025-10-16 10:03:22	info	mcp-gateway/main.go:243	Received ticker signal	{"reload_switch": true}
2025-10-16T18:03:22: 2025-10-16 10:03:22	info	core/server.go:389	Reloading MCP configuration
2025-10-16T18:03:22: 2025-10-16 10:03:22	info	core/server.go:319	Updating MCP configuration
2025-10-16T18:03:22: 2025-10-16 10:03:22	info	core/server.go:343	no updated MCP configurations found, skipping update
2025-10-16T18:03:22: 2025-10-16 10:03:22	info	core/server.go:405	Configuration reloaded successfully
2025-10-16T18:13:22: 2025-10-16 10:13:22	info	mcp-gateway/main.go:243	Received ticker signal	{"reload_switch": true}
2025-10-16T18:13:22: 2025-10-16 10:13:22	info	core/server.go:389	Reloading MCP configuration
2025-10-16T18:13:22: 2025-10-16 10:13:22	info	core/server.go:319	Updating MCP configuration
2025-10-16T18:13:22: 2025-10-16 10:13:22	info	core/server.go:343	no updated MCP configurations found, skipping update
2025-10-16T18:13:22: 2025-10-16 10:13:22	info	core/server.go:405	Configuration reloaded successfully
2025-10-16T20:53:11: 2025-10-16 12:53:11	info	mcp-gateway/main.go:243	Received ticker signal	{"reload_switch": true}
2025-10-16T20:53:11: 2025-10-16 12:53:11	info	core/server.go:389	Reloading MCP configuration
2025-10-16T20:53:11: 2025-10-16 12:53:11	info	core/server.go:319	Updating MCP configuration
2025-10-16T20:53:11: 2025-10-16 12:53:11	info	core/server.go:343	no updated MCP configurations found, skipping update
2025-10-16T20:53:11: 2025-10-16 12:53:11	info	core/server.go:405	Configuration reloaded successfully
2025-10-16T21:03:11: 2025-10-16 13:03:11	info	mcp-gateway/main.go:243	Received ticker signal	{"reload_switch": true}
2025-10-16T21:03:11: 2025-10-16 13:03:11	info	core/server.go:389	Reloading MCP configuration
2025-10-16T21:03:11: 2025-10-16 13:03:11	info	core/server.go:319	Updating MCP configuration
2025-10-16T21:03:11: 2025-10-16 13:03:11	info	core/server.go:343	no updated MCP configurations found, skipping update
2025-10-16T21:03:11: 2025-10-16 13:03:11	info	core/server.go:405	Configuration reloaded successfully
2025-10-16T21:13:11: 2025-10-16 13:13:11	info	mcp-gateway/main.go:243	Received ticker signal	{"reload_switch": true}
2025-10-16T21:13:11: 2025-10-16 13:13:11	info	core/server.go:389	Reloading MCP configuration
2025-10-16T21:13:11: 2025-10-16 13:13:11	info	core/server.go:319	Updating MCP configuration
2025-10-16T21:13:11: 2025-10-16 13:13:11	info	core/server.go:343	no updated MCP configurations found, skipping update
2025-10-16T21:13:11: 2025-10-16 13:13:11	info	core/server.go:405	Configuration reloaded successfully
2025-10-16T21:23:10: 2025-10-16 13:23:10	info	mcp-gateway/main.go:243	Received ticker signal	{"reload_switch": true}
2025-10-16T21:23:10: 2025-10-16 13:23:10	info	core/server.go:389	Reloading MCP configuration
2025-10-16T21:23:10: 2025-10-16 13:23:10	info	core/server.go:319	Updating MCP configuration
2025-10-16T21:23:10: 2025-10-16 13:23:10	info	core/server.go:343	no updated MCP configurations found, skipping update
2025-10-16T21:23:10: 2025-10-16 13:23:10	info	core/server.go:405	Configuration reloaded successfully
2025-10-16T21:33:10: 2025-10-16 13:33:10	info	mcp-gateway/main.go:243	Received ticker signal	{"reload_switch": true}
2025-10-16T21:33:10: 2025-10-16 13:33:10	info	core/server.go:389	Reloading MCP configuration
2025-10-16T21:33:10: 2025-10-16 13:33:10	info	core/server.go:319	Updating MCP configuration
2025-10-16T21:33:10: 2025-10-16 13:33:10	info	core/server.go:343	no updated MCP configurations found, skipping update
2025-10-16T21:33:10: 2025-10-16 13:33:10	info	core/server.go:405	Configuration reloaded successfully
2025-10-16T21:43:11: 2025-10-16 13:43:11	info	mcp-gateway/main.go:243	Received ticker signal	{"reload_switch": true}
2025-10-16T21:43:11: 2025-10-16 13:43:11	info	core/server.go:389	Reloading MCP configuration
2025-10-16T21:43:11: 2025-10-16 13:43:11	info	core/server.go:319	Updating MCP configuration
2025-10-16T21:43:11: 2025-10-16 13:43:11	info	core/server.go:343	no updated MCP configurations found, skipping update
2025-10-16T21:43:11: 2025-10-16 13:43:11	info	core/server.go:405	Configuration reloaded successfully
2025-10-16T21:53:11: 2025-10-16 13:53:11	info	mcp-gateway/main.go:243	Received ticker signal	{"reload_switch": true}
2025-10-16T21:53:11: 2025-10-16 13:53:11	info	core/server.go:389	Reloading MCP configuration
2025-10-16T21:53:11: 2025-10-16 13:53:11	info	core/server.go:319	Updating MCP configuration
2025-10-16T21:53:11: 2025-10-16 13:53:11	info	core/server.go:343	no updated MCP configurations found, skipping update
2025-10-16T21:53:11: 2025-10-16 13:53:11	info	core/server.go:405	Configuration reloaded successfully
2025-10-16T22:03:11: 2025-10-16 14:03:11	info	mcp-gateway/main.go:243	Received ticker signal	{"reload_switch": true}
2025-10-16T22:03:11: 2025-10-16 14:03:11	info	core/server.go:389	Reloading MCP configuration
2025-10-16T22:03:11: 2025-10-16 14:03:11	info	core/server.go:319	Updating MCP configuration
2025-10-16T22:03:11: 2025-10-16 14:03:11	info	core/server.go:343	no updated MCP configurations found, skipping update
2025-10-16T22:03:11: 2025-10-16 14:03:11	info	core/server.go:405	Configuration reloaded successfully
2025-10-16T22:13:10: 2025-10-16 14:13:10	info	mcp-gateway/main.go:243	Received ticker signal	{"reload_switch": true}
2025-10-16T22:13:10: 2025-10-16 14:13:10	info	core/server.go:389	Reloading MCP configuration
2025-10-16T22:13:10: 2025-10-16 14:13:10	info	core/server.go:319	Updating MCP configuration
2025-10-16T22:13:10: 2025-10-16 14:13:10	info	core/server.go:343	no updated MCP configurations found, skipping update
2025-10-16T22:13:10: 2025-10-16 14:13:10	info	core/server.go:405	Configuration reloaded successfully
2025-10-16T22:23:10: 2025-10-16 14:23:10	info	mcp-gateway/main.go:243	Received ticker signal	{"reload_switch": true}
2025-10-16T22:23:10: 2025-10-16 14:23:10	info	core/server.go:389	Reloading MCP configuration
2025-10-16T22:23:10: 2025-10-16 14:23:10	info	core/server.go:319	Updating MCP configuration
2025-10-16T22:23:10: 2025-10-16 14:23:10	info	core/server.go:343	no updated MCP configurations found, skipping update
2025-10-16T22:23:10: 2025-10-16 14:23:10	info	core/server.go:405	Configuration reloaded successfully
2025-10-16T22:23:54: 2025-10-16 14:23:54	info	mcp-gateway/main.go:218	Received shutdown signal, starting graceful shutdown
2025-10-16T22:23:54: 2025-10-16 14:23:54	info	core/server.go:290	shutting down server
2025-10-16T22:23:54: 2025-10-16 14:23:54	info	mcp-gateway/main.go:229	MCP server shutdown completed successfully
2025-10-16T22:23:54: 2025-10-16 14:23:54	info	notifier.signal	notifier/signal.go:61	Signal handler stopped
2025-10-16T22:23:54: 2025-10-16 14:23:54	info	mcp-gateway/main.go:143	Loaded configuration	{"path": "/Users/wxn/Desktop/NextAgentLite/services/configs/unla-configs/mcp-gateway.yaml"}
2025-10-16T22:23:54: 2025-10-16 14:23:54	info	mcp-gateway/main.go:159	Starting mcp-gateway	{"version": "v0.8.6"}
2025-10-16T22:23:54: 2025-10-16 14:23:54	info	storage/factory.go:13	Initializing storage	{"type": "db"}
2025-10-16T22:23:55: 2025-10-16 14:23:55	info	session/factory.go:23	Initializing session store	{"type": "memory"}
2025-10-16T22:23:55: 2025-10-16 14:23:55	info	storage/factory.go:13	Initializing auth storage	{"type": "memory"}
2025-10-16T22:23:55: [GIN-debug] [WARNING] Creating an Engine instance with the Logger and Recovery middleware already attached.
2025-10-16T22:23:55: 
2025-10-16T22:23:55: [GIN-debug] [WARNING] Running in "debug" mode. Switch to "release" mode in production.
2025-10-16T22:23:55:  - using env:	export GIN_MODE=release
2025-10-16T22:23:55:  - using code:	gin.SetMode(gin.ReleaseMode)
2025-10-16T22:23:55: 
2025-10-16T22:23:55: [GIN-debug] Loaded HTML Templates (2): 
2025-10-16T22:23:55: 	- 
2025-10-16T22:23:55: 	- authorize.html
2025-10-16T22:23:55: 
2025-10-16T22:23:55: [GIN-debug] GET    /static/*filepath         --> github.com/gin-gonic/gin.(*RouterGroup).createStaticHandler.func1 (3 handlers)
2025-10-16T22:23:55: [GIN-debug] HEAD   /static/*filepath         --> github.com/gin-gonic/gin.(*RouterGroup).createStaticHandler.func1 (3 handlers)
2025-10-16T22:23:55: [GIN-debug] GET    /health_check             --> github.com/amoylab/unla/internal/core.(*Server).RegisterRoutes.func1 (5 handlers)
2025-10-16T22:23:55: [GIN-debug] OPTIONS /*path                    --> github.com/amoylab/unla/internal/core.(*Server).RegisterRoutes.(*Server).corsMiddleware.func2 (5 handlers)
2025-10-16T22:23:55: [GIN-debug] GET    /.well-known/oauth-authorization-server --> github.com/amoylab/unla/internal/core.(*Server).handleOAuthServerMetadata-fm (6 handlers)
2025-10-16T22:23:55: [GIN-debug] GET    /authorize                --> github.com/amoylab/unla/internal/core.(*Server).handleOAuthAuthorize-fm (6 handlers)
2025-10-16T22:23:55: [GIN-debug] POST   /authorize                --> github.com/amoylab/unla/internal/core.(*Server).handleOAuthAuthorize-fm (6 handlers)
2025-10-16T22:23:55: [GIN-debug] POST   /token                    --> github.com/amoylab/unla/internal/core.(*Server).handleOAuthToken-fm (6 handlers)
2025-10-16T22:23:55: [GIN-debug] POST   /register                 --> github.com/amoylab/unla/internal/core.(*Server).handleOAuthRegister-fm (6 handlers)
2025-10-16T22:23:55: [GIN-debug] POST   /revoke                   --> github.com/amoylab/unla/internal/core.(*Server).handleOAuthRevoke-fm (6 handlers)
2025-10-16T22:23:55: 2025-10-16 14:23:55	info	core/server.go:319	Updating MCP configuration
2025-10-16T22:23:55: 2025-10-16 14:23:55	info	core/server.go:333	loading all MCP configurations	{"count": 3}
2025-10-16T22:23:55: 2025-10-16 14:23:55	info	core/server.go:371	initializing server state
2025-10-16T22:23:55: 2025-10-16 14:23:55	warn	state/state.go:144	failed to find prefix for mcp server	{"server": "playwright"}
2025-10-16T22:23:55: 2025-10-16 14:23:55	info	state/state.go:81	registered router	{"tenant": "default", "prefix": "/gateway/ntcx", "server": "server-test"}
2025-10-16T22:23:55: 2025-10-16 14:23:55	warn	state/state.go:144	failed to find prefix for mcp server	{"server": "vchart-mcp-server"}
2025-10-16T22:23:55: 2025-10-16 14:23:55	info	core/server.go:379	server configuration loaded	{"server_count": 1, "tool_count": 1, "router_count": 1}
2025-10-16T22:23:55: [GIN-debug] [WARNING] You trusted all proxies, this is NOT safe. We recommend you to set a value.
2025-10-16T22:23:55: Please check https://pkg.go.dev/github.com/gin-gonic/gin#readme-don-t-trust-all-proxies for details.
2025-10-16T22:23:55: [GIN-debug] Listening and serving HTTP on :5235
2025-10-16T22:33:55: 2025-10-16 14:33:55	info	mcp-gateway/main.go:243	Received ticker signal	{"reload_switch": true}
2025-10-16T22:33:55: 2025-10-16 14:33:55	info	core/server.go:389	Reloading MCP configuration
2025-10-16T22:33:55: 2025-10-16 14:33:55	info	core/server.go:319	Updating MCP configuration
2025-10-16T22:33:55: 2025-10-16 14:33:55	info	core/server.go:343	no updated MCP configurations found, skipping update
2025-10-16T22:33:55: 2025-10-16 14:33:55	info	core/server.go:405	Configuration reloaded successfully
2025-10-16T22:43:55: 2025-10-16 14:43:55	info	mcp-gateway/main.go:243	Received ticker signal	{"reload_switch": true}
2025-10-16T22:43:55: 2025-10-16 14:43:55	info	core/server.go:389	Reloading MCP configuration
2025-10-16T22:43:55: 2025-10-16 14:43:55	info	core/server.go:319	Updating MCP configuration
2025-10-16T22:43:55: 2025-10-16 14:43:55	info	core/server.go:343	no updated MCP configurations found, skipping update
2025-10-16T22:43:55: 2025-10-16 14:43:55	info	core/server.go:405	Configuration reloaded successfully
2025-10-16T22:53:55: 2025-10-16 14:53:55	info	mcp-gateway/main.go:243	Received ticker signal	{"reload_switch": true}
2025-10-16T22:53:55: 2025-10-16 14:53:55	info	core/server.go:389	Reloading MCP configuration
2025-10-16T22:53:55: 2025-10-16 14:53:55	info	core/server.go:319	Updating MCP configuration
2025-10-16T22:53:55: 2025-10-16 14:53:55	info	core/server.go:343	no updated MCP configurations found, skipping update
2025-10-16T22:53:55: 2025-10-16 14:53:55	info	core/server.go:405	Configuration reloaded successfully
2025-10-16T23:03:36: 2025-10-16 15:03:36	info	mcp-gateway/main.go:218	Received shutdown signal, starting graceful shutdown
2025-10-16T23:03:36: 2025-10-16 15:03:36	info	core/server.go:290	shutting down server
2025-10-16T23:03:36: 2025-10-16 15:03:36	info	mcp-gateway/main.go:229	MCP server shutdown completed successfully
2025-10-16T23:03:36: 2025-10-16 15:03:36	info	notifier.signal	notifier/signal.go:61	Signal handler stopped
2025-10-16T23:03:36: 2025-10-16 15:03:36	info	mcp-gateway/main.go:143	Loaded configuration	{"path": "/Users/wxn/Desktop/NextAgentLite/services/configs/unla-configs/mcp-gateway.yaml"}
2025-10-16T23:03:36: 2025-10-16 15:03:36	info	mcp-gateway/main.go:159	Starting mcp-gateway	{"version": "v0.8.6"}
2025-10-16T23:03:36: 2025-10-16 15:03:36	info	storage/factory.go:13	Initializing storage	{"type": "db"}
2025-10-16T23:03:36: 2025-10-16 15:03:36	info	session/factory.go:23	Initializing session store	{"type": "memory"}
2025-10-16T23:03:36: 2025-10-16 15:03:36	info	storage/factory.go:13	Initializing auth storage	{"type": "memory"}
2025-10-16T23:03:36: [GIN-debug] [WARNING] Creating an Engine instance with the Logger and Recovery middleware already attached.
2025-10-16T23:03:36: 
2025-10-16T23:03:36: [GIN-debug] [WARNING] Running in "debug" mode. Switch to "release" mode in production.
2025-10-16T23:03:36:  - using env:	export GIN_MODE=release
2025-10-16T23:03:36:  - using code:	gin.SetMode(gin.ReleaseMode)
2025-10-16T23:03:36: 
2025-10-16T23:03:36: [GIN-debug] Loaded HTML Templates (2): 
2025-10-16T23:03:36: 	- 
2025-10-16T23:03:36: 	- authorize.html
2025-10-16T23:03:36: 
2025-10-16T23:03:36: [GIN-debug] GET    /static/*filepath         --> github.com/gin-gonic/gin.(*RouterGroup).createStaticHandler.func1 (3 handlers)
2025-10-16T23:03:36: [GIN-debug] HEAD   /static/*filepath         --> github.com/gin-gonic/gin.(*RouterGroup).createStaticHandler.func1 (3 handlers)
2025-10-16T23:03:36: [GIN-debug] GET    /health_check             --> github.com/amoylab/unla/internal/core.(*Server).RegisterRoutes.func1 (5 handlers)
2025-10-16T23:03:36: [GIN-debug] OPTIONS /*path                    --> github.com/amoylab/unla/internal/core.(*Server).RegisterRoutes.(*Server).corsMiddleware.func2 (5 handlers)
2025-10-16T23:03:36: [GIN-debug] GET    /.well-known/oauth-authorization-server --> github.com/amoylab/unla/internal/core.(*Server).handleOAuthServerMetadata-fm (6 handlers)
2025-10-16T23:03:36: [GIN-debug] GET    /authorize                --> github.com/amoylab/unla/internal/core.(*Server).handleOAuthAuthorize-fm (6 handlers)
2025-10-16T23:03:36: [GIN-debug] POST   /authorize                --> github.com/amoylab/unla/internal/core.(*Server).handleOAuthAuthorize-fm (6 handlers)
2025-10-16T23:03:36: [GIN-debug] POST   /token                    --> github.com/amoylab/unla/internal/core.(*Server).handleOAuthToken-fm (6 handlers)
2025-10-16T23:03:36: [GIN-debug] POST   /register                 --> github.com/amoylab/unla/internal/core.(*Server).handleOAuthRegister-fm (6 handlers)
2025-10-16T23:03:36: [GIN-debug] POST   /revoke                   --> github.com/amoylab/unla/internal/core.(*Server).handleOAuthRevoke-fm (6 handlers)
2025-10-16T23:03:36: 2025-10-16 15:03:36	info	core/server.go:319	Updating MCP configuration
2025-10-16T23:03:36: 2025-10-16 15:03:36	info	core/server.go:333	loading all MCP configurations	{"count": 3}
2025-10-16T23:03:36: 2025-10-16 15:03:36	info	core/server.go:371	initializing server state
2025-10-16T23:03:36: 2025-10-16 15:03:36	warn	state/state.go:144	failed to find prefix for mcp server	{"server": "playwright"}
2025-10-16T23:03:36: 2025-10-16 15:03:36	info	state/state.go:81	registered router	{"tenant": "default", "prefix": "/gateway/ntcx", "server": "server-test"}
2025-10-16T23:03:36: 2025-10-16 15:03:36	warn	state/state.go:144	failed to find prefix for mcp server	{"server": "vchart-mcp-server"}
2025-10-16T23:03:36: 2025-10-16 15:03:36	info	core/server.go:379	server configuration loaded	{"server_count": 1, "tool_count": 1, "router_count": 1}
2025-10-16T23:03:36: [GIN-debug] [WARNING] You trusted all proxies, this is NOT safe. We recommend you to set a value.
2025-10-16T23:03:36: Please check https://pkg.go.dev/github.com/gin-gonic/gin#readme-don-t-trust-all-proxies for details.
2025-10-16T23:03:36: [GIN-debug] Listening and serving HTTP on :5235
2025-10-16T23:13:36: 2025-10-16 15:13:36	info	mcp-gateway/main.go:243	Received ticker signal	{"reload_switch": true}
2025-10-16T23:13:36: 2025-10-16 15:13:36	info	core/server.go:389	Reloading MCP configuration
2025-10-16T23:13:36: 2025-10-16 15:13:36	info	core/server.go:319	Updating MCP configuration
2025-10-16T23:13:36: 2025-10-16 15:13:36	info	core/server.go:343	no updated MCP configurations found, skipping update
2025-10-16T23:13:36: 2025-10-16 15:13:36	info	core/server.go:405	Configuration reloaded successfully
2025-10-16T23:23:36: 2025-10-16 15:23:36	info	mcp-gateway/main.go:243	Received ticker signal	{"reload_switch": true}
2025-10-16T23:23:36: 2025-10-16 15:23:36	info	core/server.go:389	Reloading MCP configuration
2025-10-16T23:23:36: 2025-10-16 15:23:36	info	core/server.go:319	Updating MCP configuration
2025-10-16T23:23:36: 2025-10-16 15:23:36	info	core/server.go:343	no updated MCP configurations found, skipping update
2025-10-16T23:23:36: 2025-10-16 15:23:36	info	core/server.go:405	Configuration reloaded successfully
2025-10-16T23:33:36: 2025-10-16 15:33:36	info	mcp-gateway/main.go:243	Received ticker signal	{"reload_switch": true}
2025-10-16T23:33:36: 2025-10-16 15:33:36	info	core/server.go:389	Reloading MCP configuration
2025-10-16T23:33:36: 2025-10-16 15:33:36	info	core/server.go:319	Updating MCP configuration
2025-10-16T23:33:36: 2025-10-16 15:33:36	info	core/server.go:343	no updated MCP configurations found, skipping update
2025-10-16T23:33:36: 2025-10-16 15:33:36	info	core/server.go:405	Configuration reloaded successfully
2025-10-16T23:43:36: 2025-10-16 15:43:36	info	mcp-gateway/main.go:243	Received ticker signal	{"reload_switch": true}
2025-10-16T23:43:36: 2025-10-16 15:43:36	info	core/server.go:389	Reloading MCP configuration
2025-10-16T23:43:36: 2025-10-16 15:43:36	info	core/server.go:319	Updating MCP configuration
2025-10-16T23:43:36: 2025-10-16 15:43:36	info	core/server.go:343	no updated MCP configurations found, skipping update
2025-10-16T23:43:36: 2025-10-16 15:43:36	info	core/server.go:405	Configuration reloaded successfully
2025-10-16T23:53:36: 2025-10-16 15:53:36	info	mcp-gateway/main.go:243	Received ticker signal	{"reload_switch": true}
2025-10-16T23:53:36: 2025-10-16 15:53:36	info	core/server.go:389	Reloading MCP configuration
2025-10-16T23:53:36: 2025-10-16 15:53:36	info	core/server.go:319	Updating MCP configuration
2025-10-16T23:53:36: 2025-10-16 15:53:36	info	core/server.go:343	no updated MCP configurations found, skipping update
2025-10-16T23:53:36: 2025-10-16 15:53:36	info	core/server.go:405	Configuration reloaded successfully
2025-10-17T00:00:57: 2025-10-16 16:00:57	info	mcp-gateway/main.go:218	Received shutdown signal, starting graceful shutdown
2025-10-17T00:00:57: 2025-10-16 16:00:57	info	core/server.go:290	shutting down server
2025-10-17T00:00:57: 2025-10-16 16:00:57	info	mcp-gateway/main.go:229	MCP server shutdown completed successfully
2025-10-17T00:00:57: 2025-10-16 16:00:57	info	notifier.signal	notifier/signal.go:61	Signal handler stopped
2025-10-17T00:00:57: 2025-10-16 16:00:57	info	mcp-gateway/main.go:143	Loaded configuration	{"path": "/Users/wxn/Desktop/NextAgentLite/services/configs/unla-configs/mcp-gateway.yaml"}
2025-10-17T00:00:58: 2025-10-16 16:00:58	info	mcp-gateway/main.go:159	Starting mcp-gateway	{"version": "v0.8.6"}
2025-10-17T00:00:58: 2025-10-16 16:00:58	info	storage/factory.go:13	Initializing storage	{"type": "db"}
2025-10-17T00:00:58: 2025-10-16 16:00:58	info	session/factory.go:23	Initializing session store	{"type": "memory"}
2025-10-17T00:00:58: 2025-10-16 16:00:58	info	storage/factory.go:13	Initializing auth storage	{"type": "memory"}
2025-10-17T00:00:58: [GIN-debug] [WARNING] Creating an Engine instance with the Logger and Recovery middleware already attached.
2025-10-17T00:00:58: 
2025-10-17T00:00:58: [GIN-debug] [WARNING] Running in "debug" mode. Switch to "release" mode in production.
2025-10-17T00:00:58:  - using env:	export GIN_MODE=release
2025-10-17T00:00:58:  - using code:	gin.SetMode(gin.ReleaseMode)
2025-10-17T00:00:58: 
2025-10-17T00:00:58: [GIN-debug] Loaded HTML Templates (2): 
2025-10-17T00:00:58: 	- 
2025-10-17T00:00:58: 	- authorize.html
2025-10-17T00:00:58: 
2025-10-17T00:00:58: [GIN-debug] GET    /static/*filepath         --> github.com/gin-gonic/gin.(*RouterGroup).createStaticHandler.func1 (3 handlers)
2025-10-17T00:00:58: [GIN-debug] HEAD   /static/*filepath         --> github.com/gin-gonic/gin.(*RouterGroup).createStaticHandler.func1 (3 handlers)
2025-10-17T00:00:58: [GIN-debug] GET    /health_check             --> github.com/amoylab/unla/internal/core.(*Server).RegisterRoutes.func1 (5 handlers)
2025-10-17T00:00:58: [GIN-debug] OPTIONS /*path                    --> github.com/amoylab/unla/internal/core.(*Server).RegisterRoutes.(*Server).corsMiddleware.func2 (5 handlers)
2025-10-17T00:00:58: [GIN-debug] GET    /.well-known/oauth-authorization-server --> github.com/amoylab/unla/internal/core.(*Server).handleOAuthServerMetadata-fm (6 handlers)
2025-10-17T00:00:58: [GIN-debug] GET    /authorize                --> github.com/amoylab/unla/internal/core.(*Server).handleOAuthAuthorize-fm (6 handlers)
2025-10-17T00:00:58: [GIN-debug] POST   /authorize                --> github.com/amoylab/unla/internal/core.(*Server).handleOAuthAuthorize-fm (6 handlers)
2025-10-17T00:00:58: [GIN-debug] POST   /token                    --> github.com/amoylab/unla/internal/core.(*Server).handleOAuthToken-fm (6 handlers)
2025-10-17T00:00:58: [GIN-debug] POST   /register                 --> github.com/amoylab/unla/internal/core.(*Server).handleOAuthRegister-fm (6 handlers)
2025-10-17T00:00:58: [GIN-debug] POST   /revoke                   --> github.com/amoylab/unla/internal/core.(*Server).handleOAuthRevoke-fm (6 handlers)
2025-10-17T00:00:58: 2025-10-16 16:00:58	info	core/server.go:319	Updating MCP configuration
2025-10-17T00:00:58: 2025-10-16 16:00:58	info	core/server.go:333	loading all MCP configurations	{"count": 3}
2025-10-17T00:00:58: 2025-10-16 16:00:58	info	core/server.go:371	initializing server state
2025-10-17T00:00:58: 2025-10-16 16:00:58	warn	state/state.go:144	failed to find prefix for mcp server	{"server": "playwright"}
2025-10-17T00:00:58: 2025-10-16 16:00:58	info	state/state.go:81	registered router	{"tenant": "default", "prefix": "/gateway/ntcx", "server": "server-test"}
2025-10-17T00:00:58: 2025-10-16 16:00:58	warn	state/state.go:144	failed to find prefix for mcp server	{"server": "vchart-mcp-server"}
2025-10-17T00:00:58: 2025-10-16 16:00:58	info	core/server.go:379	server configuration loaded	{"server_count": 1, "tool_count": 1, "router_count": 1}
2025-10-17T00:00:58: [GIN-debug] [WARNING] You trusted all proxies, this is NOT safe. We recommend you to set a value.
2025-10-17T00:00:58: Please check https://pkg.go.dev/github.com/gin-gonic/gin#readme-don-t-trust-all-proxies for details.
2025-10-17T00:00:58: [GIN-debug] Listening and serving HTTP on :5235
2025-10-17T00:10:58: 2025-10-16 16:10:58	info	mcp-gateway/main.go:243	Received ticker signal	{"reload_switch": true}
2025-10-17T00:10:58: 2025-10-16 16:10:58	info	core/server.go:389	Reloading MCP configuration
2025-10-17T00:10:58: 2025-10-16 16:10:58	info	core/server.go:319	Updating MCP configuration
2025-10-17T00:10:58: 2025-10-16 16:10:58	info	core/server.go:343	no updated MCP configurations found, skipping update
2025-10-17T00:10:58: 2025-10-16 16:10:58	info	core/server.go:405	Configuration reloaded successfully
2025-10-17T00:20:58: 2025-10-16 16:20:58	info	mcp-gateway/main.go:243	Received ticker signal	{"reload_switch": true}
2025-10-17T00:20:58: 2025-10-16 16:20:58	info	core/server.go:389	Reloading MCP configuration
2025-10-17T00:20:58: 2025-10-16 16:20:58	info	core/server.go:319	Updating MCP configuration
2025-10-17T00:20:58: 2025-10-16 16:20:58	info	core/server.go:343	no updated MCP configurations found, skipping update
2025-10-17T00:20:58: 2025-10-16 16:20:58	info	core/server.go:405	Configuration reloaded successfully
2025-10-17T00:30:58: 2025-10-16 16:30:58	info	mcp-gateway/main.go:243	Received ticker signal	{"reload_switch": true}
2025-10-17T00:30:58: 2025-10-16 16:30:58	info	core/server.go:389	Reloading MCP configuration
2025-10-17T00:30:58: 2025-10-16 16:30:58	info	core/server.go:319	Updating MCP configuration
2025-10-17T00:30:58: 2025-10-16 16:30:58	info	core/server.go:343	no updated MCP configurations found, skipping update
2025-10-17T00:30:58: 2025-10-16 16:30:58	info	core/server.go:405	Configuration reloaded successfully
2025-10-17T00:40:58: 2025-10-16 16:40:58	info	mcp-gateway/main.go:243	Received ticker signal	{"reload_switch": true}
2025-10-17T00:40:58: 2025-10-16 16:40:58	info	core/server.go:389	Reloading MCP configuration
2025-10-17T00:40:58: 2025-10-16 16:40:58	info	core/server.go:319	Updating MCP configuration
2025-10-17T00:40:58: 2025-10-16 16:40:58	info	core/server.go:343	no updated MCP configurations found, skipping update
2025-10-17T00:40:58: 2025-10-16 16:40:58	info	core/server.go:405	Configuration reloaded successfully
2025-10-17T00:50:58: 2025-10-16 16:50:58	info	mcp-gateway/main.go:243	Received ticker signal	{"reload_switch": true}
2025-10-17T00:50:58: 2025-10-16 16:50:58	info	core/server.go:389	Reloading MCP configuration
2025-10-17T00:50:58: 2025-10-16 16:50:58	info	core/server.go:319	Updating MCP configuration
2025-10-17T00:50:58: 2025-10-16 16:50:58	info	core/server.go:343	no updated MCP configurations found, skipping update
2025-10-17T00:50:58: 2025-10-16 16:50:58	info	core/server.go:405	Configuration reloaded successfully
2025-10-17T01:00:58: 2025-10-16 17:00:58	info	mcp-gateway/main.go:243	Received ticker signal	{"reload_switch": true}
2025-10-17T01:00:58: 2025-10-16 17:00:58	info	core/server.go:389	Reloading MCP configuration
2025-10-17T01:00:58: 2025-10-16 17:00:58	info	core/server.go:319	Updating MCP configuration
2025-10-17T01:00:58: 2025-10-16 17:00:58	info	core/server.go:343	no updated MCP configurations found, skipping update
2025-10-17T01:00:58: 2025-10-16 17:00:58	info	core/server.go:405	Configuration reloaded successfully
2025-10-17T01:10:58: 2025-10-16 17:10:58	info	mcp-gateway/main.go:243	Received ticker signal	{"reload_switch": true}
2025-10-17T01:10:58: 2025-10-16 17:10:58	info	core/server.go:389	Reloading MCP configuration
2025-10-17T01:10:58: 2025-10-16 17:10:58	info	core/server.go:319	Updating MCP configuration
2025-10-17T01:10:58: 2025-10-16 17:10:58	info	core/server.go:343	no updated MCP configurations found, skipping update
2025-10-17T01:10:58: 2025-10-16 17:10:58	info	core/server.go:405	Configuration reloaded successfully
2025-10-17T01:20:58: 2025-10-16 17:20:58	info	mcp-gateway/main.go:243	Received ticker signal	{"reload_switch": true}
2025-10-17T01:20:58: 2025-10-16 17:20:58	info	core/server.go:389	Reloading MCP configuration
2025-10-17T01:20:58: 2025-10-16 17:20:58	info	core/server.go:319	Updating MCP configuration
2025-10-17T01:20:58: 2025-10-16 17:20:58	info	core/server.go:343	no updated MCP configurations found, skipping update
2025-10-17T01:20:58: 2025-10-16 17:20:58	info	core/server.go:405	Configuration reloaded successfully
2025-10-17T01:30:58: 2025-10-16 17:30:58	info	mcp-gateway/main.go:243	Received ticker signal	{"reload_switch": true}
2025-10-17T01:30:58: 2025-10-16 17:30:58	info	core/server.go:389	Reloading MCP configuration
2025-10-17T01:30:58: 2025-10-16 17:30:58	info	core/server.go:319	Updating MCP configuration
2025-10-17T01:30:58: 2025-10-16 17:30:58	info	core/server.go:343	no updated MCP configurations found, skipping update
2025-10-17T01:30:58: 2025-10-16 17:30:58	info	core/server.go:405	Configuration reloaded successfully
2025-10-17T01:40:58: 2025-10-16 17:40:58	info	mcp-gateway/main.go:243	Received ticker signal	{"reload_switch": true}
2025-10-17T01:40:58: 2025-10-16 17:40:58	info	core/server.go:389	Reloading MCP configuration
2025-10-17T01:40:58: 2025-10-16 17:40:58	info	core/server.go:319	Updating MCP configuration
2025-10-17T01:40:58: 2025-10-16 17:40:58	info	core/server.go:343	no updated MCP configurations found, skipping update
2025-10-17T01:40:58: 2025-10-16 17:40:58	info	core/server.go:405	Configuration reloaded successfully
2025-10-17T01:50:58: 2025-10-16 17:50:58	info	mcp-gateway/main.go:243	Received ticker signal	{"reload_switch": true}
2025-10-17T01:50:58: 2025-10-16 17:50:58	info	core/server.go:389	Reloading MCP configuration
2025-10-17T01:50:58: 2025-10-16 17:50:58	info	core/server.go:319	Updating MCP configuration
2025-10-17T01:50:58: 2025-10-16 17:50:58	info	core/server.go:343	no updated MCP configurations found, skipping update
2025-10-17T01:50:58: 2025-10-16 17:50:58	info	core/server.go:405	Configuration reloaded successfully
2025-10-17T02:00:58: 2025-10-16 18:00:58	info	mcp-gateway/main.go:243	Received ticker signal	{"reload_switch": true}
2025-10-17T02:00:58: 2025-10-16 18:00:58	info	core/server.go:389	Reloading MCP configuration
2025-10-17T02:00:58: 2025-10-16 18:00:58	info	core/server.go:319	Updating MCP configuration
2025-10-17T02:00:58: 2025-10-16 18:00:58	info	core/server.go:343	no updated MCP configurations found, skipping update
2025-10-17T02:00:58: 2025-10-16 18:00:58	info	core/server.go:405	Configuration reloaded successfully
2025-10-17T02:10:58: 2025-10-16 18:10:58	info	mcp-gateway/main.go:243	Received ticker signal	{"reload_switch": true}
2025-10-17T02:10:58: 2025-10-16 18:10:58	info	core/server.go:389	Reloading MCP configuration
2025-10-17T02:10:58: 2025-10-16 18:10:58	info	core/server.go:319	Updating MCP configuration
2025-10-17T02:10:58: 2025-10-16 18:10:58	info	core/server.go:343	no updated MCP configurations found, skipping update
2025-10-17T02:10:58: 2025-10-16 18:10:58	info	core/server.go:405	Configuration reloaded successfully
2025-10-17T02:20:58: 2025-10-16 18:20:58	info	mcp-gateway/main.go:243	Received ticker signal	{"reload_switch": true}
2025-10-17T02:20:58: 2025-10-16 18:20:58	info	core/server.go:389	Reloading MCP configuration
2025-10-17T02:20:58: 2025-10-16 18:20:58	info	core/server.go:319	Updating MCP configuration
2025-10-17T02:20:58: 2025-10-16 18:20:58	info	core/server.go:343	no updated MCP configurations found, skipping update
2025-10-17T02:20:58: 2025-10-16 18:20:58	info	core/server.go:405	Configuration reloaded successfully
2025-10-17T02:30:58: 2025-10-16 18:30:58	info	mcp-gateway/main.go:243	Received ticker signal	{"reload_switch": true}
2025-10-17T02:30:58: 2025-10-16 18:30:58	info	core/server.go:389	Reloading MCP configuration
2025-10-17T02:30:58: 2025-10-16 18:30:58	info	core/server.go:319	Updating MCP configuration
2025-10-17T02:30:58: 2025-10-16 18:30:58	info	core/server.go:343	no updated MCP configurations found, skipping update
2025-10-17T02:30:58: 2025-10-16 18:30:58	info	core/server.go:405	Configuration reloaded successfully
2025-10-17T02:40:58: 2025-10-16 18:40:58	info	mcp-gateway/main.go:243	Received ticker signal	{"reload_switch": true}
2025-10-17T02:40:58: 2025-10-16 18:40:58	info	core/server.go:389	Reloading MCP configuration
2025-10-17T02:40:58: 2025-10-16 18:40:58	info	core/server.go:319	Updating MCP configuration
2025-10-17T02:40:58: 2025-10-16 18:40:58	info	core/server.go:343	no updated MCP configurations found, skipping update
2025-10-17T02:40:58: 2025-10-16 18:40:58	info	core/server.go:405	Configuration reloaded successfully
2025-10-17T02:50:58: 2025-10-16 18:50:58	info	mcp-gateway/main.go:243	Received ticker signal	{"reload_switch": true}
2025-10-17T02:50:58: 2025-10-16 18:50:58	info	core/server.go:389	Reloading MCP configuration
2025-10-17T02:50:58: 2025-10-16 18:50:58	info	core/server.go:319	Updating MCP configuration
2025-10-17T02:50:58: 2025-10-16 18:50:58	info	core/server.go:343	no updated MCP configurations found, skipping update
2025-10-17T02:50:58: 2025-10-16 18:50:58	info	core/server.go:405	Configuration reloaded successfully
2025-10-17T03:00:58: 2025-10-16 19:00:58	info	mcp-gateway/main.go:243	Received ticker signal	{"reload_switch": true}
2025-10-17T03:00:58: 2025-10-16 19:00:58	info	core/server.go:389	Reloading MCP configuration
2025-10-17T03:00:58: 2025-10-16 19:00:58	info	core/server.go:319	Updating MCP configuration
2025-10-17T03:00:58: 2025-10-16 19:00:58	info	core/server.go:343	no updated MCP configurations found, skipping update
2025-10-17T03:00:58: 2025-10-16 19:00:58	info	core/server.go:405	Configuration reloaded successfully
2025-10-17T03:10:58: 2025-10-16 19:10:58	info	mcp-gateway/main.go:243	Received ticker signal	{"reload_switch": true}
2025-10-17T03:10:58: 2025-10-16 19:10:58	info	core/server.go:389	Reloading MCP configuration
2025-10-17T03:10:58: 2025-10-16 19:10:58	info	core/server.go:319	Updating MCP configuration
2025-10-17T03:10:58: 2025-10-16 19:10:58	info	core/server.go:343	no updated MCP configurations found, skipping update
2025-10-17T03:10:58: 2025-10-16 19:10:58	info	core/server.go:405	Configuration reloaded successfully
2025-10-17T03:20:58: 2025-10-16 19:20:58	info	mcp-gateway/main.go:243	Received ticker signal	{"reload_switch": true}
2025-10-17T03:20:58: 2025-10-16 19:20:58	info	core/server.go:389	Reloading MCP configuration
2025-10-17T03:20:58: 2025-10-16 19:20:58	info	core/server.go:319	Updating MCP configuration
2025-10-17T03:20:58: 2025-10-16 19:20:58	info	core/server.go:343	no updated MCP configurations found, skipping update
2025-10-17T03:20:58: 2025-10-16 19:20:58	info	core/server.go:405	Configuration reloaded successfully
2025-10-17T03:30:58: 2025-10-16 19:30:58	info	mcp-gateway/main.go:243	Received ticker signal	{"reload_switch": true}
2025-10-17T03:30:58: 2025-10-16 19:30:58	info	core/server.go:389	Reloading MCP configuration
2025-10-17T03:30:58: 2025-10-16 19:30:58	info	core/server.go:319	Updating MCP configuration
2025-10-17T03:30:58: 2025-10-16 19:30:58	info	core/server.go:343	no updated MCP configurations found, skipping update
2025-10-17T03:30:58: 2025-10-16 19:30:58	info	core/server.go:405	Configuration reloaded successfully
2025-10-17T03:40:58: 2025-10-16 19:40:58	info	mcp-gateway/main.go:243	Received ticker signal	{"reload_switch": true}
2025-10-17T03:40:58: 2025-10-16 19:40:58	info	core/server.go:389	Reloading MCP configuration
2025-10-17T03:40:58: 2025-10-16 19:40:58	info	core/server.go:319	Updating MCP configuration
2025-10-17T03:40:58: 2025-10-16 19:40:58	info	core/server.go:343	no updated MCP configurations found, skipping update
2025-10-17T03:40:58: 2025-10-16 19:40:58	info	core/server.go:405	Configuration reloaded successfully
2025-10-17T03:50:58: 2025-10-16 19:50:58	info	mcp-gateway/main.go:243	Received ticker signal	{"reload_switch": true}
2025-10-17T03:50:58: 2025-10-16 19:50:58	info	core/server.go:389	Reloading MCP configuration
2025-10-17T03:50:58: 2025-10-16 19:50:58	info	core/server.go:319	Updating MCP configuration
2025-10-17T03:50:58: 2025-10-16 19:50:58	info	core/server.go:343	no updated MCP configurations found, skipping update
2025-10-17T03:50:58: 2025-10-16 19:50:58	info	core/server.go:405	Configuration reloaded successfully
2025-10-17T04:00:58: 2025-10-16 20:00:58	info	mcp-gateway/main.go:243	Received ticker signal	{"reload_switch": true}
2025-10-17T04:00:58: 2025-10-16 20:00:58	info	core/server.go:389	Reloading MCP configuration
2025-10-17T04:00:58: 2025-10-16 20:00:58	info	core/server.go:319	Updating MCP configuration
2025-10-17T04:00:58: 2025-10-16 20:00:58	info	core/server.go:343	no updated MCP configurations found, skipping update
2025-10-17T04:00:58: 2025-10-16 20:00:58	info	core/server.go:405	Configuration reloaded successfully
2025-10-17T04:10:58: 2025-10-16 20:10:58	info	mcp-gateway/main.go:243	Received ticker signal	{"reload_switch": true}
2025-10-17T04:10:58: 2025-10-16 20:10:58	info	core/server.go:389	Reloading MCP configuration
2025-10-17T04:10:58: 2025-10-16 20:10:58	info	core/server.go:319	Updating MCP configuration
2025-10-17T04:10:58: 2025-10-16 20:10:58	info	core/server.go:343	no updated MCP configurations found, skipping update
2025-10-17T04:10:58: 2025-10-16 20:10:58	info	core/server.go:405	Configuration reloaded successfully
2025-10-17T04:20:58: 2025-10-16 20:20:58	info	mcp-gateway/main.go:243	Received ticker signal	{"reload_switch": true}
2025-10-17T04:20:58: 2025-10-16 20:20:58	info	core/server.go:389	Reloading MCP configuration
2025-10-17T04:20:58: 2025-10-16 20:20:58	info	core/server.go:319	Updating MCP configuration
2025-10-17T04:20:58: 2025-10-16 20:20:58	info	core/server.go:343	no updated MCP configurations found, skipping update
2025-10-17T04:20:58: 2025-10-16 20:20:58	info	core/server.go:405	Configuration reloaded successfully
2025-10-17T04:30:58: 2025-10-16 20:30:58	info	mcp-gateway/main.go:243	Received ticker signal	{"reload_switch": true}
2025-10-17T04:30:58: 2025-10-16 20:30:58	info	core/server.go:389	Reloading MCP configuration
2025-10-17T04:30:58: 2025-10-16 20:30:58	info	core/server.go:319	Updating MCP configuration
2025-10-17T04:30:58: 2025-10-16 20:30:58	info	core/server.go:343	no updated MCP configurations found, skipping update
2025-10-17T04:30:58: 2025-10-16 20:30:58	info	core/server.go:405	Configuration reloaded successfully
2025-10-17T04:40:58: 2025-10-16 20:40:58	info	mcp-gateway/main.go:243	Received ticker signal	{"reload_switch": true}
2025-10-17T04:40:58: 2025-10-16 20:40:58	info	core/server.go:389	Reloading MCP configuration
2025-10-17T04:40:58: 2025-10-16 20:40:58	info	core/server.go:319	Updating MCP configuration
2025-10-17T04:40:58: 2025-10-16 20:40:58	info	core/server.go:343	no updated MCP configurations found, skipping update
2025-10-17T04:40:58: 2025-10-16 20:40:58	info	core/server.go:405	Configuration reloaded successfully
2025-10-17T04:50:58: 2025-10-16 20:50:58	info	mcp-gateway/main.go:243	Received ticker signal	{"reload_switch": true}
2025-10-17T04:50:58: 2025-10-16 20:50:58	info	core/server.go:389	Reloading MCP configuration
2025-10-17T04:50:58: 2025-10-16 20:50:58	info	core/server.go:319	Updating MCP configuration
2025-10-17T04:50:58: 2025-10-16 20:50:58	info	core/server.go:343	no updated MCP configurations found, skipping update
2025-10-17T04:50:58: 2025-10-16 20:50:58	info	core/server.go:405	Configuration reloaded successfully
2025-10-17T05:00:58: 2025-10-16 21:00:58	info	mcp-gateway/main.go:243	Received ticker signal	{"reload_switch": true}
2025-10-17T05:00:58: 2025-10-16 21:00:58	info	core/server.go:389	Reloading MCP configuration
2025-10-17T05:00:58: 2025-10-16 21:00:58	info	core/server.go:319	Updating MCP configuration
2025-10-17T05:00:58: 2025-10-16 21:00:58	info	core/server.go:343	no updated MCP configurations found, skipping update
2025-10-17T05:00:58: 2025-10-16 21:00:58	info	core/server.go:405	Configuration reloaded successfully
2025-10-17T05:10:58: 2025-10-16 21:10:58	info	mcp-gateway/main.go:243	Received ticker signal	{"reload_switch": true}
2025-10-17T05:10:58: 2025-10-16 21:10:58	info	core/server.go:389	Reloading MCP configuration
2025-10-17T05:10:58: 2025-10-16 21:10:58	info	core/server.go:319	Updating MCP configuration
2025-10-17T05:10:58: 2025-10-16 21:10:58	info	core/server.go:343	no updated MCP configurations found, skipping update
2025-10-17T05:10:58: 2025-10-16 21:10:58	info	core/server.go:405	Configuration reloaded successfully
2025-10-17T05:20:58: 2025-10-16 21:20:58	info	mcp-gateway/main.go:243	Received ticker signal	{"reload_switch": true}
2025-10-17T05:20:58: 2025-10-16 21:20:58	info	core/server.go:389	Reloading MCP configuration
2025-10-17T05:20:58: 2025-10-16 21:20:58	info	core/server.go:319	Updating MCP configuration
2025-10-17T05:20:58: 2025-10-16 21:20:58	info	core/server.go:343	no updated MCP configurations found, skipping update
2025-10-17T05:20:58: 2025-10-16 21:20:58	info	core/server.go:405	Configuration reloaded successfully
2025-10-17T05:30:58: 2025-10-16 21:30:58	info	mcp-gateway/main.go:243	Received ticker signal	{"reload_switch": true}
2025-10-17T05:30:58: 2025-10-16 21:30:58	info	core/server.go:389	Reloading MCP configuration
2025-10-17T05:30:58: 2025-10-16 21:30:58	info	core/server.go:319	Updating MCP configuration
2025-10-17T05:30:58: 2025-10-16 21:30:58	info	core/server.go:343	no updated MCP configurations found, skipping update
2025-10-17T05:30:58: 2025-10-16 21:30:58	info	core/server.go:405	Configuration reloaded successfully
2025-10-17T05:40:58: 2025-10-16 21:40:58	info	mcp-gateway/main.go:243	Received ticker signal	{"reload_switch": true}
2025-10-17T05:40:58: 2025-10-16 21:40:58	info	core/server.go:389	Reloading MCP configuration
2025-10-17T05:40:58: 2025-10-16 21:40:58	info	core/server.go:319	Updating MCP configuration
2025-10-17T05:40:58: 2025-10-16 21:40:58	info	core/server.go:343	no updated MCP configurations found, skipping update
2025-10-17T05:40:58: 2025-10-16 21:40:58	info	core/server.go:405	Configuration reloaded successfully
2025-10-17T05:50:58: 2025-10-16 21:50:58	info	mcp-gateway/main.go:243	Received ticker signal	{"reload_switch": true}
2025-10-17T05:50:58: 2025-10-16 21:50:58	info	core/server.go:389	Reloading MCP configuration
2025-10-17T05:50:58: 2025-10-16 21:50:58	info	core/server.go:319	Updating MCP configuration
2025-10-17T05:50:58: 2025-10-16 21:50:58	info	core/server.go:343	no updated MCP configurations found, skipping update
2025-10-17T05:50:58: 2025-10-16 21:50:58	info	core/server.go:405	Configuration reloaded successfully
2025-10-17T06:00:58: 2025-10-16 22:00:58	info	mcp-gateway/main.go:243	Received ticker signal	{"reload_switch": true}
2025-10-17T06:00:58: 2025-10-16 22:00:58	info	core/server.go:389	Reloading MCP configuration
2025-10-17T06:00:58: 2025-10-16 22:00:58	info	core/server.go:319	Updating MCP configuration
2025-10-17T06:00:58: 2025-10-16 22:00:58	info	core/server.go:343	no updated MCP configurations found, skipping update
2025-10-17T06:00:58: 2025-10-16 22:00:58	info	core/server.go:405	Configuration reloaded successfully
2025-10-17T06:10:58: 2025-10-16 22:10:58	info	mcp-gateway/main.go:243	Received ticker signal	{"reload_switch": true}
2025-10-17T06:10:58: 2025-10-16 22:10:58	info	core/server.go:389	Reloading MCP configuration
2025-10-17T06:10:58: 2025-10-16 22:10:58	info	core/server.go:319	Updating MCP configuration
2025-10-17T06:10:58: 2025-10-16 22:10:58	info	core/server.go:343	no updated MCP configurations found, skipping update
2025-10-17T06:10:58: 2025-10-16 22:10:58	info	core/server.go:405	Configuration reloaded successfully
2025-10-17T06:20:58: 2025-10-16 22:20:58	info	mcp-gateway/main.go:243	Received ticker signal	{"reload_switch": true}
2025-10-17T06:20:58: 2025-10-16 22:20:58	info	core/server.go:389	Reloading MCP configuration
2025-10-17T06:20:58: 2025-10-16 22:20:58	info	core/server.go:319	Updating MCP configuration
2025-10-17T06:20:58: 2025-10-16 22:20:58	info	core/server.go:343	no updated MCP configurations found, skipping update
2025-10-17T06:20:58: 2025-10-16 22:20:58	info	core/server.go:405	Configuration reloaded successfully
2025-10-17T06:30:58: 2025-10-16 22:30:58	info	mcp-gateway/main.go:243	Received ticker signal	{"reload_switch": true}
2025-10-17T06:30:58: 2025-10-16 22:30:58	info	core/server.go:389	Reloading MCP configuration
2025-10-17T06:30:58: 2025-10-16 22:30:58	info	core/server.go:319	Updating MCP configuration
2025-10-17T06:30:58: 2025-10-16 22:30:58	info	core/server.go:343	no updated MCP configurations found, skipping update
2025-10-17T06:30:58: 2025-10-16 22:30:58	info	core/server.go:405	Configuration reloaded successfully
2025-10-17T06:40:58: 2025-10-16 22:40:58	info	mcp-gateway/main.go:243	Received ticker signal	{"reload_switch": true}
2025-10-17T06:40:58: 2025-10-16 22:40:58	info	core/server.go:389	Reloading MCP configuration
2025-10-17T06:40:58: 2025-10-16 22:40:58	info	core/server.go:319	Updating MCP configuration
2025-10-17T06:40:58: 2025-10-16 22:40:58	info	core/server.go:343	no updated MCP configurations found, skipping update
2025-10-17T06:40:58: 2025-10-16 22:40:58	info	core/server.go:405	Configuration reloaded successfully
2025-10-17T06:50:58: 2025-10-16 22:50:58	info	mcp-gateway/main.go:243	Received ticker signal	{"reload_switch": true}
2025-10-17T06:50:58: 2025-10-16 22:50:58	info	core/server.go:389	Reloading MCP configuration
2025-10-17T06:50:58: 2025-10-16 22:50:58	info	core/server.go:319	Updating MCP configuration
2025-10-17T06:50:58: 2025-10-16 22:50:58	info	core/server.go:343	no updated MCP configurations found, skipping update
2025-10-17T06:50:58: 2025-10-16 22:50:58	info	core/server.go:405	Configuration reloaded successfully
2025-10-17T07:00:58: 2025-10-16 23:00:58	info	mcp-gateway/main.go:243	Received ticker signal	{"reload_switch": true}
2025-10-17T07:00:58: 2025-10-16 23:00:58	info	core/server.go:389	Reloading MCP configuration
2025-10-17T07:00:58: 2025-10-16 23:00:58	info	core/server.go:319	Updating MCP configuration
2025-10-17T07:00:58: 2025-10-16 23:00:58	info	core/server.go:343	no updated MCP configurations found, skipping update
2025-10-17T07:00:58: 2025-10-16 23:00:58	info	core/server.go:405	Configuration reloaded successfully
2025-10-17T07:10:58: 2025-10-16 23:10:58	info	mcp-gateway/main.go:243	Received ticker signal	{"reload_switch": true}
2025-10-17T07:10:58: 2025-10-16 23:10:58	info	core/server.go:389	Reloading MCP configuration
2025-10-17T07:10:58: 2025-10-16 23:10:58	info	core/server.go:319	Updating MCP configuration
2025-10-17T07:10:58: 2025-10-16 23:10:58	info	core/server.go:343	no updated MCP configurations found, skipping update
2025-10-17T07:10:58: 2025-10-16 23:10:58	info	core/server.go:405	Configuration reloaded successfully
2025-10-17T07:20:58: 2025-10-16 23:20:58	info	mcp-gateway/main.go:243	Received ticker signal	{"reload_switch": true}
2025-10-17T07:20:58: 2025-10-16 23:20:58	info	core/server.go:389	Reloading MCP configuration
2025-10-17T07:20:58: 2025-10-16 23:20:58	info	core/server.go:319	Updating MCP configuration
2025-10-17T07:20:58: 2025-10-16 23:20:58	info	core/server.go:343	no updated MCP configurations found, skipping update
2025-10-17T07:20:58: 2025-10-16 23:20:58	info	core/server.go:405	Configuration reloaded successfully
2025-10-17T07:30:58: 2025-10-16 23:30:58	info	mcp-gateway/main.go:243	Received ticker signal	{"reload_switch": true}
2025-10-17T07:30:58: 2025-10-16 23:30:58	info	core/server.go:389	Reloading MCP configuration
2025-10-17T07:30:58: 2025-10-16 23:30:58	info	core/server.go:319	Updating MCP configuration
2025-10-17T07:30:58: 2025-10-16 23:30:58	info	core/server.go:343	no updated MCP configurations found, skipping update
2025-10-17T07:30:58: 2025-10-16 23:30:58	info	core/server.go:405	Configuration reloaded successfully
2025-10-17T07:40:58: 2025-10-16 23:40:58	info	mcp-gateway/main.go:243	Received ticker signal	{"reload_switch": true}
2025-10-17T07:40:58: 2025-10-16 23:40:58	info	core/server.go:389	Reloading MCP configuration
2025-10-17T07:40:58: 2025-10-16 23:40:58	info	core/server.go:319	Updating MCP configuration
2025-10-17T07:40:58: 2025-10-16 23:40:58	info	core/server.go:343	no updated MCP configurations found, skipping update
2025-10-17T07:40:58: 2025-10-16 23:40:58	info	core/server.go:405	Configuration reloaded successfully
2025-10-17T07:50:58: 2025-10-16 23:50:58	info	mcp-gateway/main.go:243	Received ticker signal	{"reload_switch": true}
2025-10-17T07:50:58: 2025-10-16 23:50:58	info	core/server.go:389	Reloading MCP configuration
2025-10-17T07:50:58: 2025-10-16 23:50:58	info	core/server.go:319	Updating MCP configuration
2025-10-17T07:50:58: 2025-10-16 23:50:58	info	core/server.go:343	no updated MCP configurations found, skipping update
2025-10-17T07:50:58: 2025-10-16 23:50:58	info	core/server.go:405	Configuration reloaded successfully
2025-10-17T08:00:58: 2025-10-17 00:00:58	info	mcp-gateway/main.go:243	Received ticker signal	{"reload_switch": true}
2025-10-17T08:00:58: 2025-10-17 00:00:58	info	core/server.go:389	Reloading MCP configuration
2025-10-17T08:00:58: 2025-10-17 00:00:58	info	core/server.go:319	Updating MCP configuration
2025-10-17T08:00:58: 2025-10-17 00:00:58	info	core/server.go:343	no updated MCP configurations found, skipping update
2025-10-17T08:00:58: 2025-10-17 00:00:58	info	core/server.go:405	Configuration reloaded successfully
2025-10-17T08:10:58: 2025-10-17 00:10:58	info	mcp-gateway/main.go:243	Received ticker signal	{"reload_switch": true}
2025-10-17T08:10:58: 2025-10-17 00:10:58	info	core/server.go:389	Reloading MCP configuration
2025-10-17T08:10:58: 2025-10-17 00:10:58	info	core/server.go:319	Updating MCP configuration
2025-10-17T08:10:58: 2025-10-17 00:10:58	info	core/server.go:343	no updated MCP configurations found, skipping update
2025-10-17T08:10:58: 2025-10-17 00:10:58	info	core/server.go:405	Configuration reloaded successfully
2025-10-17T08:20:58: 2025-10-17 00:20:58	info	mcp-gateway/main.go:243	Received ticker signal	{"reload_switch": true}
2025-10-17T08:20:58: 2025-10-17 00:20:58	info	core/server.go:389	Reloading MCP configuration
2025-10-17T08:20:58: 2025-10-17 00:20:58	info	core/server.go:319	Updating MCP configuration
2025-10-17T08:20:58: 2025-10-17 00:20:58	info	core/server.go:343	no updated MCP configurations found, skipping update
2025-10-17T08:20:58: 2025-10-17 00:20:58	info	core/server.go:405	Configuration reloaded successfully
2025-10-17T08:58:35: 2025-10-17 00:58:35	info	mcp-gateway/main.go:218	Received shutdown signal, starting graceful shutdown
2025-10-17T08:58:35: 2025-10-17 00:58:35	info	core/server.go:290	shutting down server
2025-10-17T08:58:35: 2025-10-17 00:58:35	info	mcp-gateway/main.go:229	MCP server shutdown completed successfully
2025-10-17T08:58:35: 2025-10-17 00:58:35	info	notifier.signal	notifier/signal.go:61	Signal handler stopped
2025-10-17T08:58:35: 2025-10-17 00:58:35	info	mcp-gateway/main.go:143	Loaded configuration	{"path": "/Users/wxn/Desktop/NextAgentLite/services/configs/unla-configs/mcp-gateway.yaml"}
2025-10-17T08:58:35: 2025-10-17 00:58:35	info	mcp-gateway/main.go:159	Starting mcp-gateway	{"version": "v0.8.6"}
2025-10-17T08:58:35: 2025-10-17 00:58:35	info	storage/factory.go:13	Initializing storage	{"type": "db"}
2025-10-17T08:58:35: 2025-10-17 00:58:35	info	session/factory.go:23	Initializing session store	{"type": "memory"}
2025-10-17T08:58:35: 2025-10-17 00:58:35	info	storage/factory.go:13	Initializing auth storage	{"type": "memory"}
2025-10-17T08:58:35: [GIN-debug] [WARNING] Creating an Engine instance with the Logger and Recovery middleware already attached.
2025-10-17T08:58:35: 
2025-10-17T08:58:35: [GIN-debug] [WARNING] Running in "debug" mode. Switch to "release" mode in production.
2025-10-17T08:58:35:  - using env:	export GIN_MODE=release
2025-10-17T08:58:35:  - using code:	gin.SetMode(gin.ReleaseMode)
2025-10-17T08:58:35: 
2025-10-17T08:58:35: [GIN-debug] Loaded HTML Templates (2): 
2025-10-17T08:58:35: 	- 
2025-10-17T08:58:35: 	- authorize.html
2025-10-17T08:58:35: 
2025-10-17T08:58:35: [GIN-debug] GET    /static/*filepath         --> github.com/gin-gonic/gin.(*RouterGroup).createStaticHandler.func1 (3 handlers)
2025-10-17T08:58:35: [GIN-debug] HEAD   /static/*filepath         --> github.com/gin-gonic/gin.(*RouterGroup).createStaticHandler.func1 (3 handlers)
2025-10-17T08:58:35: [GIN-debug] GET    /health_check             --> github.com/amoylab/unla/internal/core.(*Server).RegisterRoutes.func1 (5 handlers)
2025-10-17T08:58:35: [GIN-debug] OPTIONS /*path                    --> github.com/amoylab/unla/internal/core.(*Server).RegisterRoutes.(*Server).corsMiddleware.func2 (5 handlers)
2025-10-17T08:58:35: [GIN-debug] GET    /.well-known/oauth-authorization-server --> github.com/amoylab/unla/internal/core.(*Server).handleOAuthServerMetadata-fm (6 handlers)
2025-10-17T08:58:35: [GIN-debug] GET    /authorize                --> github.com/amoylab/unla/internal/core.(*Server).handleOAuthAuthorize-fm (6 handlers)
2025-10-17T08:58:35: [GIN-debug] POST   /authorize                --> github.com/amoylab/unla/internal/core.(*Server).handleOAuthAuthorize-fm (6 handlers)
2025-10-17T08:58:35: [GIN-debug] POST   /token                    --> github.com/amoylab/unla/internal/core.(*Server).handleOAuthToken-fm (6 handlers)
2025-10-17T08:58:35: [GIN-debug] POST   /register                 --> github.com/amoylab/unla/internal/core.(*Server).handleOAuthRegister-fm (6 handlers)
2025-10-17T08:58:35: [GIN-debug] POST   /revoke                   --> github.com/amoylab/unla/internal/core.(*Server).handleOAuthRevoke-fm (6 handlers)
2025-10-17T08:58:35: 2025-10-17 00:58:35	info	core/server.go:319	Updating MCP configuration
2025-10-17T08:58:35: 2025-10-17 00:58:35	info	core/server.go:333	loading all MCP configurations	{"count": 3}
2025-10-17T08:58:35: 2025-10-17 00:58:35	info	core/server.go:371	initializing server state
2025-10-17T08:58:35: 2025-10-17 00:58:35	warn	state/state.go:144	failed to find prefix for mcp server	{"server": "playwright"}
2025-10-17T08:58:35: 2025-10-17 00:58:35	info	state/state.go:81	registered router	{"tenant": "default", "prefix": "/gateway/ntcx", "server": "server-test"}
2025-10-17T08:58:35: 2025-10-17 00:58:35	warn	state/state.go:144	failed to find prefix for mcp server	{"server": "vchart-mcp-server"}
2025-10-17T08:58:35: 2025-10-17 00:58:35	info	core/server.go:379	server configuration loaded	{"server_count": 1, "tool_count": 1, "router_count": 1}
2025-10-17T08:58:35: [GIN-debug] [WARNING] You trusted all proxies, this is NOT safe. We recommend you to set a value.
2025-10-17T08:58:35: Please check https://pkg.go.dev/github.com/gin-gonic/gin#readme-don-t-trust-all-proxies for details.
2025-10-17T08:58:35: [GIN-debug] Listening and serving HTTP on :5235
2025-10-17T09:08:35: 2025-10-17 01:08:35	info	mcp-gateway/main.go:243	Received ticker signal	{"reload_switch": true}
2025-10-17T09:08:35: 2025-10-17 01:08:35	info	core/server.go:389	Reloading MCP configuration
2025-10-17T09:08:35: 2025-10-17 01:08:35	info	core/server.go:319	Updating MCP configuration
2025-10-17T09:08:35: 2025-10-17 01:08:35	info	core/server.go:343	no updated MCP configurations found, skipping update
2025-10-17T09:08:35: 2025-10-17 01:08:35	info	core/server.go:405	Configuration reloaded successfully
2025-10-17T09:10:22: 2025-10-17 01:10:22	info	mcp-gateway/main.go:218	Received shutdown signal, starting graceful shutdown
2025-10-17T09:10:22: 2025-10-17 01:10:22	info	core/server.go:290	shutting down server
2025-10-17T09:10:22: 2025-10-17 01:10:22	info	mcp-gateway/main.go:229	MCP server shutdown completed successfully
2025-10-17T09:10:22: 2025-10-17 01:10:22	info	notifier.signal	notifier/signal.go:61	Signal handler stopped
2025-10-17T09:10:22: 2025-10-17 01:10:22	info	mcp-gateway/main.go:143	Loaded configuration	{"path": "/Users/wxn/Desktop/NextAgentLite/services/configs/unla-configs/mcp-gateway.yaml"}
2025-10-17T09:10:22: 2025-10-17 01:10:22	info	mcp-gateway/main.go:159	Starting mcp-gateway	{"version": "v0.8.6"}
2025-10-17T09:10:22: 2025-10-17 01:10:22	info	storage/factory.go:13	Initializing storage	{"type": "db"}
2025-10-17T09:10:22: 2025-10-17 01:10:22	info	session/factory.go:23	Initializing session store	{"type": "memory"}
2025-10-17T09:10:22: 2025-10-17 01:10:22	info	storage/factory.go:13	Initializing auth storage	{"type": "memory"}
2025-10-17T09:10:22: [GIN-debug] [WARNING] Creating an Engine instance with the Logger and Recovery middleware already attached.
2025-10-17T09:10:22: 
2025-10-17T09:10:22: [GIN-debug] [WARNING] Running in "debug" mode. Switch to "release" mode in production.
2025-10-17T09:10:22:  - using env:	export GIN_MODE=release
2025-10-17T09:10:22:  - using code:	gin.SetMode(gin.ReleaseMode)
2025-10-17T09:10:22: 
2025-10-17T09:10:22: [GIN-debug] Loaded HTML Templates (2): 
2025-10-17T09:10:22: 	- 
2025-10-17T09:10:22: 	- authorize.html
2025-10-17T09:10:22: 
2025-10-17T09:10:22: [GIN-debug] GET    /static/*filepath         --> github.com/gin-gonic/gin.(*RouterGroup).createStaticHandler.func1 (3 handlers)
2025-10-17T09:10:22: [GIN-debug] HEAD   /static/*filepath         --> github.com/gin-gonic/gin.(*RouterGroup).createStaticHandler.func1 (3 handlers)
2025-10-17T09:10:22: [GIN-debug] GET    /health_check             --> github.com/amoylab/unla/internal/core.(*Server).RegisterRoutes.func1 (5 handlers)
2025-10-17T09:10:22: [GIN-debug] OPTIONS /*path                    --> github.com/amoylab/unla/internal/core.(*Server).RegisterRoutes.(*Server).corsMiddleware.func2 (5 handlers)
2025-10-17T09:10:22: [GIN-debug] GET    /.well-known/oauth-authorization-server --> github.com/amoylab/unla/internal/core.(*Server).handleOAuthServerMetadata-fm (6 handlers)
2025-10-17T09:10:22: [GIN-debug] GET    /authorize                --> github.com/amoylab/unla/internal/core.(*Server).handleOAuthAuthorize-fm (6 handlers)
2025-10-17T09:10:22: [GIN-debug] POST   /authorize                --> github.com/amoylab/unla/internal/core.(*Server).handleOAuthAuthorize-fm (6 handlers)
2025-10-17T09:10:22: [GIN-debug] POST   /token                    --> github.com/amoylab/unla/internal/core.(*Server).handleOAuthToken-fm (6 handlers)
2025-10-17T09:10:22: [GIN-debug] POST   /register                 --> github.com/amoylab/unla/internal/core.(*Server).handleOAuthRegister-fm (6 handlers)
2025-10-17T09:10:22: [GIN-debug] POST   /revoke                   --> github.com/amoylab/unla/internal/core.(*Server).handleOAuthRevoke-fm (6 handlers)
2025-10-17T09:10:22: 2025-10-17 01:10:22	info	core/server.go:319	Updating MCP configuration
2025-10-17T09:10:22: 2025-10-17 01:10:22	info	core/server.go:333	loading all MCP configurations	{"count": 3}
2025-10-17T09:10:22: 2025-10-17 01:10:22	info	core/server.go:371	initializing server state
2025-10-17T09:10:22: 2025-10-17 01:10:22	warn	state/state.go:144	failed to find prefix for mcp server	{"server": "playwright"}
2025-10-17T09:10:22: 2025-10-17 01:10:22	info	state/state.go:81	registered router	{"tenant": "default", "prefix": "/gateway/ntcx", "server": "server-test"}
2025-10-17T09:10:22: 2025-10-17 01:10:22	warn	state/state.go:144	failed to find prefix for mcp server	{"server": "vchart-mcp-server"}
2025-10-17T09:10:22: 2025-10-17 01:10:22	info	core/server.go:379	server configuration loaded	{"server_count": 1, "tool_count": 1, "router_count": 1}
2025-10-17T09:10:22: [GIN-debug] [WARNING] You trusted all proxies, this is NOT safe. We recommend you to set a value.
2025-10-17T09:10:22: Please check https://pkg.go.dev/github.com/gin-gonic/gin#readme-don-t-trust-all-proxies for details.
2025-10-17T09:10:22: [GIN-debug] Listening and serving HTTP on :5235
2025-10-17T09:20:22: 2025-10-17 01:20:22	info	mcp-gateway/main.go:243	Received ticker signal	{"reload_switch": true}
2025-10-17T09:20:22: 2025-10-17 01:20:22	info	core/server.go:389	Reloading MCP configuration
2025-10-17T09:20:22: 2025-10-17 01:20:22	info	core/server.go:319	Updating MCP configuration
2025-10-17T09:20:22: 2025-10-17 01:20:22	info	core/server.go:343	no updated MCP configurations found, skipping update
2025-10-17T09:20:22: 2025-10-17 01:20:22	info	core/server.go:405	Configuration reloaded successfully
2025-10-17T09:30:22: 2025-10-17 01:30:22	info	mcp-gateway/main.go:243	Received ticker signal	{"reload_switch": true}
2025-10-17T09:30:22: 2025-10-17 01:30:22	info	core/server.go:389	Reloading MCP configuration
2025-10-17T09:30:22: 2025-10-17 01:30:22	info	core/server.go:319	Updating MCP configuration
2025-10-17T09:30:22: 2025-10-17 01:30:22	info	core/server.go:343	no updated MCP configurations found, skipping update
2025-10-17T09:30:22: 2025-10-17 01:30:22	info	core/server.go:405	Configuration reloaded successfully
2025-10-17T09:40:22: 2025-10-17 01:40:22	info	mcp-gateway/main.go:243	Received ticker signal	{"reload_switch": true}
2025-10-17T09:40:22: 2025-10-17 01:40:22	info	core/server.go:389	Reloading MCP configuration
2025-10-17T09:40:22: 2025-10-17 01:40:22	info	core/server.go:319	Updating MCP configuration
2025-10-17T09:40:22: 2025-10-17 01:40:22	info	core/server.go:343	no updated MCP configurations found, skipping update
2025-10-17T09:40:22: 2025-10-17 01:40:22	info	core/server.go:405	Configuration reloaded successfully
2025-10-17T09:50:22: 2025-10-17 01:50:22	info	mcp-gateway/main.go:243	Received ticker signal	{"reload_switch": true}
2025-10-17T09:50:22: 2025-10-17 01:50:22	info	core/server.go:389	Reloading MCP configuration
2025-10-17T09:50:22: 2025-10-17 01:50:22	info	core/server.go:319	Updating MCP configuration
2025-10-17T09:50:22: 2025-10-17 01:50:22	info	core/server.go:343	no updated MCP configurations found, skipping update
2025-10-17T09:50:22: 2025-10-17 01:50:22	info	core/server.go:405	Configuration reloaded successfully
2025-10-17T10:00:22: 2025-10-17 02:00:22	info	mcp-gateway/main.go:243	Received ticker signal	{"reload_switch": true}
2025-10-17T10:00:22: 2025-10-17 02:00:22	info	core/server.go:389	Reloading MCP configuration
2025-10-17T10:00:22: 2025-10-17 02:00:22	info	core/server.go:319	Updating MCP configuration
2025-10-17T10:00:22: 2025-10-17 02:00:22	info	core/server.go:343	no updated MCP configurations found, skipping update
2025-10-17T10:00:22: 2025-10-17 02:00:22	info	core/server.go:405	Configuration reloaded successfully
2025-10-17T10:10:22: 2025-10-17 02:10:22	info	mcp-gateway/main.go:243	Received ticker signal	{"reload_switch": true}
2025-10-17T10:10:22: 2025-10-17 02:10:22	info	core/server.go:389	Reloading MCP configuration
2025-10-17T10:10:22: 2025-10-17 02:10:22	info	core/server.go:319	Updating MCP configuration
2025-10-17T10:10:22: 2025-10-17 02:10:22	info	core/server.go:343	no updated MCP configurations found, skipping update
2025-10-17T10:10:22: 2025-10-17 02:10:22	info	core/server.go:405	Configuration reloaded successfully
2025-10-17T10:20:22: 2025-10-17 02:20:22	info	mcp-gateway/main.go:243	Received ticker signal	{"reload_switch": true}
2025-10-17T10:20:22: 2025-10-17 02:20:22	info	core/server.go:389	Reloading MCP configuration
2025-10-17T10:20:22: 2025-10-17 02:20:22	info	core/server.go:319	Updating MCP configuration
2025-10-17T10:20:22: 2025-10-17 02:20:22	info	core/server.go:343	no updated MCP configurations found, skipping update
2025-10-17T10:20:22: 2025-10-17 02:20:22	info	core/server.go:405	Configuration reloaded successfully
2025-10-17T10:30:22: 2025-10-17 02:30:22	info	mcp-gateway/main.go:243	Received ticker signal	{"reload_switch": true}
2025-10-17T10:30:22: 2025-10-17 02:30:22	info	core/server.go:389	Reloading MCP configuration
2025-10-17T10:30:22: 2025-10-17 02:30:22	info	core/server.go:319	Updating MCP configuration
2025-10-17T10:30:22: 2025-10-17 02:30:22	info	core/server.go:343	no updated MCP configurations found, skipping update
2025-10-17T10:30:22: 2025-10-17 02:30:22	info	core/server.go:405	Configuration reloaded successfully
2025-10-17T10:40:22: 2025-10-17 02:40:22	info	mcp-gateway/main.go:243	Received ticker signal	{"reload_switch": true}
2025-10-17T10:40:22: 2025-10-17 02:40:22	info	core/server.go:389	Reloading MCP configuration
2025-10-17T10:40:22: 2025-10-17 02:40:22	info	core/server.go:319	Updating MCP configuration
2025-10-17T10:40:22: 2025-10-17 02:40:22	info	core/server.go:343	no updated MCP configurations found, skipping update
2025-10-17T10:40:22: 2025-10-17 02:40:22	info	core/server.go:405	Configuration reloaded successfully
2025-10-17T10:50:22: 2025-10-17 02:50:22	info	mcp-gateway/main.go:243	Received ticker signal	{"reload_switch": true}
2025-10-17T10:50:22: 2025-10-17 02:50:22	info	core/server.go:389	Reloading MCP configuration
2025-10-17T10:50:22: 2025-10-17 02:50:22	info	core/server.go:319	Updating MCP configuration
2025-10-17T10:50:22: 2025-10-17 02:50:22	info	core/server.go:343	no updated MCP configurations found, skipping update
2025-10-17T10:50:22: 2025-10-17 02:50:22	info	core/server.go:405	Configuration reloaded successfully
2025-10-17T11:00:22: 2025-10-17 03:00:22	info	mcp-gateway/main.go:243	Received ticker signal	{"reload_switch": true}
2025-10-17T11:00:22: 2025-10-17 03:00:22	info	core/server.go:389	Reloading MCP configuration
2025-10-17T11:00:22: 2025-10-17 03:00:22	info	core/server.go:319	Updating MCP configuration
2025-10-17T11:00:22: 2025-10-17 03:00:22	info	core/server.go:343	no updated MCP configurations found, skipping update
2025-10-17T11:00:22: 2025-10-17 03:00:22	info	core/server.go:405	Configuration reloaded successfully
2025-10-17T11:10:22: 2025-10-17 03:10:22	info	mcp-gateway/main.go:243	Received ticker signal	{"reload_switch": true}
2025-10-17T11:10:22: 2025-10-17 03:10:22	info	core/server.go:389	Reloading MCP configuration
2025-10-17T11:10:22: 2025-10-17 03:10:22	info	core/server.go:319	Updating MCP configuration
2025-10-17T11:10:22: 2025-10-17 03:10:22	info	core/server.go:343	no updated MCP configurations found, skipping update
2025-10-17T11:10:22: 2025-10-17 03:10:22	info	core/server.go:405	Configuration reloaded successfully
2025-10-17T11:11:23: 2025-10-17 03:11:23	info	mcp-gateway/main.go:218	Received shutdown signal, starting graceful shutdown
2025-10-17T11:11:23: 2025-10-17 03:11:23	info	core/server.go:290	shutting down server
2025-10-17T11:11:23: 2025-10-17 03:11:23	info	mcp-gateway/main.go:229	MCP server shutdown completed successfully
2025-10-17T11:11:23: 2025-10-17 03:11:23	info	notifier.signal	notifier/signal.go:61	Signal handler stopped
2025-10-17T11:11:23: 2025-10-17 03:11:23	info	mcp-gateway/main.go:143	Loaded configuration	{"path": "/Users/wxn/Desktop/NextAgentLite/services/configs/unla-configs/mcp-gateway.yaml"}
2025-10-17T11:11:23: 2025-10-17 03:11:23	info	mcp-gateway/main.go:159	Starting mcp-gateway	{"version": "v0.8.6"}
2025-10-17T11:11:23: 2025-10-17 03:11:23	info	storage/factory.go:13	Initializing storage	{"type": "db"}
2025-10-17T11:11:23: 2025-10-17 03:11:23	info	session/factory.go:23	Initializing session store	{"type": "memory"}
2025-10-17T11:11:23: 2025-10-17 03:11:23	info	storage/factory.go:13	Initializing auth storage	{"type": "memory"}
2025-10-17T11:11:23: [GIN-debug] [WARNING] Creating an Engine instance with the Logger and Recovery middleware already attached.
2025-10-17T11:11:23: 
2025-10-17T11:11:23: [GIN-debug] [WARNING] Running in "debug" mode. Switch to "release" mode in production.
2025-10-17T11:11:23:  - using env:	export GIN_MODE=release
2025-10-17T11:11:23:  - using code:	gin.SetMode(gin.ReleaseMode)
2025-10-17T11:11:23: 
2025-10-17T11:11:23: [GIN-debug] Loaded HTML Templates (2): 
2025-10-17T11:11:23: 	- 
2025-10-17T11:11:23: 	- authorize.html
2025-10-17T11:11:23: 
2025-10-17T11:11:23: [GIN-debug] GET    /static/*filepath         --> github.com/gin-gonic/gin.(*RouterGroup).createStaticHandler.func1 (3 handlers)
2025-10-17T11:11:23: [GIN-debug] HEAD   /static/*filepath         --> github.com/gin-gonic/gin.(*RouterGroup).createStaticHandler.func1 (3 handlers)
2025-10-17T11:11:23: [GIN-debug] GET    /health_check             --> github.com/amoylab/unla/internal/core.(*Server).RegisterRoutes.func1 (5 handlers)
2025-10-17T11:11:23: [GIN-debug] OPTIONS /*path                    --> github.com/amoylab/unla/internal/core.(*Server).RegisterRoutes.(*Server).corsMiddleware.func2 (5 handlers)
2025-10-17T11:11:23: [GIN-debug] GET    /.well-known/oauth-authorization-server --> github.com/amoylab/unla/internal/core.(*Server).handleOAuthServerMetadata-fm (6 handlers)
2025-10-17T11:11:23: [GIN-debug] GET    /authorize                --> github.com/amoylab/unla/internal/core.(*Server).handleOAuthAuthorize-fm (6 handlers)
2025-10-17T11:11:23: [GIN-debug] POST   /authorize                --> github.com/amoylab/unla/internal/core.(*Server).handleOAuthAuthorize-fm (6 handlers)
2025-10-17T11:11:23: [GIN-debug] POST   /token                    --> github.com/amoylab/unla/internal/core.(*Server).handleOAuthToken-fm (6 handlers)
2025-10-17T11:11:23: [GIN-debug] POST   /register                 --> github.com/amoylab/unla/internal/core.(*Server).handleOAuthRegister-fm (6 handlers)
2025-10-17T11:11:23: [GIN-debug] POST   /revoke                   --> github.com/amoylab/unla/internal/core.(*Server).handleOAuthRevoke-fm (6 handlers)
2025-10-17T11:11:23: 2025-10-17 03:11:23	info	core/server.go:319	Updating MCP configuration
2025-10-17T11:11:23: 2025-10-17 03:11:23	info	core/server.go:333	loading all MCP configurations	{"count": 3}
2025-10-17T11:11:23: 2025-10-17 03:11:23	info	core/server.go:371	initializing server state
2025-10-17T11:11:23: 2025-10-17 03:11:23	warn	state/state.go:144	failed to find prefix for mcp server	{"server": "playwright"}
2025-10-17T11:11:23: 2025-10-17 03:11:23	info	state/state.go:81	registered router	{"tenant": "default", "prefix": "/gateway/ntcx", "server": "server-test"}
2025-10-17T11:11:23: 2025-10-17 03:11:23	warn	state/state.go:144	failed to find prefix for mcp server	{"server": "vchart-mcp-server"}
2025-10-17T11:11:23: 2025-10-17 03:11:23	info	core/server.go:379	server configuration loaded	{"server_count": 1, "tool_count": 1, "router_count": 1}
2025-10-17T11:11:23: [GIN-debug] [WARNING] You trusted all proxies, this is NOT safe. We recommend you to set a value.
2025-10-17T11:11:23: Please check https://pkg.go.dev/github.com/gin-gonic/gin#readme-don-t-trust-all-proxies for details.
2025-10-17T11:11:23: [GIN-debug] Listening and serving HTTP on :5235
2025-10-17T11:21:23: 2025-10-17 03:21:23	info	mcp-gateway/main.go:243	Received ticker signal	{"reload_switch": true}
2025-10-17T11:21:23: 2025-10-17 03:21:23	info	core/server.go:389	Reloading MCP configuration
2025-10-17T11:21:23: 2025-10-17 03:21:23	info	core/server.go:319	Updating MCP configuration
2025-10-17T11:21:23: 2025-10-17 03:21:23	info	core/server.go:343	no updated MCP configurations found, skipping update
2025-10-17T11:21:23: 2025-10-17 03:21:23	info	core/server.go:405	Configuration reloaded successfully
2025-10-17T11:31:23: 2025-10-17 03:31:23	info	mcp-gateway/main.go:243	Received ticker signal	{"reload_switch": true}
2025-10-17T11:31:23: 2025-10-17 03:31:23	info	core/server.go:389	Reloading MCP configuration
2025-10-17T11:31:23: 2025-10-17 03:31:23	info	core/server.go:319	Updating MCP configuration
2025-10-17T11:31:23: 2025-10-17 03:31:23	info	core/server.go:343	no updated MCP configurations found, skipping update
2025-10-17T11:31:23: 2025-10-17 03:31:23	info	core/server.go:405	Configuration reloaded successfully
2025-10-17T11:41:23: 2025-10-17 03:41:23	info	mcp-gateway/main.go:243	Received ticker signal	{"reload_switch": true}
2025-10-17T11:41:23: 2025-10-17 03:41:23	info	core/server.go:389	Reloading MCP configuration
2025-10-17T11:41:23: 2025-10-17 03:41:23	info	core/server.go:319	Updating MCP configuration
2025-10-17T11:41:23: 2025-10-17 03:41:23	info	core/server.go:343	no updated MCP configurations found, skipping update
2025-10-17T11:41:23: 2025-10-17 03:41:23	info	core/server.go:405	Configuration reloaded successfully
2025-10-17T11:46:46: 2025-10-17 03:46:46	info	mcp-gateway/main.go:218	Received shutdown signal, starting graceful shutdown
2025-10-17T11:46:46: 2025-10-17 03:46:46	info	core/server.go:290	shutting down server
2025-10-17T11:46:46: 2025-10-17 03:46:46	info	mcp-gateway/main.go:229	MCP server shutdown completed successfully
2025-10-17T11:46:46: 2025-10-17 03:46:46	info	notifier.signal	notifier/signal.go:61	Signal handler stopped
2025-10-17T11:46:46: 2025-10-17 03:46:46	info	mcp-gateway/main.go:143	Loaded configuration	{"path": "/Users/wxn/Desktop/NextAgentLite/services/configs/unla-configs/mcp-gateway.yaml"}
2025-10-17T11:46:46: 2025-10-17 03:46:46	info	mcp-gateway/main.go:159	Starting mcp-gateway	{"version": "v0.8.6"}
2025-10-17T11:46:46: 2025-10-17 03:46:46	info	storage/factory.go:13	Initializing storage	{"type": "db"}
2025-10-17T11:46:46: 2025-10-17 03:46:46	info	session/factory.go:23	Initializing session store	{"type": "memory"}
2025-10-17T11:46:46: 2025-10-17 03:46:46	info	storage/factory.go:13	Initializing auth storage	{"type": "memory"}
2025-10-17T11:46:46: [GIN-debug] [WARNING] Creating an Engine instance with the Logger and Recovery middleware already attached.
2025-10-17T11:46:46: 
2025-10-17T11:46:46: [GIN-debug] [WARNING] Running in "debug" mode. Switch to "release" mode in production.
2025-10-17T11:46:46:  - using env:	export GIN_MODE=release
2025-10-17T11:46:46:  - using code:	gin.SetMode(gin.ReleaseMode)
2025-10-17T11:46:46: 
2025-10-17T11:46:46: [GIN-debug] Loaded HTML Templates (2): 
2025-10-17T11:46:46: 	- 
2025-10-17T11:46:46: 	- authorize.html
2025-10-17T11:46:46: 
2025-10-17T11:46:46: [GIN-debug] GET    /static/*filepath         --> github.com/gin-gonic/gin.(*RouterGroup).createStaticHandler.func1 (3 handlers)
2025-10-17T11:46:46: [GIN-debug] HEAD   /static/*filepath         --> github.com/gin-gonic/gin.(*RouterGroup).createStaticHandler.func1 (3 handlers)
2025-10-17T11:46:46: [GIN-debug] GET    /health_check             --> github.com/amoylab/unla/internal/core.(*Server).RegisterRoutes.func1 (5 handlers)
2025-10-17T11:46:46: [GIN-debug] OPTIONS /*path                    --> github.com/amoylab/unla/internal/core.(*Server).RegisterRoutes.(*Server).corsMiddleware.func2 (5 handlers)
2025-10-17T11:46:46: [GIN-debug] GET    /.well-known/oauth-authorization-server --> github.com/amoylab/unla/internal/core.(*Server).handleOAuthServerMetadata-fm (6 handlers)
2025-10-17T11:46:46: [GIN-debug] GET    /authorize                --> github.com/amoylab/unla/internal/core.(*Server).handleOAuthAuthorize-fm (6 handlers)
2025-10-17T11:46:46: [GIN-debug] POST   /authorize                --> github.com/amoylab/unla/internal/core.(*Server).handleOAuthAuthorize-fm (6 handlers)
2025-10-17T11:46:46: [GIN-debug] POST   /token                    --> github.com/amoylab/unla/internal/core.(*Server).handleOAuthToken-fm (6 handlers)
2025-10-17T11:46:46: [GIN-debug] POST   /register                 --> github.com/amoylab/unla/internal/core.(*Server).handleOAuthRegister-fm (6 handlers)
2025-10-17T11:46:46: [GIN-debug] POST   /revoke                   --> github.com/amoylab/unla/internal/core.(*Server).handleOAuthRevoke-fm (6 handlers)
2025-10-17T11:46:46: 2025-10-17 03:46:46	info	core/server.go:319	Updating MCP configuration
2025-10-17T11:46:46: 2025-10-17 03:46:46	info	core/server.go:333	loading all MCP configurations	{"count": 3}
2025-10-17T11:46:46: 2025-10-17 03:46:46	info	core/server.go:371	initializing server state
2025-10-17T11:46:46: 2025-10-17 03:46:46	warn	state/state.go:144	failed to find prefix for mcp server	{"server": "playwright"}
2025-10-17T11:46:46: 2025-10-17 03:46:46	info	state/state.go:81	registered router	{"tenant": "default", "prefix": "/gateway/ntcx", "server": "server-test"}
2025-10-17T11:46:46: 2025-10-17 03:46:46	warn	state/state.go:144	failed to find prefix for mcp server	{"server": "vchart-mcp-server"}
2025-10-17T11:46:46: 2025-10-17 03:46:46	info	core/server.go:379	server configuration loaded	{"server_count": 1, "tool_count": 1, "router_count": 1}
2025-10-17T11:46:46: [GIN-debug] [WARNING] You trusted all proxies, this is NOT safe. We recommend you to set a value.
2025-10-17T11:46:46: Please check https://pkg.go.dev/github.com/gin-gonic/gin#readme-don-t-trust-all-proxies for details.
2025-10-17T11:46:46: [GIN-debug] Listening and serving HTTP on :5235
2025-10-17T11:56:46: 2025-10-17 03:56:46	info	mcp-gateway/main.go:243	Received ticker signal	{"reload_switch": true}
2025-10-17T11:56:46: 2025-10-17 03:56:46	info	core/server.go:389	Reloading MCP configuration
2025-10-17T11:56:46: 2025-10-17 03:56:46	info	core/server.go:319	Updating MCP configuration
2025-10-17T11:56:46: 2025-10-17 03:56:46	info	core/server.go:343	no updated MCP configurations found, skipping update
2025-10-17T11:56:46: 2025-10-17 03:56:46	info	core/server.go:405	Configuration reloaded successfully
2025-10-17T12:06:46: 2025-10-17 04:06:46	info	mcp-gateway/main.go:243	Received ticker signal	{"reload_switch": true}
2025-10-17T12:06:46: 2025-10-17 04:06:46	info	core/server.go:389	Reloading MCP configuration
2025-10-17T12:06:46: 2025-10-17 04:06:46	info	core/server.go:319	Updating MCP configuration
2025-10-17T12:06:46: 2025-10-17 04:06:46	info	core/server.go:343	no updated MCP configurations found, skipping update
2025-10-17T12:06:46: 2025-10-17 04:06:46	info	core/server.go:405	Configuration reloaded successfully
2025-10-17T12:16:46: 2025-10-17 04:16:46	info	mcp-gateway/main.go:243	Received ticker signal	{"reload_switch": true}
2025-10-17T12:16:46: 2025-10-17 04:16:46	info	core/server.go:389	Reloading MCP configuration
2025-10-17T12:16:46: 2025-10-17 04:16:46	info	core/server.go:319	Updating MCP configuration
2025-10-17T12:16:46: 2025-10-17 04:16:46	info	core/server.go:343	no updated MCP configurations found, skipping update
2025-10-17T12:16:46: 2025-10-17 04:16:46	info	core/server.go:405	Configuration reloaded successfully
2025-10-17T12:26:46: 2025-10-17 04:26:46	info	mcp-gateway/main.go:243	Received ticker signal	{"reload_switch": true}
2025-10-17T12:26:46: 2025-10-17 04:26:46	info	core/server.go:389	Reloading MCP configuration
2025-10-17T12:26:46: 2025-10-17 04:26:46	info	core/server.go:319	Updating MCP configuration
2025-10-17T12:26:46: 2025-10-17 04:26:46	info	core/server.go:343	no updated MCP configurations found, skipping update
2025-10-17T12:26:46: 2025-10-17 04:26:46	info	core/server.go:405	Configuration reloaded successfully
2025-10-17T12:36:46: 2025-10-17 04:36:46	info	mcp-gateway/main.go:243	Received ticker signal	{"reload_switch": true}
2025-10-17T12:36:46: 2025-10-17 04:36:46	info	core/server.go:389	Reloading MCP configuration
2025-10-17T12:36:46: 2025-10-17 04:36:46	info	core/server.go:319	Updating MCP configuration
2025-10-17T12:36:46: 2025-10-17 04:36:46	info	core/server.go:343	no updated MCP configurations found, skipping update
2025-10-17T12:36:46: 2025-10-17 04:36:46	info	core/server.go:405	Configuration reloaded successfully
2025-10-17T12:46:46: 2025-10-17 04:46:46	info	mcp-gateway/main.go:243	Received ticker signal	{"reload_switch": true}
2025-10-17T12:46:46: 2025-10-17 04:46:46	info	core/server.go:389	Reloading MCP configuration
2025-10-17T12:46:46: 2025-10-17 04:46:46	info	core/server.go:319	Updating MCP configuration
2025-10-17T12:46:46: 2025-10-17 04:46:46	info	core/server.go:343	no updated MCP configurations found, skipping update
2025-10-17T12:46:46: 2025-10-17 04:46:46	info	core/server.go:405	Configuration reloaded successfully
2025-10-17T12:56:46: 2025-10-17 04:56:46	info	mcp-gateway/main.go:243	Received ticker signal	{"reload_switch": true}
2025-10-17T12:56:46: 2025-10-17 04:56:46	info	core/server.go:389	Reloading MCP configuration
2025-10-17T12:56:46: 2025-10-17 04:56:46	info	core/server.go:319	Updating MCP configuration
2025-10-17T12:56:46: 2025-10-17 04:56:46	info	core/server.go:343	no updated MCP configurations found, skipping update
2025-10-17T12:56:46: 2025-10-17 04:56:46	info	core/server.go:405	Configuration reloaded successfully
2025-10-17T13:06:46: 2025-10-17 05:06:46	info	mcp-gateway/main.go:243	Received ticker signal	{"reload_switch": true}
2025-10-17T13:06:46: 2025-10-17 05:06:46	info	core/server.go:389	Reloading MCP configuration
2025-10-17T13:06:46: 2025-10-17 05:06:46	info	core/server.go:319	Updating MCP configuration
2025-10-17T13:06:46: 2025-10-17 05:06:46	info	core/server.go:343	no updated MCP configurations found, skipping update
2025-10-17T13:06:46: 2025-10-17 05:06:46	info	core/server.go:405	Configuration reloaded successfully
2025-10-17T13:16:46: 2025-10-17 05:16:46	info	mcp-gateway/main.go:243	Received ticker signal	{"reload_switch": true}
2025-10-17T13:16:46: 2025-10-17 05:16:46	info	core/server.go:389	Reloading MCP configuration
2025-10-17T13:16:46: 2025-10-17 05:16:46	info	core/server.go:319	Updating MCP configuration
2025-10-17T13:16:46: 2025-10-17 05:16:46	info	core/server.go:343	no updated MCP configurations found, skipping update
2025-10-17T13:16:46: 2025-10-17 05:16:46	info	core/server.go:405	Configuration reloaded successfully
2025-10-17T13:26:46: 2025-10-17 05:26:46	info	mcp-gateway/main.go:243	Received ticker signal	{"reload_switch": true}
2025-10-17T13:26:46: 2025-10-17 05:26:46	info	core/server.go:389	Reloading MCP configuration
2025-10-17T13:26:46: 2025-10-17 05:26:46	info	core/server.go:319	Updating MCP configuration
2025-10-17T13:26:46: 2025-10-17 05:26:46	info	core/server.go:343	no updated MCP configurations found, skipping update
2025-10-17T13:26:46: 2025-10-17 05:26:46	info	core/server.go:405	Configuration reloaded successfully
2025-10-17T13:36:46: 2025-10-17 05:36:46	info	mcp-gateway/main.go:243	Received ticker signal	{"reload_switch": true}
2025-10-17T13:36:46: 2025-10-17 05:36:46	info	core/server.go:389	Reloading MCP configuration
2025-10-17T13:36:46: 2025-10-17 05:36:46	info	core/server.go:319	Updating MCP configuration
2025-10-17T13:36:46: 2025-10-17 05:36:46	info	core/server.go:343	no updated MCP configurations found, skipping update
2025-10-17T13:36:46: 2025-10-17 05:36:46	info	core/server.go:405	Configuration reloaded successfully
2025-10-17T13:46:46: 2025-10-17 05:46:46	info	mcp-gateway/main.go:243	Received ticker signal	{"reload_switch": true}
2025-10-17T13:46:46: 2025-10-17 05:46:46	info	core/server.go:389	Reloading MCP configuration
2025-10-17T13:46:46: 2025-10-17 05:46:46	info	core/server.go:319	Updating MCP configuration
2025-10-17T13:46:46: 2025-10-17 05:46:46	info	core/server.go:343	no updated MCP configurations found, skipping update
2025-10-17T13:46:46: 2025-10-17 05:46:46	info	core/server.go:405	Configuration reloaded successfully
2025-10-17T13:56:46: 2025-10-17 05:56:46	info	mcp-gateway/main.go:243	Received ticker signal	{"reload_switch": true}
2025-10-17T13:56:46: 2025-10-17 05:56:46	info	core/server.go:389	Reloading MCP configuration
2025-10-17T13:56:46: 2025-10-17 05:56:46	info	core/server.go:319	Updating MCP configuration
2025-10-17T13:56:46: 2025-10-17 05:56:46	info	core/server.go:343	no updated MCP configurations found, skipping update
2025-10-17T13:56:46: 2025-10-17 05:56:46	info	core/server.go:405	Configuration reloaded successfully
2025-10-17T14:06:46: 2025-10-17 06:06:46	info	mcp-gateway/main.go:243	Received ticker signal	{"reload_switch": true}
2025-10-17T14:06:46: 2025-10-17 06:06:46	info	core/server.go:389	Reloading MCP configuration
2025-10-17T14:06:46: 2025-10-17 06:06:46	info	core/server.go:319	Updating MCP configuration
2025-10-17T14:06:46: 2025-10-17 06:06:46	info	core/server.go:343	no updated MCP configurations found, skipping update
2025-10-17T14:06:46: 2025-10-17 06:06:46	info	core/server.go:405	Configuration reloaded successfully
2025-10-17T14:16:46: 2025-10-17 06:16:46	info	mcp-gateway/main.go:243	Received ticker signal	{"reload_switch": true}
2025-10-17T14:16:46: 2025-10-17 06:16:46	info	core/server.go:389	Reloading MCP configuration
2025-10-17T14:16:46: 2025-10-17 06:16:46	info	core/server.go:319	Updating MCP configuration
2025-10-17T14:16:46: 2025-10-17 06:16:46	info	core/server.go:343	no updated MCP configurations found, skipping update
2025-10-17T14:16:46: 2025-10-17 06:16:46	info	core/server.go:405	Configuration reloaded successfully
2025-10-17T14:26:46: 2025-10-17 06:26:46	info	mcp-gateway/main.go:243	Received ticker signal	{"reload_switch": true}
2025-10-17T14:26:46: 2025-10-17 06:26:46	info	core/server.go:389	Reloading MCP configuration
2025-10-17T14:26:46: 2025-10-17 06:26:46	info	core/server.go:319	Updating MCP configuration
2025-10-17T14:26:46: 2025-10-17 06:26:46	info	core/server.go:343	no updated MCP configurations found, skipping update
2025-10-17T14:26:46: 2025-10-17 06:26:46	info	core/server.go:405	Configuration reloaded successfully
2025-10-17T14:36:46: 2025-10-17 06:36:46	info	mcp-gateway/main.go:243	Received ticker signal	{"reload_switch": true}
2025-10-17T14:36:46: 2025-10-17 06:36:46	info	core/server.go:389	Reloading MCP configuration
2025-10-17T14:36:46: 2025-10-17 06:36:46	info	core/server.go:319	Updating MCP configuration
2025-10-17T14:36:46: 2025-10-17 06:36:46	info	core/server.go:343	no updated MCP configurations found, skipping update
2025-10-17T14:36:46: 2025-10-17 06:36:46	info	core/server.go:405	Configuration reloaded successfully
2025-10-17T14:46:46: 2025-10-17 06:46:46	info	mcp-gateway/main.go:243	Received ticker signal	{"reload_switch": true}
2025-10-17T14:46:46: 2025-10-17 06:46:46	info	core/server.go:389	Reloading MCP configuration
2025-10-17T14:46:46: 2025-10-17 06:46:46	info	core/server.go:319	Updating MCP configuration
2025-10-17T14:46:46: 2025-10-17 06:46:46	info	core/server.go:343	no updated MCP configurations found, skipping update
2025-10-17T14:46:46: 2025-10-17 06:46:46	info	core/server.go:405	Configuration reloaded successfully
2025-10-17T14:56:46: 2025-10-17 06:56:46	info	mcp-gateway/main.go:243	Received ticker signal	{"reload_switch": true}
2025-10-17T14:56:46: 2025-10-17 06:56:46	info	core/server.go:389	Reloading MCP configuration
2025-10-17T14:56:46: 2025-10-17 06:56:46	info	core/server.go:319	Updating MCP configuration
2025-10-17T14:56:46: 2025-10-17 06:56:46	info	core/server.go:343	no updated MCP configurations found, skipping update
2025-10-17T14:56:46: 2025-10-17 06:56:46	info	core/server.go:405	Configuration reloaded successfully
2025-10-17T15:06:46: 2025-10-17 07:06:46	info	mcp-gateway/main.go:243	Received ticker signal	{"reload_switch": true}
2025-10-17T15:06:46: 2025-10-17 07:06:46	info	core/server.go:389	Reloading MCP configuration
2025-10-17T15:06:46: 2025-10-17 07:06:46	info	core/server.go:319	Updating MCP configuration
2025-10-17T15:06:46: 2025-10-17 07:06:46	info	core/server.go:343	no updated MCP configurations found, skipping update
2025-10-17T15:06:46: 2025-10-17 07:06:46	info	core/server.go:405	Configuration reloaded successfully
2025-10-17T15:16:46: 2025-10-17 07:16:46	info	mcp-gateway/main.go:243	Received ticker signal	{"reload_switch": true}
2025-10-17T15:16:46: 2025-10-17 07:16:46	info	core/server.go:389	Reloading MCP configuration
2025-10-17T15:16:46: 2025-10-17 07:16:46	info	core/server.go:319	Updating MCP configuration
2025-10-17T15:16:46: 2025-10-17 07:16:46	info	core/server.go:343	no updated MCP configurations found, skipping update
2025-10-17T15:16:46: 2025-10-17 07:16:46	info	core/server.go:405	Configuration reloaded successfully
2025-10-17T15:26:46: 2025-10-17 07:26:46	info	mcp-gateway/main.go:243	Received ticker signal	{"reload_switch": true}
2025-10-17T15:26:46: 2025-10-17 07:26:46	info	core/server.go:389	Reloading MCP configuration
2025-10-17T15:26:46: 2025-10-17 07:26:46	info	core/server.go:319	Updating MCP configuration
2025-10-17T15:26:46: 2025-10-17 07:26:46	info	core/server.go:343	no updated MCP configurations found, skipping update
2025-10-17T15:26:46: 2025-10-17 07:26:46	info	core/server.go:405	Configuration reloaded successfully
2025-10-17T15:36:46: 2025-10-17 07:36:46	info	mcp-gateway/main.go:243	Received ticker signal	{"reload_switch": true}
2025-10-17T15:36:46: 2025-10-17 07:36:46	info	core/server.go:389	Reloading MCP configuration
2025-10-17T15:36:46: 2025-10-17 07:36:46	info	core/server.go:319	Updating MCP configuration
2025-10-17T15:36:46: 2025-10-17 07:36:46	info	core/server.go:343	no updated MCP configurations found, skipping update
2025-10-17T15:36:46: 2025-10-17 07:36:46	info	core/server.go:405	Configuration reloaded successfully
2025-10-17T15:46:46: 2025-10-17 07:46:46	info	mcp-gateway/main.go:243	Received ticker signal	{"reload_switch": true}
2025-10-17T15:46:46: 2025-10-17 07:46:46	info	core/server.go:389	Reloading MCP configuration
2025-10-17T15:46:46: 2025-10-17 07:46:46	info	core/server.go:319	Updating MCP configuration
2025-10-17T15:46:46: 2025-10-17 07:46:46	info	core/server.go:343	no updated MCP configurations found, skipping update
2025-10-17T15:46:46: 2025-10-17 07:46:46	info	core/server.go:405	Configuration reloaded successfully
2025-10-17T15:56:46: 2025-10-17 07:56:46	info	mcp-gateway/main.go:243	Received ticker signal	{"reload_switch": true}
2025-10-17T15:56:46: 2025-10-17 07:56:46	info	core/server.go:389	Reloading MCP configuration
2025-10-17T15:56:46: 2025-10-17 07:56:46	info	core/server.go:319	Updating MCP configuration
2025-10-17T15:56:46: 2025-10-17 07:56:46	info	core/server.go:343	no updated MCP configurations found, skipping update
2025-10-17T15:56:46: 2025-10-17 07:56:46	info	core/server.go:405	Configuration reloaded successfully
2025-10-17T16:06:46: 2025-10-17 08:06:46	info	mcp-gateway/main.go:243	Received ticker signal	{"reload_switch": true}
2025-10-17T16:06:46: 2025-10-17 08:06:46	info	core/server.go:389	Reloading MCP configuration
2025-10-17T16:06:46: 2025-10-17 08:06:46	info	core/server.go:319	Updating MCP configuration
2025-10-17T16:06:46: 2025-10-17 08:06:46	info	core/server.go:343	no updated MCP configurations found, skipping update
2025-10-17T16:06:46: 2025-10-17 08:06:46	info	core/server.go:405	Configuration reloaded successfully
2025-10-17T16:16:46: 2025-10-17 08:16:46	info	mcp-gateway/main.go:243	Received ticker signal	{"reload_switch": true}
2025-10-17T16:16:46: 2025-10-17 08:16:46	info	core/server.go:389	Reloading MCP configuration
2025-10-17T16:16:46: 2025-10-17 08:16:46	info	core/server.go:319	Updating MCP configuration
2025-10-17T16:16:46: 2025-10-17 08:16:46	info	core/server.go:343	no updated MCP configurations found, skipping update
2025-10-17T16:16:46: 2025-10-17 08:16:46	info	core/server.go:405	Configuration reloaded successfully
2025-10-17T16:26:46: 2025-10-17 08:26:46	info	mcp-gateway/main.go:243	Received ticker signal	{"reload_switch": true}
2025-10-17T16:26:46: 2025-10-17 08:26:46	info	core/server.go:389	Reloading MCP configuration
2025-10-17T16:26:46: 2025-10-17 08:26:46	info	core/server.go:319	Updating MCP configuration
2025-10-17T16:26:46: 2025-10-17 08:26:46	info	core/server.go:343	no updated MCP configurations found, skipping update
2025-10-17T16:26:46: 2025-10-17 08:26:46	info	core/server.go:405	Configuration reloaded successfully
2025-10-17T16:36:46: 2025-10-17 08:36:46	info	mcp-gateway/main.go:243	Received ticker signal	{"reload_switch": true}
2025-10-17T16:36:46: 2025-10-17 08:36:46	info	core/server.go:389	Reloading MCP configuration
2025-10-17T16:36:46: 2025-10-17 08:36:46	info	core/server.go:319	Updating MCP configuration
2025-10-17T16:36:46: 2025-10-17 08:36:46	info	core/server.go:343	no updated MCP configurations found, skipping update
2025-10-17T16:36:46: 2025-10-17 08:36:46	info	core/server.go:405	Configuration reloaded successfully
2025-10-17T16:46:46: 2025-10-17 08:46:46	info	mcp-gateway/main.go:243	Received ticker signal	{"reload_switch": true}
2025-10-17T16:46:46: 2025-10-17 08:46:46	info	core/server.go:389	Reloading MCP configuration
2025-10-17T16:46:46: 2025-10-17 08:46:46	info	core/server.go:319	Updating MCP configuration
2025-10-17T16:46:46: 2025-10-17 08:46:46	info	core/server.go:343	no updated MCP configurations found, skipping update
2025-10-17T16:46:46: 2025-10-17 08:46:46	info	core/server.go:405	Configuration reloaded successfully
2025-10-17T16:56:46: 2025-10-17 08:56:46	info	mcp-gateway/main.go:243	Received ticker signal	{"reload_switch": true}
2025-10-17T16:56:46: 2025-10-17 08:56:46	info	core/server.go:389	Reloading MCP configuration
2025-10-17T16:56:46: 2025-10-17 08:56:46	info	core/server.go:319	Updating MCP configuration
2025-10-17T16:56:46: 2025-10-17 08:56:46	info	core/server.go:343	no updated MCP configurations found, skipping update
2025-10-17T16:56:46: 2025-10-17 08:56:46	info	core/server.go:405	Configuration reloaded successfully
2025-10-17T17:06:46: 2025-10-17 09:06:46	info	mcp-gateway/main.go:243	Received ticker signal	{"reload_switch": true}
2025-10-17T17:06:46: 2025-10-17 09:06:46	info	core/server.go:389	Reloading MCP configuration
2025-10-17T17:06:46: 2025-10-17 09:06:46	info	core/server.go:319	Updating MCP configuration
2025-10-17T17:06:46: 2025-10-17 09:06:46	info	core/server.go:343	no updated MCP configurations found, skipping update
2025-10-17T17:06:46: 2025-10-17 09:06:46	info	core/server.go:405	Configuration reloaded successfully
2025-10-17T17:16:46: 2025-10-17 09:16:46	info	mcp-gateway/main.go:243	Received ticker signal	{"reload_switch": true}
2025-10-17T17:16:46: 2025-10-17 09:16:46	info	core/server.go:389	Reloading MCP configuration
2025-10-17T17:16:46: 2025-10-17 09:16:46	info	core/server.go:319	Updating MCP configuration
2025-10-17T17:16:46: 2025-10-17 09:16:46	info	core/server.go:343	no updated MCP configurations found, skipping update
2025-10-17T17:16:46: 2025-10-17 09:16:46	info	core/server.go:405	Configuration reloaded successfully
2025-10-17T17:26:46: 2025-10-17 09:26:46	info	mcp-gateway/main.go:243	Received ticker signal	{"reload_switch": true}
2025-10-17T17:26:46: 2025-10-17 09:26:46	info	core/server.go:389	Reloading MCP configuration
2025-10-17T17:26:46: 2025-10-17 09:26:46	info	core/server.go:319	Updating MCP configuration
2025-10-17T17:26:46: 2025-10-17 09:26:46	info	core/server.go:343	no updated MCP configurations found, skipping update
2025-10-17T17:26:46: 2025-10-17 09:26:46	info	core/server.go:405	Configuration reloaded successfully
2025-10-17T17:36:46: 2025-10-17 09:36:46	info	mcp-gateway/main.go:243	Received ticker signal	{"reload_switch": true}
2025-10-17T17:36:46: 2025-10-17 09:36:46	info	core/server.go:389	Reloading MCP configuration
2025-10-17T17:36:46: 2025-10-17 09:36:46	info	core/server.go:319	Updating MCP configuration
2025-10-17T17:36:46: 2025-10-17 09:36:46	info	core/server.go:343	no updated MCP configurations found, skipping update
2025-10-17T17:36:46: 2025-10-17 09:36:46	info	core/server.go:405	Configuration reloaded successfully
2025-10-17T17:46:46: 2025-10-17 09:46:46	info	mcp-gateway/main.go:243	Received ticker signal	{"reload_switch": true}
2025-10-17T17:46:46: 2025-10-17 09:46:46	info	core/server.go:389	Reloading MCP configuration
2025-10-17T17:46:46: 2025-10-17 09:46:46	info	core/server.go:319	Updating MCP configuration
2025-10-17T17:46:46: 2025-10-17 09:46:46	info	core/server.go:343	no updated MCP configurations found, skipping update
2025-10-17T17:46:46: 2025-10-17 09:46:46	info	core/server.go:405	Configuration reloaded successfully
2025-10-17T17:56:46: 2025-10-17 09:56:46	info	mcp-gateway/main.go:243	Received ticker signal	{"reload_switch": true}
2025-10-17T17:56:46: 2025-10-17 09:56:46	info	core/server.go:389	Reloading MCP configuration
2025-10-17T17:56:46: 2025-10-17 09:56:46	info	core/server.go:319	Updating MCP configuration
2025-10-17T17:56:46: 2025-10-17 09:56:46	info	core/server.go:343	no updated MCP configurations found, skipping update
2025-10-17T17:56:46: 2025-10-17 09:56:46	info	core/server.go:405	Configuration reloaded successfully
2025-10-17T18:06:46: 2025-10-17 10:06:46	info	mcp-gateway/main.go:243	Received ticker signal	{"reload_switch": true}
2025-10-17T18:06:46: 2025-10-17 10:06:46	info	core/server.go:389	Reloading MCP configuration
2025-10-17T18:06:46: 2025-10-17 10:06:46	info	core/server.go:319	Updating MCP configuration
2025-10-17T18:06:46: 2025-10-17 10:06:46	info	core/server.go:343	no updated MCP configurations found, skipping update
2025-10-17T18:06:46: 2025-10-17 10:06:46	info	core/server.go:405	Configuration reloaded successfully
2025-10-17T18:16:46: 2025-10-17 10:16:46	info	mcp-gateway/main.go:243	Received ticker signal	{"reload_switch": true}
2025-10-17T18:16:46: 2025-10-17 10:16:46	info	core/server.go:389	Reloading MCP configuration
2025-10-17T18:16:46: 2025-10-17 10:16:46	info	core/server.go:319	Updating MCP configuration
2025-10-17T18:16:46: 2025-10-17 10:16:46	info	core/server.go:343	no updated MCP configurations found, skipping update
2025-10-17T18:16:46: 2025-10-17 10:16:46	info	core/server.go:405	Configuration reloaded successfully
2025-10-17T21:42:00: 2025-10-17 13:42:00	info	mcp-gateway/main.go:243	Received ticker signal	{"reload_switch": true}
2025-10-17T21:42:00: 2025-10-17 13:42:00	info	core/server.go:389	Reloading MCP configuration
2025-10-17T21:42:00: 2025-10-17 13:42:00	info	core/server.go:319	Updating MCP configuration
2025-10-17T21:42:00: 2025-10-17 13:42:00	info	core/server.go:343	no updated MCP configurations found, skipping update
2025-10-17T21:42:00: 2025-10-17 13:42:00	info	core/server.go:405	Configuration reloaded successfully
2025-10-17T21:52:00: 2025-10-17 13:52:00	info	mcp-gateway/main.go:243	Received ticker signal	{"reload_switch": true}
2025-10-17T21:52:00: 2025-10-17 13:52:00	info	core/server.go:389	Reloading MCP configuration
2025-10-17T21:52:00: 2025-10-17 13:52:00	info	core/server.go:319	Updating MCP configuration
2025-10-17T21:52:00: 2025-10-17 13:52:00	info	core/server.go:343	no updated MCP configurations found, skipping update
2025-10-17T21:52:00: 2025-10-17 13:52:00	info	core/server.go:405	Configuration reloaded successfully
2025-10-17T22:02:00: 2025-10-17 14:02:00	info	mcp-gateway/main.go:243	Received ticker signal	{"reload_switch": true}
2025-10-17T22:02:00: 2025-10-17 14:02:00	info	core/server.go:389	Reloading MCP configuration
2025-10-17T22:02:00: 2025-10-17 14:02:00	info	core/server.go:319	Updating MCP configuration
2025-10-17T22:02:00: 2025-10-17 14:02:00	info	core/server.go:343	no updated MCP configurations found, skipping update
2025-10-17T22:02:00: 2025-10-17 14:02:00	info	core/server.go:405	Configuration reloaded successfully
2025-10-17T22:12:00: 2025-10-17 14:12:00	info	mcp-gateway/main.go:243	Received ticker signal	{"reload_switch": true}
2025-10-17T22:12:00: 2025-10-17 14:12:00	info	core/server.go:389	Reloading MCP configuration
2025-10-17T22:12:00: 2025-10-17 14:12:00	info	core/server.go:319	Updating MCP configuration
2025-10-17T22:12:00: 2025-10-17 14:12:00	info	core/server.go:343	no updated MCP configurations found, skipping update
2025-10-17T22:12:00: 2025-10-17 14:12:00	info	core/server.go:405	Configuration reloaded successfully
2025-10-17T22:22:00: 2025-10-17 14:22:00	info	mcp-gateway/main.go:243	Received ticker signal	{"reload_switch": true}
2025-10-17T22:22:00: 2025-10-17 14:22:00	info	core/server.go:389	Reloading MCP configuration
2025-10-17T22:22:00: 2025-10-17 14:22:00	info	core/server.go:319	Updating MCP configuration
2025-10-17T22:22:00: 2025-10-17 14:22:00	info	core/server.go:343	no updated MCP configurations found, skipping update
2025-10-17T22:22:00: 2025-10-17 14:22:00	info	core/server.go:405	Configuration reloaded successfully
2025-10-17T22:32:00: 2025-10-17 14:32:00	info	mcp-gateway/main.go:243	Received ticker signal	{"reload_switch": true}
2025-10-17T22:32:00: 2025-10-17 14:32:00	info	core/server.go:389	Reloading MCP configuration
2025-10-17T22:32:00: 2025-10-17 14:32:00	info	core/server.go:319	Updating MCP configuration
2025-10-17T22:32:00: 2025-10-17 14:32:00	info	core/server.go:343	no updated MCP configurations found, skipping update
2025-10-17T22:32:00: 2025-10-17 14:32:00	info	core/server.go:405	Configuration reloaded successfully
2025-10-17T22:42:00: 2025-10-17 14:42:00	info	mcp-gateway/main.go:243	Received ticker signal	{"reload_switch": true}
2025-10-17T22:42:00: 2025-10-17 14:42:00	info	core/server.go:389	Reloading MCP configuration
2025-10-17T22:42:00: 2025-10-17 14:42:00	info	core/server.go:319	Updating MCP configuration
2025-10-17T22:42:00: 2025-10-17 14:42:00	info	core/server.go:343	no updated MCP configurations found, skipping update
2025-10-17T22:42:00: 2025-10-17 14:42:00	info	core/server.go:405	Configuration reloaded successfully
2025-10-17T22:52:00: 2025-10-17 14:52:00	info	mcp-gateway/main.go:243	Received ticker signal	{"reload_switch": true}
2025-10-17T22:52:00: 2025-10-17 14:52:00	info	core/server.go:389	Reloading MCP configuration
2025-10-17T22:52:00: 2025-10-17 14:52:00	info	core/server.go:319	Updating MCP configuration
2025-10-17T22:52:00: 2025-10-17 14:52:00	info	core/server.go:343	no updated MCP configurations found, skipping update
2025-10-17T22:52:00: 2025-10-17 14:52:00	info	core/server.go:405	Configuration reloaded successfully
2025-10-17T23:02:00: 2025-10-17 15:02:00	info	mcp-gateway/main.go:243	Received ticker signal	{"reload_switch": true}
2025-10-17T23:02:00: 2025-10-17 15:02:00	info	core/server.go:389	Reloading MCP configuration
2025-10-17T23:02:00: 2025-10-17 15:02:00	info	core/server.go:319	Updating MCP configuration
2025-10-17T23:02:00: 2025-10-17 15:02:00	info	core/server.go:343	no updated MCP configurations found, skipping update
2025-10-17T23:02:00: 2025-10-17 15:02:00	info	core/server.go:405	Configuration reloaded successfully
2025-10-17T23:12:00: 2025-10-17 15:12:00	info	mcp-gateway/main.go:243	Received ticker signal	{"reload_switch": true}
2025-10-17T23:12:00: 2025-10-17 15:12:00	info	core/server.go:389	Reloading MCP configuration
2025-10-17T23:12:00: 2025-10-17 15:12:00	info	core/server.go:319	Updating MCP configuration
2025-10-17T23:12:00: 2025-10-17 15:12:00	info	core/server.go:343	no updated MCP configurations found, skipping update
2025-10-17T23:12:00: 2025-10-17 15:12:00	info	core/server.go:405	Configuration reloaded successfully
2025-10-17T23:22:00: 2025-10-17 15:22:00	info	mcp-gateway/main.go:243	Received ticker signal	{"reload_switch": true}
2025-10-17T23:22:00: 2025-10-17 15:22:00	info	core/server.go:389	Reloading MCP configuration
2025-10-17T23:22:00: 2025-10-17 15:22:00	info	core/server.go:319	Updating MCP configuration
2025-10-17T23:22:00: 2025-10-17 15:22:00	info	core/server.go:343	no updated MCP configurations found, skipping update
2025-10-17T23:22:00: 2025-10-17 15:22:00	info	core/server.go:405	Configuration reloaded successfully
2025-10-17T23:32:00: 2025-10-17 15:32:00	info	mcp-gateway/main.go:243	Received ticker signal	{"reload_switch": true}
2025-10-17T23:32:00: 2025-10-17 15:32:00	info	core/server.go:389	Reloading MCP configuration
2025-10-17T23:32:00: 2025-10-17 15:32:00	info	core/server.go:319	Updating MCP configuration
2025-10-17T23:32:00: 2025-10-17 15:32:00	info	core/server.go:343	no updated MCP configurations found, skipping update
2025-10-17T23:32:00: 2025-10-17 15:32:00	info	core/server.go:405	Configuration reloaded successfully
2025-10-17T23:42:00: 2025-10-17 15:42:00	info	mcp-gateway/main.go:243	Received ticker signal	{"reload_switch": true}
2025-10-17T23:42:00: 2025-10-17 15:42:00	info	core/server.go:389	Reloading MCP configuration
2025-10-17T23:42:00: 2025-10-17 15:42:00	info	core/server.go:319	Updating MCP configuration
2025-10-17T23:42:00: 2025-10-17 15:42:00	info	core/server.go:343	no updated MCP configurations found, skipping update
2025-10-17T23:42:00: 2025-10-17 15:42:00	info	core/server.go:405	Configuration reloaded successfully
2025-10-17T23:52:00: 2025-10-17 15:52:00	info	mcp-gateway/main.go:243	Received ticker signal	{"reload_switch": true}
2025-10-17T23:52:00: 2025-10-17 15:52:00	info	core/server.go:389	Reloading MCP configuration
2025-10-17T23:52:00: 2025-10-17 15:52:00	info	core/server.go:319	Updating MCP configuration
2025-10-17T23:52:00: 2025-10-17 15:52:00	info	core/server.go:343	no updated MCP configurations found, skipping update
2025-10-17T23:52:00: 2025-10-17 15:52:00	info	core/server.go:405	Configuration reloaded successfully
2025-10-18T00:02:00: 2025-10-17 16:02:00	info	mcp-gateway/main.go:243	Received ticker signal	{"reload_switch": true}
2025-10-18T00:02:00: 2025-10-17 16:02:00	info	core/server.go:389	Reloading MCP configuration
2025-10-18T00:02:00: 2025-10-17 16:02:00	info	core/server.go:319	Updating MCP configuration
2025-10-18T00:02:00: 2025-10-17 16:02:00	info	core/server.go:343	no updated MCP configurations found, skipping update
2025-10-18T00:02:00: 2025-10-17 16:02:00	info	core/server.go:405	Configuration reloaded successfully
2025-10-18T00:12:00: 2025-10-17 16:12:00	info	mcp-gateway/main.go:243	Received ticker signal	{"reload_switch": true}
2025-10-18T00:12:00: 2025-10-17 16:12:00	info	core/server.go:389	Reloading MCP configuration
2025-10-18T00:12:00: 2025-10-17 16:12:00	info	core/server.go:319	Updating MCP configuration
2025-10-18T00:12:00: 2025-10-17 16:12:00	info	core/server.go:343	no updated MCP configurations found, skipping update
2025-10-18T00:12:00: 2025-10-17 16:12:00	info	core/server.go:405	Configuration reloaded successfully
2025-10-18T00:22:00: 2025-10-17 16:22:00	info	mcp-gateway/main.go:243	Received ticker signal	{"reload_switch": true}
2025-10-18T00:22:00: 2025-10-17 16:22:00	info	core/server.go:389	Reloading MCP configuration
2025-10-18T00:22:00: 2025-10-17 16:22:00	info	core/server.go:319	Updating MCP configuration
2025-10-18T00:22:00: 2025-10-17 16:22:00	info	core/server.go:343	no updated MCP configurations found, skipping update
2025-10-18T00:22:00: 2025-10-17 16:22:00	info	core/server.go:405	Configuration reloaded successfully
2025-10-18T00:32:00: 2025-10-17 16:32:00	info	mcp-gateway/main.go:243	Received ticker signal	{"reload_switch": true}
2025-10-18T00:32:00: 2025-10-17 16:32:00	info	core/server.go:389	Reloading MCP configuration
2025-10-18T00:32:00: 2025-10-17 16:32:00	info	core/server.go:319	Updating MCP configuration
2025-10-18T00:32:00: 2025-10-17 16:32:00	info	core/server.go:343	no updated MCP configurations found, skipping update
2025-10-18T00:32:00: 2025-10-17 16:32:00	info	core/server.go:405	Configuration reloaded successfully
2025-10-18T00:42:00: 2025-10-17 16:42:00	info	mcp-gateway/main.go:243	Received ticker signal	{"reload_switch": true}
2025-10-18T00:42:00: 2025-10-17 16:42:00	info	core/server.go:389	Reloading MCP configuration
2025-10-18T00:42:00: 2025-10-17 16:42:00	info	core/server.go:319	Updating MCP configuration
2025-10-18T00:42:00: 2025-10-17 16:42:00	info	core/server.go:343	no updated MCP configurations found, skipping update
2025-10-18T00:42:00: 2025-10-17 16:42:00	info	core/server.go:405	Configuration reloaded successfully
2025-10-18T00:52:00: 2025-10-17 16:52:00	info	mcp-gateway/main.go:243	Received ticker signal	{"reload_switch": true}
2025-10-18T00:52:00: 2025-10-17 16:52:00	info	core/server.go:389	Reloading MCP configuration
2025-10-18T00:52:00: 2025-10-17 16:52:00	info	core/server.go:319	Updating MCP configuration
2025-10-18T00:52:00: 2025-10-17 16:52:00	info	core/server.go:343	no updated MCP configurations found, skipping update
2025-10-18T00:52:00: 2025-10-17 16:52:00	info	core/server.go:405	Configuration reloaded successfully
2025-10-18T01:02:00: 2025-10-17 17:02:00	info	mcp-gateway/main.go:243	Received ticker signal	{"reload_switch": true}
2025-10-18T01:02:00: 2025-10-17 17:02:00	info	core/server.go:389	Reloading MCP configuration
2025-10-18T01:02:00: 2025-10-17 17:02:00	info	core/server.go:319	Updating MCP configuration
2025-10-18T01:02:00: 2025-10-17 17:02:00	info	core/server.go:343	no updated MCP configurations found, skipping update
2025-10-18T01:02:00: 2025-10-17 17:02:00	info	core/server.go:405	Configuration reloaded successfully
2025-10-18T01:12:00: 2025-10-17 17:12:00	info	mcp-gateway/main.go:243	Received ticker signal	{"reload_switch": true}
2025-10-18T01:12:00: 2025-10-17 17:12:00	info	core/server.go:389	Reloading MCP configuration
2025-10-18T01:12:00: 2025-10-17 17:12:00	info	core/server.go:319	Updating MCP configuration
2025-10-18T01:12:00: 2025-10-17 17:12:00	info	core/server.go:343	no updated MCP configurations found, skipping update
2025-10-18T01:12:00: 2025-10-17 17:12:00	info	core/server.go:405	Configuration reloaded successfully
2025-10-18T01:22:00: 2025-10-17 17:22:00	info	mcp-gateway/main.go:243	Received ticker signal	{"reload_switch": true}
2025-10-18T01:22:00: 2025-10-17 17:22:00	info	core/server.go:389	Reloading MCP configuration
2025-10-18T01:22:00: 2025-10-17 17:22:00	info	core/server.go:319	Updating MCP configuration
2025-10-18T01:22:00: 2025-10-17 17:22:00	info	core/server.go:343	no updated MCP configurations found, skipping update
2025-10-18T01:22:00: 2025-10-17 17:22:00	info	core/server.go:405	Configuration reloaded successfully
2025-10-18T01:32:00: 2025-10-17 17:32:00	info	mcp-gateway/main.go:243	Received ticker signal	{"reload_switch": true}
2025-10-18T01:32:00: 2025-10-17 17:32:00	info	core/server.go:389	Reloading MCP configuration
2025-10-18T01:32:00: 2025-10-17 17:32:00	info	core/server.go:319	Updating MCP configuration
2025-10-18T01:32:00: 2025-10-17 17:32:00	info	core/server.go:343	no updated MCP configurations found, skipping update
2025-10-18T01:32:00: 2025-10-17 17:32:00	info	core/server.go:405	Configuration reloaded successfully
2025-10-18T01:42:00: 2025-10-17 17:42:00	info	mcp-gateway/main.go:243	Received ticker signal	{"reload_switch": true}
2025-10-18T01:42:00: 2025-10-17 17:42:00	info	core/server.go:389	Reloading MCP configuration
2025-10-18T01:42:00: 2025-10-17 17:42:00	info	core/server.go:319	Updating MCP configuration
2025-10-18T01:42:00: 2025-10-17 17:42:00	info	core/server.go:343	no updated MCP configurations found, skipping update
2025-10-18T01:42:00: 2025-10-17 17:42:00	info	core/server.go:405	Configuration reloaded successfully
2025-10-18T01:52:00: 2025-10-17 17:52:00	info	mcp-gateway/main.go:243	Received ticker signal	{"reload_switch": true}
2025-10-18T01:52:00: 2025-10-17 17:52:00	info	core/server.go:389	Reloading MCP configuration
2025-10-18T01:52:00: 2025-10-17 17:52:00	info	core/server.go:319	Updating MCP configuration
2025-10-18T01:52:00: 2025-10-17 17:52:00	info	core/server.go:343	no updated MCP configurations found, skipping update
2025-10-18T01:52:00: 2025-10-17 17:52:00	info	core/server.go:405	Configuration reloaded successfully
2025-10-18T02:02:00: 2025-10-17 18:02:00	info	mcp-gateway/main.go:243	Received ticker signal	{"reload_switch": true}
2025-10-18T02:02:00: 2025-10-17 18:02:00	info	core/server.go:389	Reloading MCP configuration
2025-10-18T02:02:00: 2025-10-17 18:02:00	info	core/server.go:319	Updating MCP configuration
2025-10-18T02:02:00: 2025-10-17 18:02:00	info	core/server.go:343	no updated MCP configurations found, skipping update
2025-10-18T02:02:00: 2025-10-17 18:02:00	info	core/server.go:405	Configuration reloaded successfully
2025-10-18T02:12:00: 2025-10-17 18:12:00	info	mcp-gateway/main.go:243	Received ticker signal	{"reload_switch": true}
2025-10-18T02:12:00: 2025-10-17 18:12:00	info	core/server.go:389	Reloading MCP configuration
2025-10-18T02:12:00: 2025-10-17 18:12:00	info	core/server.go:319	Updating MCP configuration
2025-10-18T02:12:00: 2025-10-17 18:12:00	info	core/server.go:343	no updated MCP configurations found, skipping update
2025-10-18T02:12:00: 2025-10-17 18:12:00	info	core/server.go:405	Configuration reloaded successfully
2025-10-18T02:22:00: 2025-10-17 18:22:00	info	mcp-gateway/main.go:243	Received ticker signal	{"reload_switch": true}
2025-10-18T02:22:00: 2025-10-17 18:22:00	info	core/server.go:389	Reloading MCP configuration
2025-10-18T02:22:00: 2025-10-17 18:22:00	info	core/server.go:319	Updating MCP configuration
2025-10-18T02:22:00: 2025-10-17 18:22:00	info	core/server.go:343	no updated MCP configurations found, skipping update
2025-10-18T02:22:00: 2025-10-17 18:22:00	info	core/server.go:405	Configuration reloaded successfully
2025-10-18T02:32:00: 2025-10-17 18:32:00	info	mcp-gateway/main.go:243	Received ticker signal	{"reload_switch": true}
2025-10-18T02:32:00: 2025-10-17 18:32:00	info	core/server.go:389	Reloading MCP configuration
2025-10-18T02:32:00: 2025-10-17 18:32:00	info	core/server.go:319	Updating MCP configuration
2025-10-18T02:32:00: 2025-10-17 18:32:00	info	core/server.go:343	no updated MCP configurations found, skipping update
2025-10-18T02:32:00: 2025-10-17 18:32:00	info	core/server.go:405	Configuration reloaded successfully
2025-10-18T02:42:00: 2025-10-17 18:42:00	info	mcp-gateway/main.go:243	Received ticker signal	{"reload_switch": true}
2025-10-18T02:42:00: 2025-10-17 18:42:00	info	core/server.go:389	Reloading MCP configuration
2025-10-18T02:42:00: 2025-10-17 18:42:00	info	core/server.go:319	Updating MCP configuration
2025-10-18T02:42:00: 2025-10-17 18:42:00	info	core/server.go:343	no updated MCP configurations found, skipping update
2025-10-18T02:42:00: 2025-10-17 18:42:00	info	core/server.go:405	Configuration reloaded successfully
2025-10-18T02:52:00: 2025-10-17 18:52:00	info	mcp-gateway/main.go:243	Received ticker signal	{"reload_switch": true}
2025-10-18T02:52:00: 2025-10-17 18:52:00	info	core/server.go:389	Reloading MCP configuration
2025-10-18T02:52:00: 2025-10-17 18:52:00	info	core/server.go:319	Updating MCP configuration
2025-10-18T02:52:00: 2025-10-17 18:52:00	info	core/server.go:343	no updated MCP configurations found, skipping update
2025-10-18T02:52:00: 2025-10-17 18:52:00	info	core/server.go:405	Configuration reloaded successfully
2025-10-18T03:02:00: 2025-10-17 19:02:00	info	mcp-gateway/main.go:243	Received ticker signal	{"reload_switch": true}
2025-10-18T03:02:00: 2025-10-17 19:02:00	info	core/server.go:389	Reloading MCP configuration
2025-10-18T03:02:00: 2025-10-17 19:02:00	info	core/server.go:319	Updating MCP configuration
2025-10-18T03:02:00: 2025-10-17 19:02:00	info	core/server.go:343	no updated MCP configurations found, skipping update
2025-10-18T03:02:00: 2025-10-17 19:02:00	info	core/server.go:405	Configuration reloaded successfully
2025-10-18T03:12:00: 2025-10-17 19:12:00	info	mcp-gateway/main.go:243	Received ticker signal	{"reload_switch": true}
2025-10-18T03:12:00: 2025-10-17 19:12:00	info	core/server.go:389	Reloading MCP configuration
2025-10-18T03:12:00: 2025-10-17 19:12:00	info	core/server.go:319	Updating MCP configuration
2025-10-18T03:12:00: 2025-10-17 19:12:00	info	core/server.go:343	no updated MCP configurations found, skipping update
2025-10-18T03:12:00: 2025-10-17 19:12:00	info	core/server.go:405	Configuration reloaded successfully
2025-10-18T03:22:00: 2025-10-17 19:22:00	info	mcp-gateway/main.go:243	Received ticker signal	{"reload_switch": true}
2025-10-18T03:22:00: 2025-10-17 19:22:00	info	core/server.go:389	Reloading MCP configuration
2025-10-18T03:22:00: 2025-10-17 19:22:00	info	core/server.go:319	Updating MCP configuration
2025-10-18T03:22:00: 2025-10-17 19:22:00	info	core/server.go:343	no updated MCP configurations found, skipping update
2025-10-18T03:22:00: 2025-10-17 19:22:00	info	core/server.go:405	Configuration reloaded successfully
2025-10-18T03:32:00: 2025-10-17 19:32:00	info	mcp-gateway/main.go:243	Received ticker signal	{"reload_switch": true}
2025-10-18T03:32:00: 2025-10-17 19:32:00	info	core/server.go:389	Reloading MCP configuration
2025-10-18T03:32:00: 2025-10-17 19:32:00	info	core/server.go:319	Updating MCP configuration
2025-10-18T03:32:00: 2025-10-17 19:32:00	info	core/server.go:343	no updated MCP configurations found, skipping update
2025-10-18T03:32:00: 2025-10-17 19:32:00	info	core/server.go:405	Configuration reloaded successfully
2025-10-18T03:42:00: 2025-10-17 19:42:00	info	mcp-gateway/main.go:243	Received ticker signal	{"reload_switch": true}
2025-10-18T03:42:00: 2025-10-17 19:42:00	info	core/server.go:389	Reloading MCP configuration
2025-10-18T03:42:00: 2025-10-17 19:42:00	info	core/server.go:319	Updating MCP configuration
2025-10-18T03:42:00: 2025-10-17 19:42:00	info	core/server.go:343	no updated MCP configurations found, skipping update
2025-10-18T03:42:00: 2025-10-17 19:42:00	info	core/server.go:405	Configuration reloaded successfully
2025-10-18T03:52:00: 2025-10-17 19:52:00	info	mcp-gateway/main.go:243	Received ticker signal	{"reload_switch": true}
2025-10-18T03:52:00: 2025-10-17 19:52:00	info	core/server.go:389	Reloading MCP configuration
2025-10-18T03:52:00: 2025-10-17 19:52:00	info	core/server.go:319	Updating MCP configuration
2025-10-18T03:52:00: 2025-10-17 19:52:00	info	core/server.go:343	no updated MCP configurations found, skipping update
2025-10-18T03:52:00: 2025-10-17 19:52:00	info	core/server.go:405	Configuration reloaded successfully
2025-10-18T04:02:00: 2025-10-17 20:02:00	info	mcp-gateway/main.go:243	Received ticker signal	{"reload_switch": true}
2025-10-18T04:02:00: 2025-10-17 20:02:00	info	core/server.go:389	Reloading MCP configuration
2025-10-18T04:02:00: 2025-10-17 20:02:00	info	core/server.go:319	Updating MCP configuration
2025-10-18T04:02:00: 2025-10-17 20:02:00	info	core/server.go:343	no updated MCP configurations found, skipping update
2025-10-18T04:02:00: 2025-10-17 20:02:00	info	core/server.go:405	Configuration reloaded successfully
2025-10-18T04:12:00: 2025-10-17 20:12:00	info	mcp-gateway/main.go:243	Received ticker signal	{"reload_switch": true}
2025-10-18T04:12:00: 2025-10-17 20:12:00	info	core/server.go:389	Reloading MCP configuration
2025-10-18T04:12:00: 2025-10-17 20:12:00	info	core/server.go:319	Updating MCP configuration
2025-10-18T04:12:00: 2025-10-17 20:12:00	info	core/server.go:343	no updated MCP configurations found, skipping update
2025-10-18T04:12:00: 2025-10-17 20:12:00	info	core/server.go:405	Configuration reloaded successfully
2025-10-18T04:22:00: 2025-10-17 20:22:00	info	mcp-gateway/main.go:243	Received ticker signal	{"reload_switch": true}
2025-10-18T04:22:00: 2025-10-17 20:22:00	info	core/server.go:389	Reloading MCP configuration
2025-10-18T04:22:00: 2025-10-17 20:22:00	info	core/server.go:319	Updating MCP configuration
2025-10-18T04:22:00: 2025-10-17 20:22:00	info	core/server.go:343	no updated MCP configurations found, skipping update
2025-10-18T04:22:00: 2025-10-17 20:22:00	info	core/server.go:405	Configuration reloaded successfully
2025-10-18T04:32:00: 2025-10-17 20:32:00	info	mcp-gateway/main.go:243	Received ticker signal	{"reload_switch": true}
2025-10-18T04:32:00: 2025-10-17 20:32:00	info	core/server.go:389	Reloading MCP configuration
2025-10-18T04:32:00: 2025-10-17 20:32:00	info	core/server.go:319	Updating MCP configuration
2025-10-18T04:32:00: 2025-10-17 20:32:00	info	core/server.go:343	no updated MCP configurations found, skipping update
2025-10-18T04:32:00: 2025-10-17 20:32:00	info	core/server.go:405	Configuration reloaded successfully
2025-10-18T04:42:00: 2025-10-17 20:42:00	info	mcp-gateway/main.go:243	Received ticker signal	{"reload_switch": true}
2025-10-18T04:42:00: 2025-10-17 20:42:00	info	core/server.go:389	Reloading MCP configuration
2025-10-18T04:42:00: 2025-10-17 20:42:00	info	core/server.go:319	Updating MCP configuration
2025-10-18T04:42:00: 2025-10-17 20:42:00	info	core/server.go:343	no updated MCP configurations found, skipping update
2025-10-18T04:42:00: 2025-10-17 20:42:00	info	core/server.go:405	Configuration reloaded successfully
2025-10-18T04:52:00: 2025-10-17 20:52:00	info	mcp-gateway/main.go:243	Received ticker signal	{"reload_switch": true}
2025-10-18T04:52:00: 2025-10-17 20:52:00	info	core/server.go:389	Reloading MCP configuration
2025-10-18T04:52:00: 2025-10-17 20:52:00	info	core/server.go:319	Updating MCP configuration
2025-10-18T04:52:00: 2025-10-17 20:52:00	info	core/server.go:343	no updated MCP configurations found, skipping update
2025-10-18T04:52:00: 2025-10-17 20:52:00	info	core/server.go:405	Configuration reloaded successfully
2025-10-18T05:02:00: 2025-10-17 21:02:00	info	mcp-gateway/main.go:243	Received ticker signal	{"reload_switch": true}
2025-10-18T05:02:00: 2025-10-17 21:02:00	info	core/server.go:389	Reloading MCP configuration
2025-10-18T05:02:00: 2025-10-17 21:02:00	info	core/server.go:319	Updating MCP configuration
2025-10-18T05:02:00: 2025-10-17 21:02:00	info	core/server.go:343	no updated MCP configurations found, skipping update
2025-10-18T05:02:00: 2025-10-17 21:02:00	info	core/server.go:405	Configuration reloaded successfully
2025-10-18T05:12:00: 2025-10-17 21:12:00	info	mcp-gateway/main.go:243	Received ticker signal	{"reload_switch": true}
2025-10-18T05:12:00: 2025-10-17 21:12:00	info	core/server.go:389	Reloading MCP configuration
2025-10-18T05:12:00: 2025-10-17 21:12:00	info	core/server.go:319	Updating MCP configuration
2025-10-18T05:12:00: 2025-10-17 21:12:00	info	core/server.go:343	no updated MCP configurations found, skipping update
2025-10-18T05:12:00: 2025-10-17 21:12:00	info	core/server.go:405	Configuration reloaded successfully
2025-10-18T05:22:00: 2025-10-17 21:22:00	info	mcp-gateway/main.go:243	Received ticker signal	{"reload_switch": true}
2025-10-18T05:22:00: 2025-10-17 21:22:00	info	core/server.go:389	Reloading MCP configuration
2025-10-18T05:22:00: 2025-10-17 21:22:00	info	core/server.go:319	Updating MCP configuration
2025-10-18T05:22:00: 2025-10-17 21:22:00	info	core/server.go:343	no updated MCP configurations found, skipping update
2025-10-18T05:22:00: 2025-10-17 21:22:00	info	core/server.go:405	Configuration reloaded successfully
2025-10-18T05:32:00: 2025-10-17 21:32:00	info	mcp-gateway/main.go:243	Received ticker signal	{"reload_switch": true}
2025-10-18T05:32:00: 2025-10-17 21:32:00	info	core/server.go:389	Reloading MCP configuration
2025-10-18T05:32:00: 2025-10-17 21:32:00	info	core/server.go:319	Updating MCP configuration
2025-10-18T05:32:00: 2025-10-17 21:32:00	info	core/server.go:343	no updated MCP configurations found, skipping update
2025-10-18T05:32:00: 2025-10-17 21:32:00	info	core/server.go:405	Configuration reloaded successfully
2025-10-18T05:42:00: 2025-10-17 21:42:00	info	mcp-gateway/main.go:243	Received ticker signal	{"reload_switch": true}
2025-10-18T05:42:00: 2025-10-17 21:42:00	info	core/server.go:389	Reloading MCP configuration
2025-10-18T05:42:00: 2025-10-17 21:42:00	info	core/server.go:319	Updating MCP configuration
2025-10-18T05:42:00: 2025-10-17 21:42:00	info	core/server.go:343	no updated MCP configurations found, skipping update
2025-10-18T05:42:00: 2025-10-17 21:42:00	info	core/server.go:405	Configuration reloaded successfully
2025-10-18T05:52:00: 2025-10-17 21:52:00	info	mcp-gateway/main.go:243	Received ticker signal	{"reload_switch": true}
2025-10-18T05:52:00: 2025-10-17 21:52:00	info	core/server.go:389	Reloading MCP configuration
2025-10-18T05:52:00: 2025-10-17 21:52:00	info	core/server.go:319	Updating MCP configuration
2025-10-18T05:52:00: 2025-10-17 21:52:00	info	core/server.go:343	no updated MCP configurations found, skipping update
2025-10-18T05:52:00: 2025-10-17 21:52:00	info	core/server.go:405	Configuration reloaded successfully
2025-10-18T06:02:00: 2025-10-17 22:02:00	info	mcp-gateway/main.go:243	Received ticker signal	{"reload_switch": true}
2025-10-18T06:02:00: 2025-10-17 22:02:00	info	core/server.go:389	Reloading MCP configuration
2025-10-18T06:02:00: 2025-10-17 22:02:00	info	core/server.go:319	Updating MCP configuration
2025-10-18T06:02:00: 2025-10-17 22:02:00	info	core/server.go:343	no updated MCP configurations found, skipping update
2025-10-18T06:02:00: 2025-10-17 22:02:00	info	core/server.go:405	Configuration reloaded successfully
2025-10-18T06:12:00: 2025-10-17 22:12:00	info	mcp-gateway/main.go:243	Received ticker signal	{"reload_switch": true}
2025-10-18T06:12:00: 2025-10-17 22:12:00	info	core/server.go:389	Reloading MCP configuration
2025-10-18T06:12:00: 2025-10-17 22:12:00	info	core/server.go:319	Updating MCP configuration
2025-10-18T06:12:00: 2025-10-17 22:12:00	info	core/server.go:343	no updated MCP configurations found, skipping update
2025-10-18T06:12:00: 2025-10-17 22:12:00	info	core/server.go:405	Configuration reloaded successfully
2025-10-18T06:22:00: 2025-10-17 22:22:00	info	mcp-gateway/main.go:243	Received ticker signal	{"reload_switch": true}
2025-10-18T06:22:00: 2025-10-17 22:22:00	info	core/server.go:389	Reloading MCP configuration
2025-10-18T06:22:00: 2025-10-17 22:22:00	info	core/server.go:319	Updating MCP configuration
2025-10-18T06:22:00: 2025-10-17 22:22:00	info	core/server.go:343	no updated MCP configurations found, skipping update
2025-10-18T06:22:00: 2025-10-17 22:22:00	info	core/server.go:405	Configuration reloaded successfully
2025-10-18T06:32:00: 2025-10-17 22:32:00	info	mcp-gateway/main.go:243	Received ticker signal	{"reload_switch": true}
2025-10-18T06:32:00: 2025-10-17 22:32:00	info	core/server.go:389	Reloading MCP configuration
2025-10-18T06:32:00: 2025-10-17 22:32:00	info	core/server.go:319	Updating MCP configuration
2025-10-18T06:32:00: 2025-10-17 22:32:00	info	core/server.go:343	no updated MCP configurations found, skipping update
2025-10-18T06:32:00: 2025-10-17 22:32:00	info	core/server.go:405	Configuration reloaded successfully
2025-10-18T06:42:00: 2025-10-17 22:42:00	info	mcp-gateway/main.go:243	Received ticker signal	{"reload_switch": true}
2025-10-18T06:42:00: 2025-10-17 22:42:00	info	core/server.go:389	Reloading MCP configuration
2025-10-18T06:42:00: 2025-10-17 22:42:00	info	core/server.go:319	Updating MCP configuration
2025-10-18T06:42:00: 2025-10-17 22:42:00	info	core/server.go:343	no updated MCP configurations found, skipping update
2025-10-18T06:42:00: 2025-10-17 22:42:00	info	core/server.go:405	Configuration reloaded successfully
2025-10-18T06:52:00: 2025-10-17 22:52:00	info	mcp-gateway/main.go:243	Received ticker signal	{"reload_switch": true}
2025-10-18T06:52:00: 2025-10-17 22:52:00	info	core/server.go:389	Reloading MCP configuration
2025-10-18T06:52:00: 2025-10-17 22:52:00	info	core/server.go:319	Updating MCP configuration
2025-10-18T06:52:00: 2025-10-17 22:52:00	info	core/server.go:343	no updated MCP configurations found, skipping update
2025-10-18T06:52:00: 2025-10-17 22:52:00	info	core/server.go:405	Configuration reloaded successfully
2025-10-18T07:02:00: 2025-10-17 23:02:00	info	mcp-gateway/main.go:243	Received ticker signal	{"reload_switch": true}
2025-10-18T07:02:00: 2025-10-17 23:02:00	info	core/server.go:389	Reloading MCP configuration
2025-10-18T07:02:00: 2025-10-17 23:02:00	info	core/server.go:319	Updating MCP configuration
2025-10-18T07:02:00: 2025-10-17 23:02:00	info	core/server.go:343	no updated MCP configurations found, skipping update
2025-10-18T07:02:00: 2025-10-17 23:02:00	info	core/server.go:405	Configuration reloaded successfully
2025-10-18T07:12:00: 2025-10-17 23:12:00	info	mcp-gateway/main.go:243	Received ticker signal	{"reload_switch": true}
2025-10-18T07:12:00: 2025-10-17 23:12:00	info	core/server.go:389	Reloading MCP configuration
2025-10-18T07:12:00: 2025-10-17 23:12:00	info	core/server.go:319	Updating MCP configuration
2025-10-18T07:12:00: 2025-10-17 23:12:00	info	core/server.go:343	no updated MCP configurations found, skipping update
2025-10-18T07:12:00: 2025-10-17 23:12:00	info	core/server.go:405	Configuration reloaded successfully
2025-10-18T07:22:00: 2025-10-17 23:22:00	info	mcp-gateway/main.go:243	Received ticker signal	{"reload_switch": true}
2025-10-18T07:22:00: 2025-10-17 23:22:00	info	core/server.go:389	Reloading MCP configuration
2025-10-18T07:22:00: 2025-10-17 23:22:00	info	core/server.go:319	Updating MCP configuration
2025-10-18T07:22:00: 2025-10-17 23:22:00	info	core/server.go:343	no updated MCP configurations found, skipping update
2025-10-18T07:22:00: 2025-10-17 23:22:00	info	core/server.go:405	Configuration reloaded successfully
2025-10-18T07:32:00: 2025-10-17 23:32:00	info	mcp-gateway/main.go:243	Received ticker signal	{"reload_switch": true}
2025-10-18T07:32:00: 2025-10-17 23:32:00	info	core/server.go:389	Reloading MCP configuration
2025-10-18T07:32:00: 2025-10-17 23:32:00	info	core/server.go:319	Updating MCP configuration
2025-10-18T07:32:00: 2025-10-17 23:32:00	info	core/server.go:343	no updated MCP configurations found, skipping update
2025-10-18T07:32:00: 2025-10-17 23:32:00	info	core/server.go:405	Configuration reloaded successfully
2025-10-18T07:42:00: 2025-10-17 23:42:00	info	mcp-gateway/main.go:243	Received ticker signal	{"reload_switch": true}
2025-10-18T07:42:00: 2025-10-17 23:42:00	info	core/server.go:389	Reloading MCP configuration
2025-10-18T07:42:00: 2025-10-17 23:42:00	info	core/server.go:319	Updating MCP configuration
2025-10-18T07:42:00: 2025-10-17 23:42:00	info	core/server.go:343	no updated MCP configurations found, skipping update
2025-10-18T07:42:00: 2025-10-17 23:42:00	info	core/server.go:405	Configuration reloaded successfully
2025-10-18T07:52:00: 2025-10-17 23:52:00	info	mcp-gateway/main.go:243	Received ticker signal	{"reload_switch": true}
2025-10-18T07:52:00: 2025-10-17 23:52:00	info	core/server.go:389	Reloading MCP configuration
2025-10-18T07:52:00: 2025-10-17 23:52:00	info	core/server.go:319	Updating MCP configuration
2025-10-18T07:52:00: 2025-10-17 23:52:00	info	core/server.go:343	no updated MCP configurations found, skipping update
2025-10-18T07:52:00: 2025-10-17 23:52:00	info	core/server.go:405	Configuration reloaded successfully
2025-10-18T08:02:00: 2025-10-18 00:02:00	info	mcp-gateway/main.go:243	Received ticker signal	{"reload_switch": true}
2025-10-18T08:02:00: 2025-10-18 00:02:00	info	core/server.go:389	Reloading MCP configuration
2025-10-18T08:02:00: 2025-10-18 00:02:00	info	core/server.go:319	Updating MCP configuration
2025-10-18T08:02:00: 2025-10-18 00:02:00	info	core/server.go:343	no updated MCP configurations found, skipping update
2025-10-18T08:02:00: 2025-10-18 00:02:00	info	core/server.go:405	Configuration reloaded successfully
2025-10-18T08:12:00: 2025-10-18 00:12:00	info	mcp-gateway/main.go:243	Received ticker signal	{"reload_switch": true}
2025-10-18T08:12:00: 2025-10-18 00:12:00	info	core/server.go:389	Reloading MCP configuration
2025-10-18T08:12:00: 2025-10-18 00:12:00	info	core/server.go:319	Updating MCP configuration
2025-10-18T08:12:00: 2025-10-18 00:12:00	info	core/server.go:343	no updated MCP configurations found, skipping update
2025-10-18T08:12:00: 2025-10-18 00:12:00	info	core/server.go:405	Configuration reloaded successfully
2025-10-18T08:22:00: 2025-10-18 00:22:00	info	mcp-gateway/main.go:243	Received ticker signal	{"reload_switch": true}
2025-10-18T08:22:00: 2025-10-18 00:22:00	info	core/server.go:389	Reloading MCP configuration
2025-10-18T08:22:00: 2025-10-18 00:22:00	info	core/server.go:319	Updating MCP configuration
2025-10-18T08:22:00: 2025-10-18 00:22:00	info	core/server.go:343	no updated MCP configurations found, skipping update
2025-10-18T08:22:00: 2025-10-18 00:22:00	info	core/server.go:405	Configuration reloaded successfully
2025-10-18T08:32:00: 2025-10-18 00:32:00	info	mcp-gateway/main.go:243	Received ticker signal	{"reload_switch": true}
2025-10-18T08:32:00: 2025-10-18 00:32:00	info	core/server.go:389	Reloading MCP configuration
2025-10-18T08:32:00: 2025-10-18 00:32:00	info	core/server.go:319	Updating MCP configuration
2025-10-18T08:32:00: 2025-10-18 00:32:00	info	core/server.go:343	no updated MCP configurations found, skipping update
2025-10-18T08:32:00: 2025-10-18 00:32:00	info	core/server.go:405	Configuration reloaded successfully
2025-10-18T08:42:00: 2025-10-18 00:42:00	info	mcp-gateway/main.go:243	Received ticker signal	{"reload_switch": true}
2025-10-18T08:42:00: 2025-10-18 00:42:00	info	core/server.go:389	Reloading MCP configuration
2025-10-18T08:42:00: 2025-10-18 00:42:00	info	core/server.go:319	Updating MCP configuration
2025-10-18T08:42:00: 2025-10-18 00:42:00	info	core/server.go:343	no updated MCP configurations found, skipping update
2025-10-18T08:42:00: 2025-10-18 00:42:00	info	core/server.go:405	Configuration reloaded successfully
2025-10-18T08:52:00: 2025-10-18 00:52:00	info	mcp-gateway/main.go:243	Received ticker signal	{"reload_switch": true}
2025-10-18T08:52:00: 2025-10-18 00:52:00	info	core/server.go:389	Reloading MCP configuration
2025-10-18T08:52:00: 2025-10-18 00:52:00	info	core/server.go:319	Updating MCP configuration
2025-10-18T08:52:00: 2025-10-18 00:52:00	info	core/server.go:343	no updated MCP configurations found, skipping update
2025-10-18T08:52:00: 2025-10-18 00:52:00	info	core/server.go:405	Configuration reloaded successfully
2025-10-18T09:02:00: 2025-10-18 01:02:00	info	mcp-gateway/main.go:243	Received ticker signal	{"reload_switch": true}
2025-10-18T09:02:00: 2025-10-18 01:02:00	info	core/server.go:389	Reloading MCP configuration
2025-10-18T09:02:00: 2025-10-18 01:02:00	info	core/server.go:319	Updating MCP configuration
2025-10-18T09:02:00: 2025-10-18 01:02:00	info	core/server.go:343	no updated MCP configurations found, skipping update
2025-10-18T09:02:00: 2025-10-18 01:02:00	info	core/server.go:405	Configuration reloaded successfully
2025-10-18T09:12:00: 2025-10-18 01:12:00	info	mcp-gateway/main.go:243	Received ticker signal	{"reload_switch": true}
2025-10-18T09:12:00: 2025-10-18 01:12:00	info	core/server.go:389	Reloading MCP configuration
2025-10-18T09:12:00: 2025-10-18 01:12:00	info	core/server.go:319	Updating MCP configuration
2025-10-18T09:12:00: 2025-10-18 01:12:00	info	core/server.go:343	no updated MCP configurations found, skipping update
2025-10-18T09:12:00: 2025-10-18 01:12:00	info	core/server.go:405	Configuration reloaded successfully
2025-10-18T09:22:00: 2025-10-18 01:22:00	info	mcp-gateway/main.go:243	Received ticker signal	{"reload_switch": true}
2025-10-18T09:22:00: 2025-10-18 01:22:00	info	core/server.go:389	Reloading MCP configuration
2025-10-18T09:22:00: 2025-10-18 01:22:00	info	core/server.go:319	Updating MCP configuration
2025-10-18T09:22:00: 2025-10-18 01:22:00	info	core/server.go:343	no updated MCP configurations found, skipping update
2025-10-18T09:22:00: 2025-10-18 01:22:00	info	core/server.go:405	Configuration reloaded successfully
2025-10-18T09:32:00: 2025-10-18 01:32:00	info	mcp-gateway/main.go:243	Received ticker signal	{"reload_switch": true}
2025-10-18T09:32:00: 2025-10-18 01:32:00	info	core/server.go:389	Reloading MCP configuration
2025-10-18T09:32:00: 2025-10-18 01:32:00	info	core/server.go:319	Updating MCP configuration
2025-10-18T09:32:00: 2025-10-18 01:32:00	info	core/server.go:343	no updated MCP configurations found, skipping update
2025-10-18T09:32:00: 2025-10-18 01:32:00	info	core/server.go:405	Configuration reloaded successfully
2025-10-18T09:42:00: 2025-10-18 01:42:00	info	mcp-gateway/main.go:243	Received ticker signal	{"reload_switch": true}
2025-10-18T09:42:00: 2025-10-18 01:42:00	info	core/server.go:389	Reloading MCP configuration
2025-10-18T09:42:00: 2025-10-18 01:42:00	info	core/server.go:319	Updating MCP configuration
2025-10-18T09:42:00: 2025-10-18 01:42:00	info	core/server.go:343	no updated MCP configurations found, skipping update
2025-10-18T09:42:00: 2025-10-18 01:42:00	info	core/server.go:405	Configuration reloaded successfully
2025-10-18T09:52:00: 2025-10-18 01:52:00	info	mcp-gateway/main.go:243	Received ticker signal	{"reload_switch": true}
2025-10-18T09:52:00: 2025-10-18 01:52:00	info	core/server.go:389	Reloading MCP configuration
2025-10-18T09:52:00: 2025-10-18 01:52:00	info	core/server.go:319	Updating MCP configuration
2025-10-18T09:52:00: 2025-10-18 01:52:00	info	core/server.go:343	no updated MCP configurations found, skipping update
2025-10-18T09:52:00: 2025-10-18 01:52:00	info	core/server.go:405	Configuration reloaded successfully
2025-10-18T10:02:00: 2025-10-18 02:02:00	info	mcp-gateway/main.go:243	Received ticker signal	{"reload_switch": true}
2025-10-18T10:02:00: 2025-10-18 02:02:00	info	core/server.go:389	Reloading MCP configuration
2025-10-18T10:02:00: 2025-10-18 02:02:00	info	core/server.go:319	Updating MCP configuration
2025-10-18T10:02:00: 2025-10-18 02:02:00	info	core/server.go:343	no updated MCP configurations found, skipping update
2025-10-18T10:02:00: 2025-10-18 02:02:00	info	core/server.go:405	Configuration reloaded successfully
2025-10-18T10:12:00: 2025-10-18 02:12:00	info	mcp-gateway/main.go:243	Received ticker signal	{"reload_switch": true}
2025-10-18T10:12:00: 2025-10-18 02:12:00	info	core/server.go:389	Reloading MCP configuration
2025-10-18T10:12:00: 2025-10-18 02:12:00	info	core/server.go:319	Updating MCP configuration
2025-10-18T10:12:00: 2025-10-18 02:12:00	info	core/server.go:343	no updated MCP configurations found, skipping update
2025-10-18T10:12:00: 2025-10-18 02:12:00	info	core/server.go:405	Configuration reloaded successfully
2025-10-18T10:22:00: 2025-10-18 02:22:00	info	mcp-gateway/main.go:243	Received ticker signal	{"reload_switch": true}
2025-10-18T10:22:00: 2025-10-18 02:22:00	info	core/server.go:389	Reloading MCP configuration
2025-10-18T10:22:00: 2025-10-18 02:22:00	info	core/server.go:319	Updating MCP configuration
2025-10-18T10:22:00: 2025-10-18 02:22:00	info	core/server.go:343	no updated MCP configurations found, skipping update
2025-10-18T10:22:00: 2025-10-18 02:22:00	info	core/server.go:405	Configuration reloaded successfully
2025-10-18T10:32:00: 2025-10-18 02:32:00	info	mcp-gateway/main.go:243	Received ticker signal	{"reload_switch": true}
2025-10-18T10:32:00: 2025-10-18 02:32:00	info	core/server.go:389	Reloading MCP configuration
2025-10-18T10:32:00: 2025-10-18 02:32:00	info	core/server.go:319	Updating MCP configuration
2025-10-18T10:32:00: 2025-10-18 02:32:00	info	core/server.go:343	no updated MCP configurations found, skipping update
2025-10-18T10:32:00: 2025-10-18 02:32:00	info	core/server.go:405	Configuration reloaded successfully
2025-10-18T10:42:00: 2025-10-18 02:42:00	info	mcp-gateway/main.go:243	Received ticker signal	{"reload_switch": true}
2025-10-18T10:42:00: 2025-10-18 02:42:00	info	core/server.go:389	Reloading MCP configuration
2025-10-18T10:42:00: 2025-10-18 02:42:00	info	core/server.go:319	Updating MCP configuration
2025-10-18T10:42:00: 2025-10-18 02:42:00	info	core/server.go:343	no updated MCP configurations found, skipping update
2025-10-18T10:42:00: 2025-10-18 02:42:00	info	core/server.go:405	Configuration reloaded successfully
2025-10-18T10:52:00: 2025-10-18 02:52:00	info	mcp-gateway/main.go:243	Received ticker signal	{"reload_switch": true}
2025-10-18T10:52:00: 2025-10-18 02:52:00	info	core/server.go:389	Reloading MCP configuration
2025-10-18T10:52:00: 2025-10-18 02:52:00	info	core/server.go:319	Updating MCP configuration
2025-10-18T10:52:00: 2025-10-18 02:52:00	info	core/server.go:343	no updated MCP configurations found, skipping update
2025-10-18T10:52:00: 2025-10-18 02:52:00	info	core/server.go:405	Configuration reloaded successfully
2025-10-18T11:02:00: 2025-10-18 03:02:00	info	mcp-gateway/main.go:243	Received ticker signal	{"reload_switch": true}
2025-10-18T11:02:00: 2025-10-18 03:02:00	info	core/server.go:389	Reloading MCP configuration
2025-10-18T11:02:00: 2025-10-18 03:02:00	info	core/server.go:319	Updating MCP configuration
2025-10-18T11:02:00: 2025-10-18 03:02:00	info	core/server.go:343	no updated MCP configurations found, skipping update
2025-10-18T11:02:00: 2025-10-18 03:02:00	info	core/server.go:405	Configuration reloaded successfully
2025-10-18T11:12:00: 2025-10-18 03:12:00	info	mcp-gateway/main.go:243	Received ticker signal	{"reload_switch": true}
2025-10-18T11:12:00: 2025-10-18 03:12:00	info	core/server.go:389	Reloading MCP configuration
2025-10-18T11:12:00: 2025-10-18 03:12:00	info	core/server.go:319	Updating MCP configuration
2025-10-18T11:12:00: 2025-10-18 03:12:00	info	core/server.go:343	no updated MCP configurations found, skipping update
2025-10-18T11:12:00: 2025-10-18 03:12:00	info	core/server.go:405	Configuration reloaded successfully
2025-10-18T11:22:00: 2025-10-18 03:22:00	info	mcp-gateway/main.go:243	Received ticker signal	{"reload_switch": true}
2025-10-18T11:22:00: 2025-10-18 03:22:00	info	core/server.go:389	Reloading MCP configuration
2025-10-18T11:22:00: 2025-10-18 03:22:00	info	core/server.go:319	Updating MCP configuration
2025-10-18T11:22:00: 2025-10-18 03:22:00	info	core/server.go:343	no updated MCP configurations found, skipping update
2025-10-18T11:22:00: 2025-10-18 03:22:00	info	core/server.go:405	Configuration reloaded successfully
2025-10-18T11:32:00: 2025-10-18 03:32:00	info	mcp-gateway/main.go:243	Received ticker signal	{"reload_switch": true}
2025-10-18T11:32:00: 2025-10-18 03:32:00	info	core/server.go:389	Reloading MCP configuration
2025-10-18T11:32:00: 2025-10-18 03:32:00	info	core/server.go:319	Updating MCP configuration
2025-10-18T11:32:00: 2025-10-18 03:32:00	info	core/server.go:343	no updated MCP configurations found, skipping update
2025-10-18T11:32:00: 2025-10-18 03:32:00	info	core/server.go:405	Configuration reloaded successfully
2025-10-18T11:42:00: 2025-10-18 03:42:00	info	mcp-gateway/main.go:243	Received ticker signal	{"reload_switch": true}
2025-10-18T11:42:00: 2025-10-18 03:42:00	info	core/server.go:389	Reloading MCP configuration
2025-10-18T11:42:00: 2025-10-18 03:42:00	info	core/server.go:319	Updating MCP configuration
2025-10-18T11:42:00: 2025-10-18 03:42:00	info	core/server.go:343	no updated MCP configurations found, skipping update
2025-10-18T11:42:00: 2025-10-18 03:42:00	info	core/server.go:405	Configuration reloaded successfully
2025-10-18T11:52:00: 2025-10-18 03:52:00	info	mcp-gateway/main.go:243	Received ticker signal	{"reload_switch": true}
2025-10-18T11:52:00: 2025-10-18 03:52:00	info	core/server.go:389	Reloading MCP configuration
2025-10-18T11:52:00: 2025-10-18 03:52:00	info	core/server.go:319	Updating MCP configuration
2025-10-18T11:52:00: 2025-10-18 03:52:00	info	core/server.go:343	no updated MCP configurations found, skipping update
2025-10-18T11:52:00: 2025-10-18 03:52:00	info	core/server.go:405	Configuration reloaded successfully
2025-10-18T12:02:00: 2025-10-18 04:02:00	info	mcp-gateway/main.go:243	Received ticker signal	{"reload_switch": true}
2025-10-18T12:02:00: 2025-10-18 04:02:00	info	core/server.go:389	Reloading MCP configuration
2025-10-18T12:02:00: 2025-10-18 04:02:00	info	core/server.go:319	Updating MCP configuration
2025-10-18T12:02:00: 2025-10-18 04:02:00	info	core/server.go:343	no updated MCP configurations found, skipping update
2025-10-18T12:02:00: 2025-10-18 04:02:00	info	core/server.go:405	Configuration reloaded successfully
2025-10-18T12:12:00: 2025-10-18 04:12:00	info	mcp-gateway/main.go:243	Received ticker signal	{"reload_switch": true}
2025-10-18T12:12:00: 2025-10-18 04:12:00	info	core/server.go:389	Reloading MCP configuration
2025-10-18T12:12:00: 2025-10-18 04:12:00	info	core/server.go:319	Updating MCP configuration
2025-10-18T12:12:00: 2025-10-18 04:12:00	info	core/server.go:343	no updated MCP configurations found, skipping update
2025-10-18T12:12:00: 2025-10-18 04:12:00	info	core/server.go:405	Configuration reloaded successfully
2025-10-18T12:22:00: 2025-10-18 04:22:00	info	mcp-gateway/main.go:243	Received ticker signal	{"reload_switch": true}
2025-10-18T12:22:00: 2025-10-18 04:22:00	info	core/server.go:389	Reloading MCP configuration
2025-10-18T12:22:00: 2025-10-18 04:22:00	info	core/server.go:319	Updating MCP configuration
2025-10-18T12:22:00: 2025-10-18 04:22:00	info	core/server.go:343	no updated MCP configurations found, skipping update
2025-10-18T12:22:00: 2025-10-18 04:22:00	info	core/server.go:405	Configuration reloaded successfully
2025-10-18T12:32:00: 2025-10-18 04:32:00	info	mcp-gateway/main.go:243	Received ticker signal	{"reload_switch": true}
2025-10-18T12:32:00: 2025-10-18 04:32:00	info	core/server.go:389	Reloading MCP configuration
2025-10-18T12:32:00: 2025-10-18 04:32:00	info	core/server.go:319	Updating MCP configuration
2025-10-18T12:32:00: 2025-10-18 04:32:00	info	core/server.go:343	no updated MCP configurations found, skipping update
2025-10-18T12:32:00: 2025-10-18 04:32:00	info	core/server.go:405	Configuration reloaded successfully
2025-10-18T12:42:00: 2025-10-18 04:42:00	info	mcp-gateway/main.go:243	Received ticker signal	{"reload_switch": true}
2025-10-18T12:42:00: 2025-10-18 04:42:00	info	core/server.go:389	Reloading MCP configuration
2025-10-18T12:42:00: 2025-10-18 04:42:00	info	core/server.go:319	Updating MCP configuration
2025-10-18T12:42:00: 2025-10-18 04:42:00	info	core/server.go:343	no updated MCP configurations found, skipping update
2025-10-18T12:42:00: 2025-10-18 04:42:00	info	core/server.go:405	Configuration reloaded successfully
2025-10-18T12:52:00: 2025-10-18 04:52:00	info	mcp-gateway/main.go:243	Received ticker signal	{"reload_switch": true}
2025-10-18T12:52:00: 2025-10-18 04:52:00	info	core/server.go:389	Reloading MCP configuration
2025-10-18T12:52:00: 2025-10-18 04:52:00	info	core/server.go:319	Updating MCP configuration
2025-10-18T12:52:00: 2025-10-18 04:52:00	info	core/server.go:343	no updated MCP configurations found, skipping update
2025-10-18T12:52:00: 2025-10-18 04:52:00	info	core/server.go:405	Configuration reloaded successfully
2025-10-18T13:02:00: 2025-10-18 05:02:00	info	mcp-gateway/main.go:243	Received ticker signal	{"reload_switch": true}
2025-10-18T13:02:00: 2025-10-18 05:02:00	info	core/server.go:389	Reloading MCP configuration
2025-10-18T13:02:00: 2025-10-18 05:02:00	info	core/server.go:319	Updating MCP configuration
2025-10-18T13:02:00: 2025-10-18 05:02:00	info	core/server.go:343	no updated MCP configurations found, skipping update
2025-10-18T13:02:00: 2025-10-18 05:02:00	info	core/server.go:405	Configuration reloaded successfully
2025-10-18T13:12:00: 2025-10-18 05:12:00	info	mcp-gateway/main.go:243	Received ticker signal	{"reload_switch": true}
2025-10-18T13:12:00: 2025-10-18 05:12:00	info	core/server.go:389	Reloading MCP configuration
2025-10-18T13:12:00: 2025-10-18 05:12:00	info	core/server.go:319	Updating MCP configuration
2025-10-18T13:12:00: 2025-10-18 05:12:00	info	core/server.go:343	no updated MCP configurations found, skipping update
2025-10-18T13:12:00: 2025-10-18 05:12:00	info	core/server.go:405	Configuration reloaded successfully
2025-10-18T13:22:00: 2025-10-18 05:22:00	info	mcp-gateway/main.go:243	Received ticker signal	{"reload_switch": true}
2025-10-18T13:22:00: 2025-10-18 05:22:00	info	core/server.go:389	Reloading MCP configuration
2025-10-18T13:22:00: 2025-10-18 05:22:00	info	core/server.go:319	Updating MCP configuration
2025-10-18T13:22:00: 2025-10-18 05:22:00	info	core/server.go:343	no updated MCP configurations found, skipping update
2025-10-18T13:22:00: 2025-10-18 05:22:00	info	core/server.go:405	Configuration reloaded successfully
2025-10-18T13:32:00: 2025-10-18 05:32:00	info	mcp-gateway/main.go:243	Received ticker signal	{"reload_switch": true}
2025-10-18T13:32:00: 2025-10-18 05:32:00	info	core/server.go:389	Reloading MCP configuration
2025-10-18T13:32:00: 2025-10-18 05:32:00	info	core/server.go:319	Updating MCP configuration
2025-10-18T13:32:00: 2025-10-18 05:32:00	info	core/server.go:343	no updated MCP configurations found, skipping update
2025-10-18T13:32:00: 2025-10-18 05:32:00	info	core/server.go:405	Configuration reloaded successfully
2025-10-18T13:42:00: 2025-10-18 05:42:00	info	mcp-gateway/main.go:243	Received ticker signal	{"reload_switch": true}
2025-10-18T13:42:00: 2025-10-18 05:42:00	info	core/server.go:389	Reloading MCP configuration
2025-10-18T13:42:00: 2025-10-18 05:42:00	info	core/server.go:319	Updating MCP configuration
2025-10-18T13:42:00: 2025-10-18 05:42:00	info	core/server.go:343	no updated MCP configurations found, skipping update
2025-10-18T13:42:00: 2025-10-18 05:42:00	info	core/server.go:405	Configuration reloaded successfully
2025-10-18T13:52:00: 2025-10-18 05:52:00	info	mcp-gateway/main.go:243	Received ticker signal	{"reload_switch": true}
2025-10-18T13:52:00: 2025-10-18 05:52:00	info	core/server.go:389	Reloading MCP configuration
2025-10-18T13:52:00: 2025-10-18 05:52:00	info	core/server.go:319	Updating MCP configuration
2025-10-18T13:52:00: 2025-10-18 05:52:00	info	core/server.go:343	no updated MCP configurations found, skipping update
2025-10-18T13:52:00: 2025-10-18 05:52:00	info	core/server.go:405	Configuration reloaded successfully
2025-10-18T14:02:00: 2025-10-18 06:02:00	info	mcp-gateway/main.go:243	Received ticker signal	{"reload_switch": true}
2025-10-18T14:02:00: 2025-10-18 06:02:00	info	core/server.go:389	Reloading MCP configuration
2025-10-18T14:02:00: 2025-10-18 06:02:00	info	core/server.go:319	Updating MCP configuration
2025-10-18T14:02:00: 2025-10-18 06:02:00	info	core/server.go:343	no updated MCP configurations found, skipping update
2025-10-18T14:02:00: 2025-10-18 06:02:00	info	core/server.go:405	Configuration reloaded successfully
2025-10-18T14:12:00: 2025-10-18 06:12:00	info	mcp-gateway/main.go:243	Received ticker signal	{"reload_switch": true}
2025-10-18T14:12:00: 2025-10-18 06:12:00	info	core/server.go:389	Reloading MCP configuration
2025-10-18T14:12:00: 2025-10-18 06:12:00	info	core/server.go:319	Updating MCP configuration
2025-10-18T14:12:00: 2025-10-18 06:12:00	info	core/server.go:343	no updated MCP configurations found, skipping update
2025-10-18T14:12:00: 2025-10-18 06:12:00	info	core/server.go:405	Configuration reloaded successfully
2025-10-18T14:22:00: 2025-10-18 06:22:00	info	mcp-gateway/main.go:243	Received ticker signal	{"reload_switch": true}
2025-10-18T14:22:00: 2025-10-18 06:22:00	info	core/server.go:389	Reloading MCP configuration
2025-10-18T14:22:00: 2025-10-18 06:22:00	info	core/server.go:319	Updating MCP configuration
2025-10-18T14:22:00: 2025-10-18 06:22:00	info	core/server.go:343	no updated MCP configurations found, skipping update
2025-10-18T14:22:00: 2025-10-18 06:22:00	info	core/server.go:405	Configuration reloaded successfully
2025-10-18T14:32:00: 2025-10-18 06:32:00	info	mcp-gateway/main.go:243	Received ticker signal	{"reload_switch": true}
2025-10-18T14:32:00: 2025-10-18 06:32:00	info	core/server.go:389	Reloading MCP configuration
2025-10-18T14:32:00: 2025-10-18 06:32:00	info	core/server.go:319	Updating MCP configuration
2025-10-18T14:32:00: 2025-10-18 06:32:00	info	core/server.go:343	no updated MCP configurations found, skipping update
2025-10-18T14:32:00: 2025-10-18 06:32:00	info	core/server.go:405	Configuration reloaded successfully
2025-10-18T14:42:00: 2025-10-18 06:42:00	info	mcp-gateway/main.go:243	Received ticker signal	{"reload_switch": true}
2025-10-18T14:42:00: 2025-10-18 06:42:00	info	core/server.go:389	Reloading MCP configuration
2025-10-18T14:42:00: 2025-10-18 06:42:00	info	core/server.go:319	Updating MCP configuration
2025-10-18T14:42:00: 2025-10-18 06:42:00	info	core/server.go:343	no updated MCP configurations found, skipping update
2025-10-18T14:42:00: 2025-10-18 06:42:00	info	core/server.go:405	Configuration reloaded successfully
2025-10-18T14:52:00: 2025-10-18 06:52:00	info	mcp-gateway/main.go:243	Received ticker signal	{"reload_switch": true}
2025-10-18T14:52:00: 2025-10-18 06:52:00	info	core/server.go:389	Reloading MCP configuration
2025-10-18T14:52:00: 2025-10-18 06:52:00	info	core/server.go:319	Updating MCP configuration
2025-10-18T14:52:00: 2025-10-18 06:52:00	info	core/server.go:343	no updated MCP configurations found, skipping update
2025-10-18T14:52:00: 2025-10-18 06:52:00	info	core/server.go:405	Configuration reloaded successfully
2025-10-18T15:02:00: 2025-10-18 07:02:00	info	mcp-gateway/main.go:243	Received ticker signal	{"reload_switch": true}
2025-10-18T15:02:00: 2025-10-18 07:02:00	info	core/server.go:389	Reloading MCP configuration
2025-10-18T15:02:00: 2025-10-18 07:02:00	info	core/server.go:319	Updating MCP configuration
2025-10-18T15:02:00: 2025-10-18 07:02:00	info	core/server.go:343	no updated MCP configurations found, skipping update
2025-10-18T15:02:00: 2025-10-18 07:02:00	info	core/server.go:405	Configuration reloaded successfully
2025-10-18T15:12:00: 2025-10-18 07:12:00	info	mcp-gateway/main.go:243	Received ticker signal	{"reload_switch": true}
2025-10-18T15:12:00: 2025-10-18 07:12:00	info	core/server.go:389	Reloading MCP configuration
2025-10-18T15:12:00: 2025-10-18 07:12:00	info	core/server.go:319	Updating MCP configuration
2025-10-18T15:12:00: 2025-10-18 07:12:00	info	core/server.go:343	no updated MCP configurations found, skipping update
2025-10-18T15:12:00: 2025-10-18 07:12:00	info	core/server.go:405	Configuration reloaded successfully
2025-10-18T15:22:00: 2025-10-18 07:22:00	info	mcp-gateway/main.go:243	Received ticker signal	{"reload_switch": true}
2025-10-18T15:22:00: 2025-10-18 07:22:00	info	core/server.go:389	Reloading MCP configuration
2025-10-18T15:22:00: 2025-10-18 07:22:00	info	core/server.go:319	Updating MCP configuration
2025-10-18T15:22:00: 2025-10-18 07:22:00	info	core/server.go:343	no updated MCP configurations found, skipping update
2025-10-18T15:22:00: 2025-10-18 07:22:00	info	core/server.go:405	Configuration reloaded successfully
2025-10-18T15:32:00: 2025-10-18 07:32:00	info	mcp-gateway/main.go:243	Received ticker signal	{"reload_switch": true}
2025-10-18T15:32:00: 2025-10-18 07:32:00	info	core/server.go:389	Reloading MCP configuration
2025-10-18T15:32:00: 2025-10-18 07:32:00	info	core/server.go:319	Updating MCP configuration
2025-10-18T15:32:00: 2025-10-18 07:32:00	info	core/server.go:343	no updated MCP configurations found, skipping update
2025-10-18T15:32:00: 2025-10-18 07:32:00	info	core/server.go:405	Configuration reloaded successfully
2025-10-18T15:42:00: 2025-10-18 07:42:00	info	mcp-gateway/main.go:243	Received ticker signal	{"reload_switch": true}
2025-10-18T15:42:00: 2025-10-18 07:42:00	info	core/server.go:389	Reloading MCP configuration
2025-10-18T15:42:00: 2025-10-18 07:42:00	info	core/server.go:319	Updating MCP configuration
2025-10-18T15:42:00: 2025-10-18 07:42:00	info	core/server.go:343	no updated MCP configurations found, skipping update
2025-10-18T15:42:00: 2025-10-18 07:42:00	info	core/server.go:405	Configuration reloaded successfully
2025-10-18T15:52:00: 2025-10-18 07:52:00	info	mcp-gateway/main.go:243	Received ticker signal	{"reload_switch": true}
2025-10-18T15:52:00: 2025-10-18 07:52:00	info	core/server.go:389	Reloading MCP configuration
2025-10-18T15:52:00: 2025-10-18 07:52:00	info	core/server.go:319	Updating MCP configuration
2025-10-18T15:52:00: 2025-10-18 07:52:00	info	core/server.go:343	no updated MCP configurations found, skipping update
2025-10-18T15:52:00: 2025-10-18 07:52:00	info	core/server.go:405	Configuration reloaded successfully
2025-10-18T16:02:00: 2025-10-18 08:02:00	info	mcp-gateway/main.go:243	Received ticker signal	{"reload_switch": true}
2025-10-18T16:02:00: 2025-10-18 08:02:00	info	core/server.go:389	Reloading MCP configuration
2025-10-18T16:02:00: 2025-10-18 08:02:00	info	core/server.go:319	Updating MCP configuration
2025-10-18T16:02:00: 2025-10-18 08:02:00	info	core/server.go:343	no updated MCP configurations found, skipping update
2025-10-18T16:02:00: 2025-10-18 08:02:00	info	core/server.go:405	Configuration reloaded successfully
2025-10-18T16:12:00: 2025-10-18 08:12:00	info	mcp-gateway/main.go:243	Received ticker signal	{"reload_switch": true}
2025-10-18T16:12:00: 2025-10-18 08:12:00	info	core/server.go:389	Reloading MCP configuration
2025-10-18T16:12:00: 2025-10-18 08:12:00	info	core/server.go:319	Updating MCP configuration
2025-10-18T16:12:00: 2025-10-18 08:12:00	info	core/server.go:343	no updated MCP configurations found, skipping update
2025-10-18T16:12:00: 2025-10-18 08:12:00	info	core/server.go:405	Configuration reloaded successfully
2025-10-18T16:22:00: 2025-10-18 08:22:00	info	mcp-gateway/main.go:243	Received ticker signal	{"reload_switch": true}
2025-10-18T16:22:00: 2025-10-18 08:22:00	info	core/server.go:389	Reloading MCP configuration
2025-10-18T16:22:00: 2025-10-18 08:22:00	info	core/server.go:319	Updating MCP configuration
2025-10-18T16:22:00: 2025-10-18 08:22:00	info	core/server.go:343	no updated MCP configurations found, skipping update
2025-10-18T16:22:00: 2025-10-18 08:22:00	info	core/server.go:405	Configuration reloaded successfully
2025-10-18T16:32:00: 2025-10-18 08:32:00	info	mcp-gateway/main.go:243	Received ticker signal	{"reload_switch": true}
2025-10-18T16:32:00: 2025-10-18 08:32:00	info	core/server.go:389	Reloading MCP configuration
2025-10-18T16:32:00: 2025-10-18 08:32:00	info	core/server.go:319	Updating MCP configuration
2025-10-18T16:32:00: 2025-10-18 08:32:00	info	core/server.go:343	no updated MCP configurations found, skipping update
2025-10-18T16:32:00: 2025-10-18 08:32:00	info	core/server.go:405	Configuration reloaded successfully
2025-10-18T16:42:00: 2025-10-18 08:42:00	info	mcp-gateway/main.go:243	Received ticker signal	{"reload_switch": true}
2025-10-18T16:42:00: 2025-10-18 08:42:00	info	core/server.go:389	Reloading MCP configuration
2025-10-18T16:42:00: 2025-10-18 08:42:00	info	core/server.go:319	Updating MCP configuration
2025-10-18T16:42:00: 2025-10-18 08:42:00	info	core/server.go:343	no updated MCP configurations found, skipping update
2025-10-18T16:42:00: 2025-10-18 08:42:00	info	core/server.go:405	Configuration reloaded successfully
2025-10-18T16:52:00: 2025-10-18 08:52:00	info	mcp-gateway/main.go:243	Received ticker signal	{"reload_switch": true}
2025-10-18T16:52:00: 2025-10-18 08:52:00	info	core/server.go:389	Reloading MCP configuration
2025-10-18T16:52:00: 2025-10-18 08:52:00	info	core/server.go:319	Updating MCP configuration
2025-10-18T16:52:00: 2025-10-18 08:52:00	info	core/server.go:343	no updated MCP configurations found, skipping update
2025-10-18T16:52:00: 2025-10-18 08:52:00	info	core/server.go:405	Configuration reloaded successfully
2025-10-18T17:02:00: 2025-10-18 09:02:00	info	mcp-gateway/main.go:243	Received ticker signal	{"reload_switch": true}
2025-10-18T17:02:00: 2025-10-18 09:02:00	info	core/server.go:389	Reloading MCP configuration
2025-10-18T17:02:00: 2025-10-18 09:02:00	info	core/server.go:319	Updating MCP configuration
2025-10-18T17:02:00: 2025-10-18 09:02:00	info	core/server.go:343	no updated MCP configurations found, skipping update
2025-10-18T17:02:00: 2025-10-18 09:02:00	info	core/server.go:405	Configuration reloaded successfully
2025-10-18T17:12:00: 2025-10-18 09:12:00	info	mcp-gateway/main.go:243	Received ticker signal	{"reload_switch": true}
2025-10-18T17:12:00: 2025-10-18 09:12:00	info	core/server.go:389	Reloading MCP configuration
2025-10-18T17:12:00: 2025-10-18 09:12:00	info	core/server.go:319	Updating MCP configuration
2025-10-18T17:12:00: 2025-10-18 09:12:00	info	core/server.go:343	no updated MCP configurations found, skipping update
2025-10-18T17:12:00: 2025-10-18 09:12:00	info	core/server.go:405	Configuration reloaded successfully
2025-10-18T17:22:00: 2025-10-18 09:22:00	info	mcp-gateway/main.go:243	Received ticker signal	{"reload_switch": true}
2025-10-18T17:22:00: 2025-10-18 09:22:00	info	core/server.go:389	Reloading MCP configuration
2025-10-18T17:22:00: 2025-10-18 09:22:00	info	core/server.go:319	Updating MCP configuration
2025-10-18T17:22:00: 2025-10-18 09:22:00	info	core/server.go:343	no updated MCP configurations found, skipping update
2025-10-18T17:22:00: 2025-10-18 09:22:00	info	core/server.go:405	Configuration reloaded successfully
2025-10-18T17:32:00: 2025-10-18 09:32:00	info	mcp-gateway/main.go:243	Received ticker signal	{"reload_switch": true}
2025-10-18T17:32:00: 2025-10-18 09:32:00	info	core/server.go:389	Reloading MCP configuration
2025-10-18T17:32:00: 2025-10-18 09:32:00	info	core/server.go:319	Updating MCP configuration
2025-10-18T17:32:00: 2025-10-18 09:32:00	info	core/server.go:343	no updated MCP configurations found, skipping update
2025-10-18T17:32:00: 2025-10-18 09:32:00	info	core/server.go:405	Configuration reloaded successfully
2025-10-18T17:42:00: 2025-10-18 09:42:00	info	mcp-gateway/main.go:243	Received ticker signal	{"reload_switch": true}
2025-10-18T17:42:00: 2025-10-18 09:42:00	info	core/server.go:389	Reloading MCP configuration
2025-10-18T17:42:00: 2025-10-18 09:42:00	info	core/server.go:319	Updating MCP configuration
2025-10-18T17:42:00: 2025-10-18 09:42:00	info	core/server.go:343	no updated MCP configurations found, skipping update
2025-10-18T17:42:00: 2025-10-18 09:42:00	info	core/server.go:405	Configuration reloaded successfully
2025-10-18T17:52:00: 2025-10-18 09:52:00	info	mcp-gateway/main.go:243	Received ticker signal	{"reload_switch": true}
2025-10-18T17:52:00: 2025-10-18 09:52:00	info	core/server.go:389	Reloading MCP configuration
2025-10-18T17:52:00: 2025-10-18 09:52:00	info	core/server.go:319	Updating MCP configuration
2025-10-18T17:52:00: 2025-10-18 09:52:00	info	core/server.go:343	no updated MCP configurations found, skipping update
2025-10-18T17:52:00: 2025-10-18 09:52:00	info	core/server.go:405	Configuration reloaded successfully
2025-10-18T18:02:00: 2025-10-18 10:02:00	info	mcp-gateway/main.go:243	Received ticker signal	{"reload_switch": true}
2025-10-18T18:02:00: 2025-10-18 10:02:00	info	core/server.go:389	Reloading MCP configuration
2025-10-18T18:02:00: 2025-10-18 10:02:00	info	core/server.go:319	Updating MCP configuration
2025-10-18T18:02:00: 2025-10-18 10:02:00	info	core/server.go:343	no updated MCP configurations found, skipping update
2025-10-18T18:02:00: 2025-10-18 10:02:00	info	core/server.go:405	Configuration reloaded successfully
2025-10-18T18:12:00: 2025-10-18 10:12:00	info	mcp-gateway/main.go:243	Received ticker signal	{"reload_switch": true}
2025-10-18T18:12:00: 2025-10-18 10:12:00	info	core/server.go:389	Reloading MCP configuration
2025-10-18T18:12:00: 2025-10-18 10:12:00	info	core/server.go:319	Updating MCP configuration
2025-10-18T18:12:00: 2025-10-18 10:12:00	info	core/server.go:343	no updated MCP configurations found, skipping update
2025-10-18T18:12:00: 2025-10-18 10:12:00	info	core/server.go:405	Configuration reloaded successfully
2025-10-18T18:22:00: 2025-10-18 10:22:00	info	mcp-gateway/main.go:243	Received ticker signal	{"reload_switch": true}
2025-10-18T18:22:00: 2025-10-18 10:22:00	info	core/server.go:389	Reloading MCP configuration
2025-10-18T18:22:00: 2025-10-18 10:22:00	info	core/server.go:319	Updating MCP configuration
2025-10-18T18:22:00: 2025-10-18 10:22:00	info	core/server.go:343	no updated MCP configurations found, skipping update
2025-10-18T18:22:00: 2025-10-18 10:22:00	info	core/server.go:405	Configuration reloaded successfully
2025-10-18T18:32:00: 2025-10-18 10:32:00	info	mcp-gateway/main.go:243	Received ticker signal	{"reload_switch": true}
2025-10-18T18:32:00: 2025-10-18 10:32:00	info	core/server.go:389	Reloading MCP configuration
2025-10-18T18:32:00: 2025-10-18 10:32:00	info	core/server.go:319	Updating MCP configuration
2025-10-18T18:32:00: 2025-10-18 10:32:00	info	core/server.go:343	no updated MCP configurations found, skipping update
2025-10-18T18:32:00: 2025-10-18 10:32:00	info	core/server.go:405	Configuration reloaded successfully
2025-10-18T18:42:00: 2025-10-18 10:42:00	info	mcp-gateway/main.go:243	Received ticker signal	{"reload_switch": true}
2025-10-18T18:42:00: 2025-10-18 10:42:00	info	core/server.go:389	Reloading MCP configuration
2025-10-18T18:42:00: 2025-10-18 10:42:00	info	core/server.go:319	Updating MCP configuration
2025-10-18T18:42:00: 2025-10-18 10:42:00	info	core/server.go:343	no updated MCP configurations found, skipping update
2025-10-18T18:42:00: 2025-10-18 10:42:00	info	core/server.go:405	Configuration reloaded successfully
2025-10-18T18:52:00: 2025-10-18 10:52:00	info	mcp-gateway/main.go:243	Received ticker signal	{"reload_switch": true}
2025-10-18T18:52:00: 2025-10-18 10:52:00	info	core/server.go:389	Reloading MCP configuration
2025-10-18T18:52:00: 2025-10-18 10:52:00	info	core/server.go:319	Updating MCP configuration
2025-10-18T18:52:00: 2025-10-18 10:52:00	info	core/server.go:343	no updated MCP configurations found, skipping update
2025-10-18T18:52:00: 2025-10-18 10:52:00	info	core/server.go:405	Configuration reloaded successfully
2025-10-18T19:02:00: 2025-10-18 11:02:00	info	mcp-gateway/main.go:243	Received ticker signal	{"reload_switch": true}
2025-10-18T19:02:00: 2025-10-18 11:02:00	info	core/server.go:389	Reloading MCP configuration
2025-10-18T19:02:00: 2025-10-18 11:02:00	info	core/server.go:319	Updating MCP configuration
2025-10-18T19:02:00: 2025-10-18 11:02:00	info	core/server.go:343	no updated MCP configurations found, skipping update
2025-10-18T19:02:00: 2025-10-18 11:02:00	info	core/server.go:405	Configuration reloaded successfully
2025-10-18T19:12:00: 2025-10-18 11:12:00	info	mcp-gateway/main.go:243	Received ticker signal	{"reload_switch": true}
2025-10-18T19:12:00: 2025-10-18 11:12:00	info	core/server.go:389	Reloading MCP configuration
2025-10-18T19:12:00: 2025-10-18 11:12:00	info	core/server.go:319	Updating MCP configuration
2025-10-18T19:12:00: 2025-10-18 11:12:00	info	core/server.go:343	no updated MCP configurations found, skipping update
2025-10-18T19:12:00: 2025-10-18 11:12:00	info	core/server.go:405	Configuration reloaded successfully
2025-10-18T19:22:00: 2025-10-18 11:22:00	info	mcp-gateway/main.go:243	Received ticker signal	{"reload_switch": true}
2025-10-18T19:22:00: 2025-10-18 11:22:00	info	core/server.go:389	Reloading MCP configuration
2025-10-18T19:22:00: 2025-10-18 11:22:00	info	core/server.go:319	Updating MCP configuration
2025-10-18T19:22:00: 2025-10-18 11:22:00	info	core/server.go:343	no updated MCP configurations found, skipping update
2025-10-18T19:22:00: 2025-10-18 11:22:00	info	core/server.go:405	Configuration reloaded successfully
2025-10-18T19:32:00: 2025-10-18 11:32:00	info	mcp-gateway/main.go:243	Received ticker signal	{"reload_switch": true}
2025-10-18T19:32:00: 2025-10-18 11:32:00	info	core/server.go:389	Reloading MCP configuration
2025-10-18T19:32:00: 2025-10-18 11:32:00	info	core/server.go:319	Updating MCP configuration
2025-10-18T19:32:00: 2025-10-18 11:32:00	info	core/server.go:343	no updated MCP configurations found, skipping update
2025-10-18T19:32:00: 2025-10-18 11:32:00	info	core/server.go:405	Configuration reloaded successfully
2025-10-18T19:42:00: 2025-10-18 11:42:00	info	mcp-gateway/main.go:243	Received ticker signal	{"reload_switch": true}
2025-10-18T19:42:00: 2025-10-18 11:42:00	info	core/server.go:389	Reloading MCP configuration
2025-10-18T19:42:00: 2025-10-18 11:42:00	info	core/server.go:319	Updating MCP configuration
2025-10-18T19:42:00: 2025-10-18 11:42:00	info	core/server.go:343	no updated MCP configurations found, skipping update
2025-10-18T19:42:00: 2025-10-18 11:42:00	info	core/server.go:405	Configuration reloaded successfully
2025-10-18T19:52:00: 2025-10-18 11:52:00	info	mcp-gateway/main.go:243	Received ticker signal	{"reload_switch": true}
2025-10-18T19:52:00: 2025-10-18 11:52:00	info	core/server.go:389	Reloading MCP configuration
2025-10-18T19:52:00: 2025-10-18 11:52:00	info	core/server.go:319	Updating MCP configuration
2025-10-18T19:52:00: 2025-10-18 11:52:00	info	core/server.go:343	no updated MCP configurations found, skipping update
2025-10-18T19:52:00: 2025-10-18 11:52:00	info	core/server.go:405	Configuration reloaded successfully
2025-10-18T20:02:00: 2025-10-18 12:02:00	info	mcp-gateway/main.go:243	Received ticker signal	{"reload_switch": true}
2025-10-18T20:02:00: 2025-10-18 12:02:00	info	core/server.go:389	Reloading MCP configuration
2025-10-18T20:02:00: 2025-10-18 12:02:00	info	core/server.go:319	Updating MCP configuration
2025-10-18T20:02:00: 2025-10-18 12:02:00	info	core/server.go:343	no updated MCP configurations found, skipping update
2025-10-18T20:02:00: 2025-10-18 12:02:00	info	core/server.go:405	Configuration reloaded successfully
2025-10-18T20:12:00: 2025-10-18 12:12:00	info	mcp-gateway/main.go:243	Received ticker signal	{"reload_switch": true}
2025-10-18T20:12:00: 2025-10-18 12:12:00	info	core/server.go:389	Reloading MCP configuration
2025-10-18T20:12:00: 2025-10-18 12:12:00	info	core/server.go:319	Updating MCP configuration
2025-10-18T20:12:00: 2025-10-18 12:12:00	info	core/server.go:343	no updated MCP configurations found, skipping update
2025-10-18T20:12:00: 2025-10-18 12:12:00	info	core/server.go:405	Configuration reloaded successfully
2025-10-18T20:22:00: 2025-10-18 12:22:00	info	mcp-gateway/main.go:243	Received ticker signal	{"reload_switch": true}
2025-10-18T20:22:00: 2025-10-18 12:22:00	info	core/server.go:389	Reloading MCP configuration
2025-10-18T20:22:00: 2025-10-18 12:22:00	info	core/server.go:319	Updating MCP configuration
2025-10-18T20:22:00: 2025-10-18 12:22:00	info	core/server.go:343	no updated MCP configurations found, skipping update
2025-10-18T20:22:00: 2025-10-18 12:22:00	info	core/server.go:405	Configuration reloaded successfully
2025-10-18T20:32:00: 2025-10-18 12:32:00	info	mcp-gateway/main.go:243	Received ticker signal	{"reload_switch": true}
2025-10-18T20:32:00: 2025-10-18 12:32:00	info	core/server.go:389	Reloading MCP configuration
2025-10-18T20:32:00: 2025-10-18 12:32:00	info	core/server.go:319	Updating MCP configuration
2025-10-18T20:32:00: 2025-10-18 12:32:00	info	core/server.go:343	no updated MCP configurations found, skipping update
2025-10-18T20:32:00: 2025-10-18 12:32:00	info	core/server.go:405	Configuration reloaded successfully
2025-10-18T20:42:00: 2025-10-18 12:42:00	info	mcp-gateway/main.go:243	Received ticker signal	{"reload_switch": true}
2025-10-18T20:42:00: 2025-10-18 12:42:00	info	core/server.go:389	Reloading MCP configuration
2025-10-18T20:42:00: 2025-10-18 12:42:00	info	core/server.go:319	Updating MCP configuration
2025-10-18T20:42:00: 2025-10-18 12:42:00	info	core/server.go:343	no updated MCP configurations found, skipping update
2025-10-18T20:42:00: 2025-10-18 12:42:00	info	core/server.go:405	Configuration reloaded successfully
2025-10-18T20:52:00: 2025-10-18 12:52:00	info	mcp-gateway/main.go:243	Received ticker signal	{"reload_switch": true}
2025-10-18T20:52:00: 2025-10-18 12:52:00	info	core/server.go:389	Reloading MCP configuration
2025-10-18T20:52:00: 2025-10-18 12:52:00	info	core/server.go:319	Updating MCP configuration
2025-10-18T20:52:00: 2025-10-18 12:52:00	info	core/server.go:343	no updated MCP configurations found, skipping update
2025-10-18T20:52:00: 2025-10-18 12:52:00	info	core/server.go:405	Configuration reloaded successfully
2025-10-18T21:02:00: 2025-10-18 13:02:00	info	mcp-gateway/main.go:243	Received ticker signal	{"reload_switch": true}
2025-10-18T21:02:00: 2025-10-18 13:02:00	info	core/server.go:389	Reloading MCP configuration
2025-10-18T21:02:00: 2025-10-18 13:02:00	info	core/server.go:319	Updating MCP configuration
2025-10-18T21:02:00: 2025-10-18 13:02:00	info	core/server.go:343	no updated MCP configurations found, skipping update
2025-10-18T21:02:00: 2025-10-18 13:02:00	info	core/server.go:405	Configuration reloaded successfully
2025-10-18T21:12:00: 2025-10-18 13:12:00	info	mcp-gateway/main.go:243	Received ticker signal	{"reload_switch": true}
2025-10-18T21:12:00: 2025-10-18 13:12:00	info	core/server.go:389	Reloading MCP configuration
2025-10-18T21:12:00: 2025-10-18 13:12:00	info	core/server.go:319	Updating MCP configuration
2025-10-18T21:12:00: 2025-10-18 13:12:00	info	core/server.go:343	no updated MCP configurations found, skipping update
2025-10-18T21:12:00: 2025-10-18 13:12:00	info	core/server.go:405	Configuration reloaded successfully
2025-10-18T21:22:00: 2025-10-18 13:22:00	info	mcp-gateway/main.go:243	Received ticker signal	{"reload_switch": true}
2025-10-18T21:22:00: 2025-10-18 13:22:00	info	core/server.go:389	Reloading MCP configuration
2025-10-18T21:22:00: 2025-10-18 13:22:00	info	core/server.go:319	Updating MCP configuration
2025-10-18T21:22:00: 2025-10-18 13:22:00	info	core/server.go:343	no updated MCP configurations found, skipping update
2025-10-18T21:22:00: 2025-10-18 13:22:00	info	core/server.go:405	Configuration reloaded successfully
2025-10-18T21:32:00: 2025-10-18 13:32:00	info	mcp-gateway/main.go:243	Received ticker signal	{"reload_switch": true}
2025-10-18T21:32:00: 2025-10-18 13:32:00	info	core/server.go:389	Reloading MCP configuration
2025-10-18T21:32:00: 2025-10-18 13:32:00	info	core/server.go:319	Updating MCP configuration
2025-10-18T21:32:00: 2025-10-18 13:32:00	info	core/server.go:343	no updated MCP configurations found, skipping update
2025-10-18T21:32:00: 2025-10-18 13:32:00	info	core/server.go:405	Configuration reloaded successfully
2025-10-18T21:42:00: 2025-10-18 13:42:00	info	mcp-gateway/main.go:243	Received ticker signal	{"reload_switch": true}
2025-10-18T21:42:00: 2025-10-18 13:42:00	info	core/server.go:389	Reloading MCP configuration
2025-10-18T21:42:00: 2025-10-18 13:42:00	info	core/server.go:319	Updating MCP configuration
2025-10-18T21:42:00: 2025-10-18 13:42:00	info	core/server.go:343	no updated MCP configurations found, skipping update
2025-10-18T21:42:00: 2025-10-18 13:42:00	info	core/server.go:405	Configuration reloaded successfully
2025-10-18T21:52:00: 2025-10-18 13:52:00	info	mcp-gateway/main.go:243	Received ticker signal	{"reload_switch": true}
2025-10-18T21:52:00: 2025-10-18 13:52:00	info	core/server.go:389	Reloading MCP configuration
2025-10-18T21:52:00: 2025-10-18 13:52:00	info	core/server.go:319	Updating MCP configuration
2025-10-18T21:52:00: 2025-10-18 13:52:00	info	core/server.go:343	no updated MCP configurations found, skipping update
2025-10-18T21:52:00: 2025-10-18 13:52:00	info	core/server.go:405	Configuration reloaded successfully
2025-10-18T22:02:00: 2025-10-18 14:02:00	info	mcp-gateway/main.go:243	Received ticker signal	{"reload_switch": true}
2025-10-18T22:02:00: 2025-10-18 14:02:00	info	core/server.go:389	Reloading MCP configuration
2025-10-18T22:02:00: 2025-10-18 14:02:00	info	core/server.go:319	Updating MCP configuration
2025-10-18T22:02:00: 2025-10-18 14:02:00	info	core/server.go:343	no updated MCP configurations found, skipping update
2025-10-18T22:02:00: 2025-10-18 14:02:00	info	core/server.go:405	Configuration reloaded successfully
2025-10-18T22:12:00: 2025-10-18 14:12:00	info	mcp-gateway/main.go:243	Received ticker signal	{"reload_switch": true}
2025-10-18T22:12:00: 2025-10-18 14:12:00	info	core/server.go:389	Reloading MCP configuration
2025-10-18T22:12:00: 2025-10-18 14:12:00	info	core/server.go:319	Updating MCP configuration
2025-10-18T22:12:00: 2025-10-18 14:12:00	info	core/server.go:343	no updated MCP configurations found, skipping update
2025-10-18T22:12:00: 2025-10-18 14:12:00	info	core/server.go:405	Configuration reloaded successfully
2025-10-18T22:22:00: 2025-10-18 14:22:00	info	mcp-gateway/main.go:243	Received ticker signal	{"reload_switch": true}
2025-10-18T22:22:00: 2025-10-18 14:22:00	info	core/server.go:389	Reloading MCP configuration
2025-10-18T22:22:00: 2025-10-18 14:22:00	info	core/server.go:319	Updating MCP configuration
2025-10-18T22:22:00: 2025-10-18 14:22:00	info	core/server.go:343	no updated MCP configurations found, skipping update
2025-10-18T22:22:00: 2025-10-18 14:22:00	info	core/server.go:405	Configuration reloaded successfully
2025-10-18T22:32:00: 2025-10-18 14:32:00	info	mcp-gateway/main.go:243	Received ticker signal	{"reload_switch": true}
2025-10-18T22:32:00: 2025-10-18 14:32:00	info	core/server.go:389	Reloading MCP configuration
2025-10-18T22:32:00: 2025-10-18 14:32:00	info	core/server.go:319	Updating MCP configuration
2025-10-18T22:32:00: 2025-10-18 14:32:00	info	core/server.go:343	no updated MCP configurations found, skipping update
2025-10-18T22:32:00: 2025-10-18 14:32:00	info	core/server.go:405	Configuration reloaded successfully
2025-10-18T22:42:00: 2025-10-18 14:42:00	info	mcp-gateway/main.go:243	Received ticker signal	{"reload_switch": true}
2025-10-18T22:42:00: 2025-10-18 14:42:00	info	core/server.go:389	Reloading MCP configuration
2025-10-18T22:42:00: 2025-10-18 14:42:00	info	core/server.go:319	Updating MCP configuration
2025-10-18T22:42:00: 2025-10-18 14:42:00	info	core/server.go:343	no updated MCP configurations found, skipping update
2025-10-18T22:42:00: 2025-10-18 14:42:00	info	core/server.go:405	Configuration reloaded successfully
2025-10-18T22:52:00: 2025-10-18 14:52:00	info	mcp-gateway/main.go:243	Received ticker signal	{"reload_switch": true}
2025-10-18T22:52:00: 2025-10-18 14:52:00	info	core/server.go:389	Reloading MCP configuration
2025-10-18T22:52:00: 2025-10-18 14:52:00	info	core/server.go:319	Updating MCP configuration
2025-10-18T22:52:00: 2025-10-18 14:52:00	info	core/server.go:343	no updated MCP configurations found, skipping update
2025-10-18T22:52:00: 2025-10-18 14:52:00	info	core/server.go:405	Configuration reloaded successfully
2025-10-18T23:02:00: 2025-10-18 15:02:00	info	mcp-gateway/main.go:243	Received ticker signal	{"reload_switch": true}
2025-10-18T23:02:00: 2025-10-18 15:02:00	info	core/server.go:389	Reloading MCP configuration
2025-10-18T23:02:00: 2025-10-18 15:02:00	info	core/server.go:319	Updating MCP configuration
2025-10-18T23:02:00: 2025-10-18 15:02:00	info	core/server.go:343	no updated MCP configurations found, skipping update
2025-10-18T23:02:00: 2025-10-18 15:02:00	info	core/server.go:405	Configuration reloaded successfully
2025-10-18T23:12:00: 2025-10-18 15:12:00	info	mcp-gateway/main.go:243	Received ticker signal	{"reload_switch": true}
2025-10-18T23:12:00: 2025-10-18 15:12:00	info	core/server.go:389	Reloading MCP configuration
2025-10-18T23:12:00: 2025-10-18 15:12:00	info	core/server.go:319	Updating MCP configuration
2025-10-18T23:12:00: 2025-10-18 15:12:00	info	core/server.go:343	no updated MCP configurations found, skipping update
2025-10-18T23:12:00: 2025-10-18 15:12:00	info	core/server.go:405	Configuration reloaded successfully
2025-10-18T23:22:00: 2025-10-18 15:22:00	info	mcp-gateway/main.go:243	Received ticker signal	{"reload_switch": true}
2025-10-18T23:22:00: 2025-10-18 15:22:00	info	core/server.go:389	Reloading MCP configuration
2025-10-18T23:22:00: 2025-10-18 15:22:00	info	core/server.go:319	Updating MCP configuration
2025-10-18T23:22:00: 2025-10-18 15:22:00	info	core/server.go:343	no updated MCP configurations found, skipping update
2025-10-18T23:22:00: 2025-10-18 15:22:00	info	core/server.go:405	Configuration reloaded successfully
2025-10-18T23:32:00: 2025-10-18 15:32:00	info	mcp-gateway/main.go:243	Received ticker signal	{"reload_switch": true}
2025-10-18T23:32:00: 2025-10-18 15:32:00	info	core/server.go:389	Reloading MCP configuration
2025-10-18T23:32:00: 2025-10-18 15:32:00	info	core/server.go:319	Updating MCP configuration
2025-10-18T23:32:00: 2025-10-18 15:32:00	info	core/server.go:343	no updated MCP configurations found, skipping update
2025-10-18T23:32:00: 2025-10-18 15:32:00	info	core/server.go:405	Configuration reloaded successfully
2025-10-18T23:42:00: 2025-10-18 15:42:00	info	mcp-gateway/main.go:243	Received ticker signal	{"reload_switch": true}
2025-10-18T23:42:00: 2025-10-18 15:42:00	info	core/server.go:389	Reloading MCP configuration
2025-10-18T23:42:00: 2025-10-18 15:42:00	info	core/server.go:319	Updating MCP configuration
2025-10-18T23:42:00: 2025-10-18 15:42:00	info	core/server.go:343	no updated MCP configurations found, skipping update
2025-10-18T23:42:00: 2025-10-18 15:42:00	info	core/server.go:405	Configuration reloaded successfully
2025-10-18T23:52:00: 2025-10-18 15:52:00	info	mcp-gateway/main.go:243	Received ticker signal	{"reload_switch": true}
2025-10-18T23:52:00: 2025-10-18 15:52:00	info	core/server.go:389	Reloading MCP configuration
2025-10-18T23:52:00: 2025-10-18 15:52:00	info	core/server.go:319	Updating MCP configuration
2025-10-18T23:52:00: 2025-10-18 15:52:00	info	core/server.go:343	no updated MCP configurations found, skipping update
2025-10-18T23:52:00: 2025-10-18 15:52:00	info	core/server.go:405	Configuration reloaded successfully
2025-10-19T00:02:00: 2025-10-18 16:02:00	info	mcp-gateway/main.go:243	Received ticker signal	{"reload_switch": true}
2025-10-19T00:02:00: 2025-10-18 16:02:00	info	core/server.go:389	Reloading MCP configuration
2025-10-19T00:02:00: 2025-10-18 16:02:00	info	core/server.go:319	Updating MCP configuration
2025-10-19T00:02:00: 2025-10-18 16:02:00	info	core/server.go:343	no updated MCP configurations found, skipping update
2025-10-19T00:02:00: 2025-10-18 16:02:00	info	core/server.go:405	Configuration reloaded successfully
2025-10-19T00:12:00: 2025-10-18 16:12:00	info	mcp-gateway/main.go:243	Received ticker signal	{"reload_switch": true}
2025-10-19T00:12:00: 2025-10-18 16:12:00	info	core/server.go:389	Reloading MCP configuration
2025-10-19T00:12:00: 2025-10-18 16:12:00	info	core/server.go:319	Updating MCP configuration
2025-10-19T00:12:00: 2025-10-18 16:12:00	info	core/server.go:343	no updated MCP configurations found, skipping update
2025-10-19T00:12:00: 2025-10-18 16:12:00	info	core/server.go:405	Configuration reloaded successfully
2025-10-19T00:22:00: 2025-10-18 16:22:00	info	mcp-gateway/main.go:243	Received ticker signal	{"reload_switch": true}
2025-10-19T00:22:00: 2025-10-18 16:22:00	info	core/server.go:389	Reloading MCP configuration
2025-10-19T00:22:00: 2025-10-18 16:22:00	info	core/server.go:319	Updating MCP configuration
2025-10-19T00:22:00: 2025-10-18 16:22:00	info	core/server.go:343	no updated MCP configurations found, skipping update
2025-10-19T00:22:00: 2025-10-18 16:22:00	info	core/server.go:405	Configuration reloaded successfully
2025-10-19T00:32:00: 2025-10-18 16:32:00	info	mcp-gateway/main.go:243	Received ticker signal	{"reload_switch": true}
2025-10-19T00:32:00: 2025-10-18 16:32:00	info	core/server.go:389	Reloading MCP configuration
2025-10-19T00:32:00: 2025-10-18 16:32:00	info	core/server.go:319	Updating MCP configuration
2025-10-19T00:32:00: 2025-10-18 16:32:00	info	core/server.go:343	no updated MCP configurations found, skipping update
2025-10-19T00:32:00: 2025-10-18 16:32:00	info	core/server.go:405	Configuration reloaded successfully
2025-10-19T00:42:00: 2025-10-18 16:42:00	info	mcp-gateway/main.go:243	Received ticker signal	{"reload_switch": true}
2025-10-19T00:42:00: 2025-10-18 16:42:00	info	core/server.go:389	Reloading MCP configuration
2025-10-19T00:42:00: 2025-10-18 16:42:00	info	core/server.go:319	Updating MCP configuration
2025-10-19T00:42:00: 2025-10-18 16:42:00	info	core/server.go:343	no updated MCP configurations found, skipping update
2025-10-19T00:42:00: 2025-10-18 16:42:00	info	core/server.go:405	Configuration reloaded successfully
2025-10-19T00:52:00: 2025-10-18 16:52:00	info	mcp-gateway/main.go:243	Received ticker signal	{"reload_switch": true}
2025-10-19T00:52:00: 2025-10-18 16:52:00	info	core/server.go:389	Reloading MCP configuration
2025-10-19T00:52:00: 2025-10-18 16:52:00	info	core/server.go:319	Updating MCP configuration
2025-10-19T00:52:00: 2025-10-18 16:52:00	info	core/server.go:343	no updated MCP configurations found, skipping update
2025-10-19T00:52:00: 2025-10-18 16:52:00	info	core/server.go:405	Configuration reloaded successfully
2025-10-19T01:02:00: 2025-10-18 17:02:00	info	mcp-gateway/main.go:243	Received ticker signal	{"reload_switch": true}
2025-10-19T01:02:00: 2025-10-18 17:02:00	info	core/server.go:389	Reloading MCP configuration
2025-10-19T01:02:00: 2025-10-18 17:02:00	info	core/server.go:319	Updating MCP configuration
2025-10-19T01:02:00: 2025-10-18 17:02:00	info	core/server.go:343	no updated MCP configurations found, skipping update
2025-10-19T01:02:00: 2025-10-18 17:02:00	info	core/server.go:405	Configuration reloaded successfully
2025-10-19T01:12:00: 2025-10-18 17:12:00	info	mcp-gateway/main.go:243	Received ticker signal	{"reload_switch": true}
2025-10-19T01:12:00: 2025-10-18 17:12:00	info	core/server.go:389	Reloading MCP configuration
2025-10-19T01:12:00: 2025-10-18 17:12:00	info	core/server.go:319	Updating MCP configuration
2025-10-19T01:12:00: 2025-10-18 17:12:00	info	core/server.go:343	no updated MCP configurations found, skipping update
2025-10-19T01:12:00: 2025-10-18 17:12:00	info	core/server.go:405	Configuration reloaded successfully
2025-10-19T01:22:00: 2025-10-18 17:22:00	info	mcp-gateway/main.go:243	Received ticker signal	{"reload_switch": true}
2025-10-19T01:22:00: 2025-10-18 17:22:00	info	core/server.go:389	Reloading MCP configuration
2025-10-19T01:22:00: 2025-10-18 17:22:00	info	core/server.go:319	Updating MCP configuration
2025-10-19T01:22:00: 2025-10-18 17:22:00	info	core/server.go:343	no updated MCP configurations found, skipping update
2025-10-19T01:22:00: 2025-10-18 17:22:00	info	core/server.go:405	Configuration reloaded successfully
2025-10-19T01:32:00: 2025-10-18 17:32:00	info	mcp-gateway/main.go:243	Received ticker signal	{"reload_switch": true}
2025-10-19T01:32:00: 2025-10-18 17:32:00	info	core/server.go:389	Reloading MCP configuration
2025-10-19T01:32:00: 2025-10-18 17:32:00	info	core/server.go:319	Updating MCP configuration
2025-10-19T01:32:00: 2025-10-18 17:32:00	info	core/server.go:343	no updated MCP configurations found, skipping update
2025-10-19T01:32:00: 2025-10-18 17:32:00	info	core/server.go:405	Configuration reloaded successfully
2025-10-19T01:42:00: 2025-10-18 17:42:00	info	mcp-gateway/main.go:243	Received ticker signal	{"reload_switch": true}
2025-10-19T01:42:00: 2025-10-18 17:42:00	info	core/server.go:389	Reloading MCP configuration
2025-10-19T01:42:00: 2025-10-18 17:42:00	info	core/server.go:319	Updating MCP configuration
2025-10-19T01:42:00: 2025-10-18 17:42:00	info	core/server.go:343	no updated MCP configurations found, skipping update
2025-10-19T01:42:00: 2025-10-18 17:42:00	info	core/server.go:405	Configuration reloaded successfully
2025-10-19T01:52:00: 2025-10-18 17:52:00	info	mcp-gateway/main.go:243	Received ticker signal	{"reload_switch": true}
2025-10-19T01:52:00: 2025-10-18 17:52:00	info	core/server.go:389	Reloading MCP configuration
2025-10-19T01:52:00: 2025-10-18 17:52:00	info	core/server.go:319	Updating MCP configuration
2025-10-19T01:52:00: 2025-10-18 17:52:00	info	core/server.go:343	no updated MCP configurations found, skipping update
2025-10-19T01:52:00: 2025-10-18 17:52:00	info	core/server.go:405	Configuration reloaded successfully
2025-10-19T02:02:00: 2025-10-18 18:02:00	info	mcp-gateway/main.go:243	Received ticker signal	{"reload_switch": true}
2025-10-19T02:02:00: 2025-10-18 18:02:00	info	core/server.go:389	Reloading MCP configuration
2025-10-19T02:02:00: 2025-10-18 18:02:00	info	core/server.go:319	Updating MCP configuration
2025-10-19T02:02:00: 2025-10-18 18:02:00	info	core/server.go:343	no updated MCP configurations found, skipping update
2025-10-19T02:02:00: 2025-10-18 18:02:00	info	core/server.go:405	Configuration reloaded successfully
2025-10-19T02:12:00: 2025-10-18 18:12:00	info	mcp-gateway/main.go:243	Received ticker signal	{"reload_switch": true}
2025-10-19T02:12:00: 2025-10-18 18:12:00	info	core/server.go:389	Reloading MCP configuration
2025-10-19T02:12:00: 2025-10-18 18:12:00	info	core/server.go:319	Updating MCP configuration
2025-10-19T02:12:00: 2025-10-18 18:12:00	info	core/server.go:343	no updated MCP configurations found, skipping update
2025-10-19T02:12:00: 2025-10-18 18:12:00	info	core/server.go:405	Configuration reloaded successfully
2025-10-19T02:22:00: 2025-10-18 18:22:00	info	mcp-gateway/main.go:243	Received ticker signal	{"reload_switch": true}
2025-10-19T02:22:00: 2025-10-18 18:22:00	info	core/server.go:389	Reloading MCP configuration
2025-10-19T02:22:00: 2025-10-18 18:22:00	info	core/server.go:319	Updating MCP configuration
2025-10-19T02:22:00: 2025-10-18 18:22:00	info	core/server.go:343	no updated MCP configurations found, skipping update
2025-10-19T02:22:00: 2025-10-18 18:22:00	info	core/server.go:405	Configuration reloaded successfully
2025-10-19T02:32:00: 2025-10-18 18:32:00	info	mcp-gateway/main.go:243	Received ticker signal	{"reload_switch": true}
2025-10-19T02:32:00: 2025-10-18 18:32:00	info	core/server.go:389	Reloading MCP configuration
2025-10-19T02:32:00: 2025-10-18 18:32:00	info	core/server.go:319	Updating MCP configuration
2025-10-19T02:32:00: 2025-10-18 18:32:00	info	core/server.go:343	no updated MCP configurations found, skipping update
2025-10-19T02:32:00: 2025-10-18 18:32:00	info	core/server.go:405	Configuration reloaded successfully
2025-10-19T02:42:00: 2025-10-18 18:42:00	info	mcp-gateway/main.go:243	Received ticker signal	{"reload_switch": true}
2025-10-19T02:42:00: 2025-10-18 18:42:00	info	core/server.go:389	Reloading MCP configuration
2025-10-19T02:42:00: 2025-10-18 18:42:00	info	core/server.go:319	Updating MCP configuration
2025-10-19T02:42:00: 2025-10-18 18:42:00	info	core/server.go:343	no updated MCP configurations found, skipping update
2025-10-19T02:42:00: 2025-10-18 18:42:00	info	core/server.go:405	Configuration reloaded successfully
2025-10-19T02:52:00: 2025-10-18 18:52:00	info	mcp-gateway/main.go:243	Received ticker signal	{"reload_switch": true}
2025-10-19T02:52:00: 2025-10-18 18:52:00	info	core/server.go:389	Reloading MCP configuration
2025-10-19T02:52:00: 2025-10-18 18:52:00	info	core/server.go:319	Updating MCP configuration
2025-10-19T02:52:00: 2025-10-18 18:52:00	info	core/server.go:343	no updated MCP configurations found, skipping update
2025-10-19T02:52:00: 2025-10-18 18:52:00	info	core/server.go:405	Configuration reloaded successfully
2025-10-19T03:02:00: 2025-10-18 19:02:00	info	mcp-gateway/main.go:243	Received ticker signal	{"reload_switch": true}
2025-10-19T03:02:00: 2025-10-18 19:02:00	info	core/server.go:389	Reloading MCP configuration
2025-10-19T03:02:00: 2025-10-18 19:02:00	info	core/server.go:319	Updating MCP configuration
2025-10-19T03:02:00: 2025-10-18 19:02:00	info	core/server.go:343	no updated MCP configurations found, skipping update
2025-10-19T03:02:00: 2025-10-18 19:02:00	info	core/server.go:405	Configuration reloaded successfully
2025-10-19T03:12:00: 2025-10-18 19:12:00	info	mcp-gateway/main.go:243	Received ticker signal	{"reload_switch": true}
2025-10-19T03:12:00: 2025-10-18 19:12:00	info	core/server.go:389	Reloading MCP configuration
2025-10-19T03:12:00: 2025-10-18 19:12:00	info	core/server.go:319	Updating MCP configuration
2025-10-19T03:12:00: 2025-10-18 19:12:00	info	core/server.go:343	no updated MCP configurations found, skipping update
2025-10-19T03:12:00: 2025-10-18 19:12:00	info	core/server.go:405	Configuration reloaded successfully
2025-10-19T03:22:00: 2025-10-18 19:22:00	info	mcp-gateway/main.go:243	Received ticker signal	{"reload_switch": true}
2025-10-19T03:22:00: 2025-10-18 19:22:00	info	core/server.go:389	Reloading MCP configuration
2025-10-19T03:22:00: 2025-10-18 19:22:00	info	core/server.go:319	Updating MCP configuration
2025-10-19T03:22:00: 2025-10-18 19:22:00	info	core/server.go:343	no updated MCP configurations found, skipping update
2025-10-19T03:22:00: 2025-10-18 19:22:00	info	core/server.go:405	Configuration reloaded successfully
2025-10-19T03:32:00: 2025-10-18 19:32:00	info	mcp-gateway/main.go:243	Received ticker signal	{"reload_switch": true}
2025-10-19T03:32:00: 2025-10-18 19:32:00	info	core/server.go:389	Reloading MCP configuration
2025-10-19T03:32:00: 2025-10-18 19:32:00	info	core/server.go:319	Updating MCP configuration
2025-10-19T03:32:00: 2025-10-18 19:32:00	info	core/server.go:343	no updated MCP configurations found, skipping update
2025-10-19T03:32:00: 2025-10-18 19:32:00	info	core/server.go:405	Configuration reloaded successfully
2025-10-19T03:42:01: 2025-10-18 19:42:01	info	mcp-gateway/main.go:243	Received ticker signal	{"reload_switch": true}
2025-10-19T03:42:01: 2025-10-18 19:42:01	info	core/server.go:389	Reloading MCP configuration
2025-10-19T03:42:01: 2025-10-18 19:42:01	info	core/server.go:319	Updating MCP configuration
2025-10-19T03:42:01: 2025-10-18 19:42:01	info	core/server.go:343	no updated MCP configurations found, skipping update
2025-10-19T03:42:01: 2025-10-18 19:42:01	info	core/server.go:405	Configuration reloaded successfully
2025-10-19T03:52:01: 2025-10-18 19:52:01	info	mcp-gateway/main.go:243	Received ticker signal	{"reload_switch": true}
2025-10-19T03:52:01: 2025-10-18 19:52:01	info	core/server.go:389	Reloading MCP configuration
2025-10-19T03:52:01: 2025-10-18 19:52:01	info	core/server.go:319	Updating MCP configuration
2025-10-19T03:52:01: 2025-10-18 19:52:01	info	core/server.go:343	no updated MCP configurations found, skipping update
2025-10-19T03:52:01: 2025-10-18 19:52:01	info	core/server.go:405	Configuration reloaded successfully
2025-10-19T04:02:01: 2025-10-18 20:02:01	info	mcp-gateway/main.go:243	Received ticker signal	{"reload_switch": true}
2025-10-19T04:02:01: 2025-10-18 20:02:01	info	core/server.go:389	Reloading MCP configuration
2025-10-19T04:02:01: 2025-10-18 20:02:01	info	core/server.go:319	Updating MCP configuration
2025-10-19T04:02:01: 2025-10-18 20:02:01	info	core/server.go:343	no updated MCP configurations found, skipping update
2025-10-19T04:02:01: 2025-10-18 20:02:01	info	core/server.go:405	Configuration reloaded successfully
2025-10-19T04:12:01: 2025-10-18 20:12:01	info	mcp-gateway/main.go:243	Received ticker signal	{"reload_switch": true}
2025-10-19T04:12:01: 2025-10-18 20:12:01	info	core/server.go:389	Reloading MCP configuration
2025-10-19T04:12:01: 2025-10-18 20:12:01	info	core/server.go:319	Updating MCP configuration
2025-10-19T04:12:01: 2025-10-18 20:12:01	info	core/server.go:343	no updated MCP configurations found, skipping update
2025-10-19T04:12:01: 2025-10-18 20:12:01	info	core/server.go:405	Configuration reloaded successfully
2025-10-19T04:22:01: 2025-10-18 20:22:01	info	mcp-gateway/main.go:243	Received ticker signal	{"reload_switch": true}
2025-10-19T04:22:01: 2025-10-18 20:22:01	info	core/server.go:389	Reloading MCP configuration
2025-10-19T04:22:01: 2025-10-18 20:22:01	info	core/server.go:319	Updating MCP configuration
2025-10-19T04:22:01: 2025-10-18 20:22:01	info	core/server.go:343	no updated MCP configurations found, skipping update
2025-10-19T04:22:01: 2025-10-18 20:22:01	info	core/server.go:405	Configuration reloaded successfully
2025-10-19T04:32:01: 2025-10-18 20:32:01	info	mcp-gateway/main.go:243	Received ticker signal	{"reload_switch": true}
2025-10-19T04:32:01: 2025-10-18 20:32:01	info	core/server.go:389	Reloading MCP configuration
2025-10-19T04:32:01: 2025-10-18 20:32:01	info	core/server.go:319	Updating MCP configuration
2025-10-19T04:32:01: 2025-10-18 20:32:01	info	core/server.go:343	no updated MCP configurations found, skipping update
2025-10-19T04:32:01: 2025-10-18 20:32:01	info	core/server.go:405	Configuration reloaded successfully
2025-10-19T04:42:00: 2025-10-18 20:42:00	info	mcp-gateway/main.go:243	Received ticker signal	{"reload_switch": true}
2025-10-19T04:42:00: 2025-10-18 20:42:00	info	core/server.go:389	Reloading MCP configuration
2025-10-19T04:42:00: 2025-10-18 20:42:00	info	core/server.go:319	Updating MCP configuration
2025-10-19T04:42:00: 2025-10-18 20:42:00	info	core/server.go:343	no updated MCP configurations found, skipping update
2025-10-19T04:42:00: 2025-10-18 20:42:00	info	core/server.go:405	Configuration reloaded successfully
2025-10-19T04:52:00: 2025-10-18 20:52:00	info	mcp-gateway/main.go:243	Received ticker signal	{"reload_switch": true}
2025-10-19T04:52:00: 2025-10-18 20:52:00	info	core/server.go:389	Reloading MCP configuration
2025-10-19T04:52:00: 2025-10-18 20:52:00	info	core/server.go:319	Updating MCP configuration
2025-10-19T04:52:00: 2025-10-18 20:52:00	info	core/server.go:343	no updated MCP configurations found, skipping update
2025-10-19T04:52:00: 2025-10-18 20:52:00	info	core/server.go:405	Configuration reloaded successfully
2025-10-19T05:02:00: 2025-10-18 21:02:00	info	mcp-gateway/main.go:243	Received ticker signal	{"reload_switch": true}
2025-10-19T05:02:00: 2025-10-18 21:02:00	info	core/server.go:389	Reloading MCP configuration
2025-10-19T05:02:00: 2025-10-18 21:02:00	info	core/server.go:319	Updating MCP configuration
2025-10-19T05:02:00: 2025-10-18 21:02:00	info	core/server.go:343	no updated MCP configurations found, skipping update
2025-10-19T05:02:00: 2025-10-18 21:02:00	info	core/server.go:405	Configuration reloaded successfully
2025-10-19T05:12:00: 2025-10-18 21:12:00	info	mcp-gateway/main.go:243	Received ticker signal	{"reload_switch": true}
2025-10-19T05:12:00: 2025-10-18 21:12:00	info	core/server.go:389	Reloading MCP configuration
2025-10-19T05:12:00: 2025-10-18 21:12:00	info	core/server.go:319	Updating MCP configuration
2025-10-19T05:12:00: 2025-10-18 21:12:00	info	core/server.go:343	no updated MCP configurations found, skipping update
2025-10-19T05:12:00: 2025-10-18 21:12:00	info	core/server.go:405	Configuration reloaded successfully
2025-10-19T05:22:00: 2025-10-18 21:22:00	info	mcp-gateway/main.go:243	Received ticker signal	{"reload_switch": true}
2025-10-19T05:22:00: 2025-10-18 21:22:00	info	core/server.go:389	Reloading MCP configuration
2025-10-19T05:22:00: 2025-10-18 21:22:00	info	core/server.go:319	Updating MCP configuration
2025-10-19T05:22:00: 2025-10-18 21:22:00	info	core/server.go:343	no updated MCP configurations found, skipping update
2025-10-19T05:22:00: 2025-10-18 21:22:00	info	core/server.go:405	Configuration reloaded successfully
2025-10-19T05:32:00: 2025-10-18 21:32:00	info	mcp-gateway/main.go:243	Received ticker signal	{"reload_switch": true}
2025-10-19T05:32:00: 2025-10-18 21:32:00	info	core/server.go:389	Reloading MCP configuration
2025-10-19T05:32:00: 2025-10-18 21:32:00	info	core/server.go:319	Updating MCP configuration
2025-10-19T05:32:00: 2025-10-18 21:32:00	info	core/server.go:343	no updated MCP configurations found, skipping update
2025-10-19T05:32:00: 2025-10-18 21:32:00	info	core/server.go:405	Configuration reloaded successfully
2025-10-19T05:42:00: 2025-10-18 21:42:00	info	mcp-gateway/main.go:243	Received ticker signal	{"reload_switch": true}
2025-10-19T05:42:00: 2025-10-18 21:42:00	info	core/server.go:389	Reloading MCP configuration
2025-10-19T05:42:00: 2025-10-18 21:42:00	info	core/server.go:319	Updating MCP configuration
2025-10-19T05:42:00: 2025-10-18 21:42:00	info	core/server.go:343	no updated MCP configurations found, skipping update
2025-10-19T05:42:00: 2025-10-18 21:42:00	info	core/server.go:405	Configuration reloaded successfully
2025-10-19T05:52:00: 2025-10-18 21:52:00	info	mcp-gateway/main.go:243	Received ticker signal	{"reload_switch": true}
2025-10-19T05:52:00: 2025-10-18 21:52:00	info	core/server.go:389	Reloading MCP configuration
2025-10-19T05:52:00: 2025-10-18 21:52:00	info	core/server.go:319	Updating MCP configuration
2025-10-19T05:52:00: 2025-10-18 21:52:00	info	core/server.go:343	no updated MCP configurations found, skipping update
2025-10-19T05:52:00: 2025-10-18 21:52:00	info	core/server.go:405	Configuration reloaded successfully
2025-10-19T06:02:00: 2025-10-18 22:02:00	info	mcp-gateway/main.go:243	Received ticker signal	{"reload_switch": true}
2025-10-19T06:02:00: 2025-10-18 22:02:00	info	core/server.go:389	Reloading MCP configuration
2025-10-19T06:02:00: 2025-10-18 22:02:00	info	core/server.go:319	Updating MCP configuration
2025-10-19T06:02:00: 2025-10-18 22:02:00	info	core/server.go:343	no updated MCP configurations found, skipping update
2025-10-19T06:02:00: 2025-10-18 22:02:00	info	core/server.go:405	Configuration reloaded successfully
2025-10-19T06:12:00: 2025-10-18 22:12:00	info	mcp-gateway/main.go:243	Received ticker signal	{"reload_switch": true}
2025-10-19T06:12:00: 2025-10-18 22:12:00	info	core/server.go:389	Reloading MCP configuration
2025-10-19T06:12:00: 2025-10-18 22:12:00	info	core/server.go:319	Updating MCP configuration
2025-10-19T06:12:00: 2025-10-18 22:12:00	info	core/server.go:343	no updated MCP configurations found, skipping update
2025-10-19T06:12:00: 2025-10-18 22:12:00	info	core/server.go:405	Configuration reloaded successfully
2025-10-19T06:22:00: 2025-10-18 22:22:00	info	mcp-gateway/main.go:243	Received ticker signal	{"reload_switch": true}
2025-10-19T06:22:00: 2025-10-18 22:22:00	info	core/server.go:389	Reloading MCP configuration
2025-10-19T06:22:00: 2025-10-18 22:22:00	info	core/server.go:319	Updating MCP configuration
2025-10-19T06:22:00: 2025-10-18 22:22:00	info	core/server.go:343	no updated MCP configurations found, skipping update
2025-10-19T06:22:00: 2025-10-18 22:22:00	info	core/server.go:405	Configuration reloaded successfully
2025-10-19T06:32:00: 2025-10-18 22:32:00	info	mcp-gateway/main.go:243	Received ticker signal	{"reload_switch": true}
2025-10-19T06:32:00: 2025-10-18 22:32:00	info	core/server.go:389	Reloading MCP configuration
2025-10-19T06:32:00: 2025-10-18 22:32:00	info	core/server.go:319	Updating MCP configuration
2025-10-19T06:32:00: 2025-10-18 22:32:00	info	core/server.go:343	no updated MCP configurations found, skipping update
2025-10-19T06:32:00: 2025-10-18 22:32:00	info	core/server.go:405	Configuration reloaded successfully
2025-10-19T06:42:00: 2025-10-18 22:42:00	info	mcp-gateway/main.go:243	Received ticker signal	{"reload_switch": true}
2025-10-19T06:42:00: 2025-10-18 22:42:00	info	core/server.go:389	Reloading MCP configuration
2025-10-19T06:42:00: 2025-10-18 22:42:00	info	core/server.go:319	Updating MCP configuration
2025-10-19T06:42:00: 2025-10-18 22:42:00	info	core/server.go:343	no updated MCP configurations found, skipping update
2025-10-19T06:42:00: 2025-10-18 22:42:00	info	core/server.go:405	Configuration reloaded successfully
2025-10-19T06:52:00: 2025-10-18 22:52:00	info	mcp-gateway/main.go:243	Received ticker signal	{"reload_switch": true}
2025-10-19T06:52:00: 2025-10-18 22:52:00	info	core/server.go:389	Reloading MCP configuration
2025-10-19T06:52:00: 2025-10-18 22:52:00	info	core/server.go:319	Updating MCP configuration
2025-10-19T06:52:00: 2025-10-18 22:52:00	info	core/server.go:343	no updated MCP configurations found, skipping update
2025-10-19T06:52:00: 2025-10-18 22:52:00	info	core/server.go:405	Configuration reloaded successfully
2025-10-19T07:02:01: 2025-10-18 23:02:01	info	mcp-gateway/main.go:243	Received ticker signal	{"reload_switch": true}
2025-10-19T07:02:01: 2025-10-18 23:02:01	info	core/server.go:389	Reloading MCP configuration
2025-10-19T07:02:01: 2025-10-18 23:02:01	info	core/server.go:319	Updating MCP configuration
2025-10-19T07:02:01: 2025-10-18 23:02:01	info	core/server.go:343	no updated MCP configurations found, skipping update
2025-10-19T07:02:01: 2025-10-18 23:02:01	info	core/server.go:405	Configuration reloaded successfully
2025-10-19T07:12:01: 2025-10-18 23:12:01	info	mcp-gateway/main.go:243	Received ticker signal	{"reload_switch": true}
2025-10-19T07:12:01: 2025-10-18 23:12:01	info	core/server.go:389	Reloading MCP configuration
2025-10-19T07:12:01: 2025-10-18 23:12:01	info	core/server.go:319	Updating MCP configuration
2025-10-19T07:12:01: 2025-10-18 23:12:01	info	core/server.go:343	no updated MCP configurations found, skipping update
2025-10-19T07:12:01: 2025-10-18 23:12:01	info	core/server.go:405	Configuration reloaded successfully
2025-10-19T07:22:01: 2025-10-18 23:22:01	info	mcp-gateway/main.go:243	Received ticker signal	{"reload_switch": true}
2025-10-19T07:22:01: 2025-10-18 23:22:01	info	core/server.go:389	Reloading MCP configuration
2025-10-19T07:22:01: 2025-10-18 23:22:01	info	core/server.go:319	Updating MCP configuration
2025-10-19T07:22:01: 2025-10-18 23:22:01	info	core/server.go:343	no updated MCP configurations found, skipping update
2025-10-19T07:22:01: 2025-10-18 23:22:01	info	core/server.go:405	Configuration reloaded successfully
2025-10-19T07:32:01: 2025-10-18 23:32:01	info	mcp-gateway/main.go:243	Received ticker signal	{"reload_switch": true}
2025-10-19T07:32:01: 2025-10-18 23:32:01	info	core/server.go:389	Reloading MCP configuration
2025-10-19T07:32:01: 2025-10-18 23:32:01	info	core/server.go:319	Updating MCP configuration
2025-10-19T07:32:01: 2025-10-18 23:32:01	info	core/server.go:343	no updated MCP configurations found, skipping update
2025-10-19T07:32:01: 2025-10-18 23:32:01	info	core/server.go:405	Configuration reloaded successfully
2025-10-19T07:42:01: 2025-10-18 23:42:01	info	mcp-gateway/main.go:243	Received ticker signal	{"reload_switch": true}
2025-10-19T07:42:01: 2025-10-18 23:42:01	info	core/server.go:389	Reloading MCP configuration
2025-10-19T07:42:01: 2025-10-18 23:42:01	info	core/server.go:319	Updating MCP configuration
2025-10-19T07:42:01: 2025-10-18 23:42:01	info	core/server.go:343	no updated MCP configurations found, skipping update
2025-10-19T07:42:01: 2025-10-18 23:42:01	info	core/server.go:405	Configuration reloaded successfully
2025-10-19T07:52:01: 2025-10-18 23:52:01	info	mcp-gateway/main.go:243	Received ticker signal	{"reload_switch": true}
2025-10-19T07:52:01: 2025-10-18 23:52:01	info	core/server.go:389	Reloading MCP configuration
2025-10-19T07:52:01: 2025-10-18 23:52:01	info	core/server.go:319	Updating MCP configuration
2025-10-19T07:52:01: 2025-10-18 23:52:01	info	core/server.go:343	no updated MCP configurations found, skipping update
2025-10-19T07:52:01: 2025-10-18 23:52:01	info	core/server.go:405	Configuration reloaded successfully
2025-10-19T08:02:01: 2025-10-19 00:02:01	info	mcp-gateway/main.go:243	Received ticker signal	{"reload_switch": true}
2025-10-19T08:02:01: 2025-10-19 00:02:01	info	core/server.go:389	Reloading MCP configuration
2025-10-19T08:02:01: 2025-10-19 00:02:01	info	core/server.go:319	Updating MCP configuration
2025-10-19T08:02:01: 2025-10-19 00:02:01	info	core/server.go:343	no updated MCP configurations found, skipping update
2025-10-19T08:02:01: 2025-10-19 00:02:01	info	core/server.go:405	Configuration reloaded successfully
2025-10-19T08:12:01: 2025-10-19 00:12:01	info	mcp-gateway/main.go:243	Received ticker signal	{"reload_switch": true}
2025-10-19T08:12:01: 2025-10-19 00:12:01	info	core/server.go:389	Reloading MCP configuration
2025-10-19T08:12:01: 2025-10-19 00:12:01	info	core/server.go:319	Updating MCP configuration
2025-10-19T08:12:01: 2025-10-19 00:12:01	info	core/server.go:343	no updated MCP configurations found, skipping update
2025-10-19T08:12:01: 2025-10-19 00:12:01	info	core/server.go:405	Configuration reloaded successfully
2025-10-19T08:22:01: 2025-10-19 00:22:01	info	mcp-gateway/main.go:243	Received ticker signal	{"reload_switch": true}
2025-10-19T08:22:01: 2025-10-19 00:22:01	info	core/server.go:389	Reloading MCP configuration
2025-10-19T08:22:01: 2025-10-19 00:22:01	info	core/server.go:319	Updating MCP configuration
2025-10-19T08:22:01: 2025-10-19 00:22:01	info	core/server.go:343	no updated MCP configurations found, skipping update
2025-10-19T08:22:01: 2025-10-19 00:22:01	info	core/server.go:405	Configuration reloaded successfully
2025-10-19T08:32:01: 2025-10-19 00:32:01	info	mcp-gateway/main.go:243	Received ticker signal	{"reload_switch": true}
2025-10-19T08:32:01: 2025-10-19 00:32:01	info	core/server.go:389	Reloading MCP configuration
2025-10-19T08:32:01: 2025-10-19 00:32:01	info	core/server.go:319	Updating MCP configuration
2025-10-19T08:32:01: 2025-10-19 00:32:01	info	core/server.go:343	no updated MCP configurations found, skipping update
2025-10-19T08:32:01: 2025-10-19 00:32:01	info	core/server.go:405	Configuration reloaded successfully
2025-10-19T08:42:01: 2025-10-19 00:42:01	info	mcp-gateway/main.go:243	Received ticker signal	{"reload_switch": true}
2025-10-19T08:42:01: 2025-10-19 00:42:01	info	core/server.go:389	Reloading MCP configuration
2025-10-19T08:42:01: 2025-10-19 00:42:01	info	core/server.go:319	Updating MCP configuration
2025-10-19T08:42:01: 2025-10-19 00:42:01	info	core/server.go:343	no updated MCP configurations found, skipping update
2025-10-19T08:42:01: 2025-10-19 00:42:01	info	core/server.go:405	Configuration reloaded successfully
2025-10-19T08:52:01: 2025-10-19 00:52:01	info	mcp-gateway/main.go:243	Received ticker signal	{"reload_switch": true}
2025-10-19T08:52:01: 2025-10-19 00:52:01	info	core/server.go:389	Reloading MCP configuration
2025-10-19T08:52:01: 2025-10-19 00:52:01	info	core/server.go:319	Updating MCP configuration
2025-10-19T08:52:01: 2025-10-19 00:52:01	info	core/server.go:343	no updated MCP configurations found, skipping update
2025-10-19T08:52:01: 2025-10-19 00:52:01	info	core/server.go:405	Configuration reloaded successfully
2025-10-19T09:02:01: 2025-10-19 01:02:01	info	mcp-gateway/main.go:243	Received ticker signal	{"reload_switch": true}
2025-10-19T09:02:01: 2025-10-19 01:02:01	info	core/server.go:389	Reloading MCP configuration
2025-10-19T09:02:01: 2025-10-19 01:02:01	info	core/server.go:319	Updating MCP configuration
2025-10-19T09:02:01: 2025-10-19 01:02:01	info	core/server.go:343	no updated MCP configurations found, skipping update
2025-10-19T09:02:01: 2025-10-19 01:02:01	info	core/server.go:405	Configuration reloaded successfully
2025-10-19T09:12:01: 2025-10-19 01:12:01	info	mcp-gateway/main.go:243	Received ticker signal	{"reload_switch": true}
2025-10-19T09:12:01: 2025-10-19 01:12:01	info	core/server.go:389	Reloading MCP configuration
2025-10-19T09:12:01: 2025-10-19 01:12:01	info	core/server.go:319	Updating MCP configuration
2025-10-19T09:12:01: 2025-10-19 01:12:01	info	core/server.go:343	no updated MCP configurations found, skipping update
2025-10-19T09:12:01: 2025-10-19 01:12:01	info	core/server.go:405	Configuration reloaded successfully
2025-10-19T09:22:01: 2025-10-19 01:22:01	info	mcp-gateway/main.go:243	Received ticker signal	{"reload_switch": true}
2025-10-19T09:22:01: 2025-10-19 01:22:01	info	core/server.go:389	Reloading MCP configuration
2025-10-19T09:22:01: 2025-10-19 01:22:01	info	core/server.go:319	Updating MCP configuration
2025-10-19T09:22:01: 2025-10-19 01:22:01	info	core/server.go:343	no updated MCP configurations found, skipping update
2025-10-19T09:22:01: 2025-10-19 01:22:01	info	core/server.go:405	Configuration reloaded successfully
2025-10-19T09:32:01: 2025-10-19 01:32:01	info	mcp-gateway/main.go:243	Received ticker signal	{"reload_switch": true}
2025-10-19T09:32:01: 2025-10-19 01:32:01	info	core/server.go:389	Reloading MCP configuration
2025-10-19T09:32:01: 2025-10-19 01:32:01	info	core/server.go:319	Updating MCP configuration
2025-10-19T09:32:01: 2025-10-19 01:32:01	info	core/server.go:343	no updated MCP configurations found, skipping update
2025-10-19T09:32:01: 2025-10-19 01:32:01	info	core/server.go:405	Configuration reloaded successfully
2025-10-19T09:42:01: 2025-10-19 01:42:01	info	mcp-gateway/main.go:243	Received ticker signal	{"reload_switch": true}
2025-10-19T09:42:01: 2025-10-19 01:42:01	info	core/server.go:389	Reloading MCP configuration
2025-10-19T09:42:01: 2025-10-19 01:42:01	info	core/server.go:319	Updating MCP configuration
2025-10-19T09:42:01: 2025-10-19 01:42:01	info	core/server.go:343	no updated MCP configurations found, skipping update
2025-10-19T09:42:01: 2025-10-19 01:42:01	info	core/server.go:405	Configuration reloaded successfully
2025-10-19T09:52:01: 2025-10-19 01:52:01	info	mcp-gateway/main.go:243	Received ticker signal	{"reload_switch": true}
2025-10-19T09:52:01: 2025-10-19 01:52:01	info	core/server.go:389	Reloading MCP configuration
2025-10-19T09:52:01: 2025-10-19 01:52:01	info	core/server.go:319	Updating MCP configuration
2025-10-19T09:52:01: 2025-10-19 01:52:01	info	core/server.go:343	no updated MCP configurations found, skipping update
2025-10-19T09:52:01: 2025-10-19 01:52:01	info	core/server.go:405	Configuration reloaded successfully
2025-10-19T10:02:01: 2025-10-19 02:02:01	info	mcp-gateway/main.go:243	Received ticker signal	{"reload_switch": true}
2025-10-19T10:02:01: 2025-10-19 02:02:01	info	core/server.go:389	Reloading MCP configuration
2025-10-19T10:02:01: 2025-10-19 02:02:01	info	core/server.go:319	Updating MCP configuration
2025-10-19T10:02:01: 2025-10-19 02:02:01	info	core/server.go:343	no updated MCP configurations found, skipping update
2025-10-19T10:02:01: 2025-10-19 02:02:01	info	core/server.go:405	Configuration reloaded successfully
2025-10-19T10:12:01: 2025-10-19 02:12:01	info	mcp-gateway/main.go:243	Received ticker signal	{"reload_switch": true}
2025-10-19T10:12:01: 2025-10-19 02:12:01	info	core/server.go:389	Reloading MCP configuration
2025-10-19T10:12:01: 2025-10-19 02:12:01	info	core/server.go:319	Updating MCP configuration
2025-10-19T10:12:01: 2025-10-19 02:12:01	info	core/server.go:343	no updated MCP configurations found, skipping update
2025-10-19T10:12:01: 2025-10-19 02:12:01	info	core/server.go:405	Configuration reloaded successfully
2025-10-19T10:22:01: 2025-10-19 02:22:01	info	mcp-gateway/main.go:243	Received ticker signal	{"reload_switch": true}
2025-10-19T10:22:01: 2025-10-19 02:22:01	info	core/server.go:389	Reloading MCP configuration
2025-10-19T10:22:01: 2025-10-19 02:22:01	info	core/server.go:319	Updating MCP configuration
2025-10-19T10:22:01: 2025-10-19 02:22:01	info	core/server.go:343	no updated MCP configurations found, skipping update
2025-10-19T10:22:01: 2025-10-19 02:22:01	info	core/server.go:405	Configuration reloaded successfully
2025-10-19T10:32:01: 2025-10-19 02:32:01	info	mcp-gateway/main.go:243	Received ticker signal	{"reload_switch": true}
2025-10-19T10:32:01: 2025-10-19 02:32:01	info	core/server.go:389	Reloading MCP configuration
2025-10-19T10:32:01: 2025-10-19 02:32:01	info	core/server.go:319	Updating MCP configuration
2025-10-19T10:32:01: 2025-10-19 02:32:01	info	core/server.go:343	no updated MCP configurations found, skipping update
2025-10-19T10:32:01: 2025-10-19 02:32:01	info	core/server.go:405	Configuration reloaded successfully
2025-10-19T10:42:01: 2025-10-19 02:42:01	info	mcp-gateway/main.go:243	Received ticker signal	{"reload_switch": true}
2025-10-19T10:42:01: 2025-10-19 02:42:01	info	core/server.go:389	Reloading MCP configuration
2025-10-19T10:42:01: 2025-10-19 02:42:01	info	core/server.go:319	Updating MCP configuration
2025-10-19T10:42:01: 2025-10-19 02:42:01	info	core/server.go:343	no updated MCP configurations found, skipping update
2025-10-19T10:42:01: 2025-10-19 02:42:01	info	core/server.go:405	Configuration reloaded successfully
2025-10-19T10:52:01: 2025-10-19 02:52:01	info	mcp-gateway/main.go:243	Received ticker signal	{"reload_switch": true}
2025-10-19T10:52:01: 2025-10-19 02:52:01	info	core/server.go:389	Reloading MCP configuration
2025-10-19T10:52:01: 2025-10-19 02:52:01	info	core/server.go:319	Updating MCP configuration
2025-10-19T10:52:01: 2025-10-19 02:52:01	info	core/server.go:343	no updated MCP configurations found, skipping update
2025-10-19T10:52:01: 2025-10-19 02:52:01	info	core/server.go:405	Configuration reloaded successfully
2025-10-19T11:02:01: 2025-10-19 03:02:01	info	mcp-gateway/main.go:243	Received ticker signal	{"reload_switch": true}
2025-10-19T11:02:01: 2025-10-19 03:02:01	info	core/server.go:389	Reloading MCP configuration
2025-10-19T11:02:01: 2025-10-19 03:02:01	info	core/server.go:319	Updating MCP configuration
2025-10-19T11:02:01: 2025-10-19 03:02:01	info	core/server.go:343	no updated MCP configurations found, skipping update
2025-10-19T11:02:01: 2025-10-19 03:02:01	info	core/server.go:405	Configuration reloaded successfully
2025-10-19T11:12:01: 2025-10-19 03:12:01	info	mcp-gateway/main.go:243	Received ticker signal	{"reload_switch": true}
2025-10-19T11:12:01: 2025-10-19 03:12:01	info	core/server.go:389	Reloading MCP configuration
2025-10-19T11:12:01: 2025-10-19 03:12:01	info	core/server.go:319	Updating MCP configuration
2025-10-19T11:12:01: 2025-10-19 03:12:01	info	core/server.go:343	no updated MCP configurations found, skipping update
2025-10-19T11:12:01: 2025-10-19 03:12:01	info	core/server.go:405	Configuration reloaded successfully
2025-10-19T11:22:01: 2025-10-19 03:22:01	info	mcp-gateway/main.go:243	Received ticker signal	{"reload_switch": true}
2025-10-19T11:22:01: 2025-10-19 03:22:01	info	core/server.go:389	Reloading MCP configuration
2025-10-19T11:22:01: 2025-10-19 03:22:01	info	core/server.go:319	Updating MCP configuration
2025-10-19T11:22:01: 2025-10-19 03:22:01	info	core/server.go:343	no updated MCP configurations found, skipping update
2025-10-19T11:22:01: 2025-10-19 03:22:01	info	core/server.go:405	Configuration reloaded successfully
2025-10-19T11:32:01: 2025-10-19 03:32:01	info	mcp-gateway/main.go:243	Received ticker signal	{"reload_switch": true}
2025-10-19T11:32:01: 2025-10-19 03:32:01	info	core/server.go:389	Reloading MCP configuration
2025-10-19T11:32:01: 2025-10-19 03:32:01	info	core/server.go:319	Updating MCP configuration
2025-10-19T11:32:01: 2025-10-19 03:32:01	info	core/server.go:343	no updated MCP configurations found, skipping update
2025-10-19T11:32:01: 2025-10-19 03:32:01	info	core/server.go:405	Configuration reloaded successfully
2025-10-19T11:42:01: 2025-10-19 03:42:01	info	mcp-gateway/main.go:243	Received ticker signal	{"reload_switch": true}
2025-10-19T11:42:01: 2025-10-19 03:42:01	info	core/server.go:389	Reloading MCP configuration
2025-10-19T11:42:01: 2025-10-19 03:42:01	info	core/server.go:319	Updating MCP configuration
2025-10-19T11:42:01: 2025-10-19 03:42:01	info	core/server.go:343	no updated MCP configurations found, skipping update
2025-10-19T11:42:01: 2025-10-19 03:42:01	info	core/server.go:405	Configuration reloaded successfully
2025-10-19T11:52:01: 2025-10-19 03:52:01	info	mcp-gateway/main.go:243	Received ticker signal	{"reload_switch": true}
2025-10-19T11:52:01: 2025-10-19 03:52:01	info	core/server.go:389	Reloading MCP configuration
2025-10-19T11:52:01: 2025-10-19 03:52:01	info	core/server.go:319	Updating MCP configuration
2025-10-19T11:52:01: 2025-10-19 03:52:01	info	core/server.go:343	no updated MCP configurations found, skipping update
2025-10-19T11:52:01: 2025-10-19 03:52:01	info	core/server.go:405	Configuration reloaded successfully
2025-10-19T12:02:01: 2025-10-19 04:02:01	info	mcp-gateway/main.go:243	Received ticker signal	{"reload_switch": true}
2025-10-19T12:02:01: 2025-10-19 04:02:01	info	core/server.go:389	Reloading MCP configuration
2025-10-19T12:02:01: 2025-10-19 04:02:01	info	core/server.go:319	Updating MCP configuration
2025-10-19T12:02:01: 2025-10-19 04:02:01	info	core/server.go:343	no updated MCP configurations found, skipping update
2025-10-19T12:02:01: 2025-10-19 04:02:01	info	core/server.go:405	Configuration reloaded successfully
2025-10-19T12:12:01: 2025-10-19 04:12:01	info	mcp-gateway/main.go:243	Received ticker signal	{"reload_switch": true}
2025-10-19T12:12:01: 2025-10-19 04:12:01	info	core/server.go:389	Reloading MCP configuration
2025-10-19T12:12:01: 2025-10-19 04:12:01	info	core/server.go:319	Updating MCP configuration
2025-10-19T12:12:01: 2025-10-19 04:12:01	info	core/server.go:343	no updated MCP configurations found, skipping update
2025-10-19T12:12:01: 2025-10-19 04:12:01	info	core/server.go:405	Configuration reloaded successfully
2025-10-19T12:22:01: 2025-10-19 04:22:01	info	mcp-gateway/main.go:243	Received ticker signal	{"reload_switch": true}
2025-10-19T12:22:01: 2025-10-19 04:22:01	info	core/server.go:389	Reloading MCP configuration
2025-10-19T12:22:01: 2025-10-19 04:22:01	info	core/server.go:319	Updating MCP configuration
2025-10-19T12:22:01: 2025-10-19 04:22:01	info	core/server.go:343	no updated MCP configurations found, skipping update
2025-10-19T12:22:01: 2025-10-19 04:22:01	info	core/server.go:405	Configuration reloaded successfully
2025-10-19T12:32:01: 2025-10-19 04:32:01	info	mcp-gateway/main.go:243	Received ticker signal	{"reload_switch": true}
2025-10-19T12:32:01: 2025-10-19 04:32:01	info	core/server.go:389	Reloading MCP configuration
2025-10-19T12:32:01: 2025-10-19 04:32:01	info	core/server.go:319	Updating MCP configuration
2025-10-19T12:32:01: 2025-10-19 04:32:01	info	core/server.go:343	no updated MCP configurations found, skipping update
2025-10-19T12:32:01: 2025-10-19 04:32:01	info	core/server.go:405	Configuration reloaded successfully
2025-10-19T12:42:01: 2025-10-19 04:42:01	info	mcp-gateway/main.go:243	Received ticker signal	{"reload_switch": true}
2025-10-19T12:42:01: 2025-10-19 04:42:01	info	core/server.go:389	Reloading MCP configuration
2025-10-19T12:42:01: 2025-10-19 04:42:01	info	core/server.go:319	Updating MCP configuration
2025-10-19T12:42:01: 2025-10-19 04:42:01	info	core/server.go:343	no updated MCP configurations found, skipping update
2025-10-19T12:42:01: 2025-10-19 04:42:01	info	core/server.go:405	Configuration reloaded successfully
2025-10-19T12:52:01: 2025-10-19 04:52:01	info	mcp-gateway/main.go:243	Received ticker signal	{"reload_switch": true}
2025-10-19T12:52:01: 2025-10-19 04:52:01	info	core/server.go:389	Reloading MCP configuration
2025-10-19T12:52:01: 2025-10-19 04:52:01	info	core/server.go:319	Updating MCP configuration
2025-10-19T12:52:01: 2025-10-19 04:52:01	info	core/server.go:343	no updated MCP configurations found, skipping update
2025-10-19T12:52:01: 2025-10-19 04:52:01	info	core/server.go:405	Configuration reloaded successfully
2025-10-19T13:02:01: 2025-10-19 05:02:01	info	mcp-gateway/main.go:243	Received ticker signal	{"reload_switch": true}
2025-10-19T13:02:01: 2025-10-19 05:02:01	info	core/server.go:389	Reloading MCP configuration
2025-10-19T13:02:01: 2025-10-19 05:02:01	info	core/server.go:319	Updating MCP configuration
2025-10-19T13:02:01: 2025-10-19 05:02:01	info	core/server.go:343	no updated MCP configurations found, skipping update
2025-10-19T13:02:01: 2025-10-19 05:02:01	info	core/server.go:405	Configuration reloaded successfully
2025-10-19T13:12:01: 2025-10-19 05:12:01	info	mcp-gateway/main.go:243	Received ticker signal	{"reload_switch": true}
2025-10-19T13:12:01: 2025-10-19 05:12:01	info	core/server.go:389	Reloading MCP configuration
2025-10-19T13:12:01: 2025-10-19 05:12:01	info	core/server.go:319	Updating MCP configuration
2025-10-19T13:12:01: 2025-10-19 05:12:01	info	core/server.go:343	no updated MCP configurations found, skipping update
2025-10-19T13:12:01: 2025-10-19 05:12:01	info	core/server.go:405	Configuration reloaded successfully
2025-10-19T13:22:01: 2025-10-19 05:22:01	info	mcp-gateway/main.go:243	Received ticker signal	{"reload_switch": true}
2025-10-19T13:22:01: 2025-10-19 05:22:01	info	core/server.go:389	Reloading MCP configuration
2025-10-19T13:22:01: 2025-10-19 05:22:01	info	core/server.go:319	Updating MCP configuration
2025-10-19T13:22:01: 2025-10-19 05:22:01	info	core/server.go:343	no updated MCP configurations found, skipping update
2025-10-19T13:22:01: 2025-10-19 05:22:01	info	core/server.go:405	Configuration reloaded successfully
2025-10-19T13:32:01: 2025-10-19 05:32:01	info	mcp-gateway/main.go:243	Received ticker signal	{"reload_switch": true}
2025-10-19T13:32:01: 2025-10-19 05:32:01	info	core/server.go:389	Reloading MCP configuration
2025-10-19T13:32:01: 2025-10-19 05:32:01	info	core/server.go:319	Updating MCP configuration
2025-10-19T13:32:01: 2025-10-19 05:32:01	info	core/server.go:343	no updated MCP configurations found, skipping update
2025-10-19T13:32:01: 2025-10-19 05:32:01	info	core/server.go:405	Configuration reloaded successfully
2025-10-19T13:42:01: 2025-10-19 05:42:01	info	mcp-gateway/main.go:243	Received ticker signal	{"reload_switch": true}
2025-10-19T13:42:01: 2025-10-19 05:42:01	info	core/server.go:389	Reloading MCP configuration
2025-10-19T13:42:01: 2025-10-19 05:42:01	info	core/server.go:319	Updating MCP configuration
2025-10-19T13:42:01: 2025-10-19 05:42:01	info	core/server.go:343	no updated MCP configurations found, skipping update
2025-10-19T13:42:01: 2025-10-19 05:42:01	info	core/server.go:405	Configuration reloaded successfully
2025-10-19T13:52:01: 2025-10-19 05:52:01	info	mcp-gateway/main.go:243	Received ticker signal	{"reload_switch": true}
2025-10-19T13:52:01: 2025-10-19 05:52:01	info	core/server.go:389	Reloading MCP configuration
2025-10-19T13:52:01: 2025-10-19 05:52:01	info	core/server.go:319	Updating MCP configuration
2025-10-19T13:52:01: 2025-10-19 05:52:01	info	core/server.go:343	no updated MCP configurations found, skipping update
2025-10-19T13:52:01: 2025-10-19 05:52:01	info	core/server.go:405	Configuration reloaded successfully
2025-10-19T14:02:01: 2025-10-19 06:02:01	info	mcp-gateway/main.go:243	Received ticker signal	{"reload_switch": true}
2025-10-19T14:02:01: 2025-10-19 06:02:01	info	core/server.go:389	Reloading MCP configuration
2025-10-19T14:02:01: 2025-10-19 06:02:01	info	core/server.go:319	Updating MCP configuration
2025-10-19T14:02:01: 2025-10-19 06:02:01	info	core/server.go:343	no updated MCP configurations found, skipping update
2025-10-19T14:02:01: 2025-10-19 06:02:01	info	core/server.go:405	Configuration reloaded successfully
2025-10-19T14:12:01: 2025-10-19 06:12:01	info	mcp-gateway/main.go:243	Received ticker signal	{"reload_switch": true}
2025-10-19T14:12:01: 2025-10-19 06:12:01	info	core/server.go:389	Reloading MCP configuration
2025-10-19T14:12:01: 2025-10-19 06:12:01	info	core/server.go:319	Updating MCP configuration
2025-10-19T14:12:01: 2025-10-19 06:12:01	info	core/server.go:343	no updated MCP configurations found, skipping update
2025-10-19T14:12:01: 2025-10-19 06:12:01	info	core/server.go:405	Configuration reloaded successfully
2025-10-19T14:22:01: 2025-10-19 06:22:01	info	mcp-gateway/main.go:243	Received ticker signal	{"reload_switch": true}
2025-10-19T14:22:01: 2025-10-19 06:22:01	info	core/server.go:389	Reloading MCP configuration
2025-10-19T14:22:01: 2025-10-19 06:22:01	info	core/server.go:319	Updating MCP configuration
2025-10-19T14:22:01: 2025-10-19 06:22:01	info	core/server.go:343	no updated MCP configurations found, skipping update
2025-10-19T14:22:01: 2025-10-19 06:22:01	info	core/server.go:405	Configuration reloaded successfully
2025-10-19T14:32:01: 2025-10-19 06:32:01	info	mcp-gateway/main.go:243	Received ticker signal	{"reload_switch": true}
2025-10-19T14:32:01: 2025-10-19 06:32:01	info	core/server.go:389	Reloading MCP configuration
2025-10-19T14:32:01: 2025-10-19 06:32:01	info	core/server.go:319	Updating MCP configuration
2025-10-19T14:32:01: 2025-10-19 06:32:01	info	core/server.go:343	no updated MCP configurations found, skipping update
2025-10-19T14:32:01: 2025-10-19 06:32:01	info	core/server.go:405	Configuration reloaded successfully
2025-10-19T14:42:01: 2025-10-19 06:42:01	info	mcp-gateway/main.go:243	Received ticker signal	{"reload_switch": true}
2025-10-19T14:42:01: 2025-10-19 06:42:01	info	core/server.go:389	Reloading MCP configuration
2025-10-19T14:42:01: 2025-10-19 06:42:01	info	core/server.go:319	Updating MCP configuration
2025-10-19T14:42:01: 2025-10-19 06:42:01	info	core/server.go:343	no updated MCP configurations found, skipping update
2025-10-19T14:42:01: 2025-10-19 06:42:01	info	core/server.go:405	Configuration reloaded successfully
2025-10-19T14:52:01: 2025-10-19 06:52:01	info	mcp-gateway/main.go:243	Received ticker signal	{"reload_switch": true}
2025-10-19T14:52:01: 2025-10-19 06:52:01	info	core/server.go:389	Reloading MCP configuration
2025-10-19T14:52:01: 2025-10-19 06:52:01	info	core/server.go:319	Updating MCP configuration
2025-10-19T14:52:01: 2025-10-19 06:52:01	info	core/server.go:343	no updated MCP configurations found, skipping update
2025-10-19T14:52:01: 2025-10-19 06:52:01	info	core/server.go:405	Configuration reloaded successfully
2025-10-19T15:02:01: 2025-10-19 07:02:01	info	mcp-gateway/main.go:243	Received ticker signal	{"reload_switch": true}
2025-10-19T15:02:01: 2025-10-19 07:02:01	info	core/server.go:389	Reloading MCP configuration
2025-10-19T15:02:01: 2025-10-19 07:02:01	info	core/server.go:319	Updating MCP configuration
2025-10-19T15:02:01: 2025-10-19 07:02:01	info	core/server.go:343	no updated MCP configurations found, skipping update
2025-10-19T15:02:01: 2025-10-19 07:02:01	info	core/server.go:405	Configuration reloaded successfully
2025-10-19T15:12:01: 2025-10-19 07:12:01	info	mcp-gateway/main.go:243	Received ticker signal	{"reload_switch": true}
2025-10-19T15:12:01: 2025-10-19 07:12:01	info	core/server.go:389	Reloading MCP configuration
2025-10-19T15:12:01: 2025-10-19 07:12:01	info	core/server.go:319	Updating MCP configuration
2025-10-19T15:12:01: 2025-10-19 07:12:01	info	core/server.go:343	no updated MCP configurations found, skipping update
2025-10-19T15:12:01: 2025-10-19 07:12:01	info	core/server.go:405	Configuration reloaded successfully
2025-10-19T15:22:01: 2025-10-19 07:22:01	info	mcp-gateway/main.go:243	Received ticker signal	{"reload_switch": true}
2025-10-19T15:22:01: 2025-10-19 07:22:01	info	core/server.go:389	Reloading MCP configuration
2025-10-19T15:22:01: 2025-10-19 07:22:01	info	core/server.go:319	Updating MCP configuration
2025-10-19T15:22:01: 2025-10-19 07:22:01	info	core/server.go:343	no updated MCP configurations found, skipping update
2025-10-19T15:22:01: 2025-10-19 07:22:01	info	core/server.go:405	Configuration reloaded successfully
2025-10-19T15:32:01: 2025-10-19 07:32:01	info	mcp-gateway/main.go:243	Received ticker signal	{"reload_switch": true}
2025-10-19T15:32:01: 2025-10-19 07:32:01	info	core/server.go:389	Reloading MCP configuration
2025-10-19T15:32:01: 2025-10-19 07:32:01	info	core/server.go:319	Updating MCP configuration
2025-10-19T15:32:01: 2025-10-19 07:32:01	info	core/server.go:343	no updated MCP configurations found, skipping update
2025-10-19T15:32:01: 2025-10-19 07:32:01	info	core/server.go:405	Configuration reloaded successfully
2025-10-19T15:42:01: 2025-10-19 07:42:01	info	mcp-gateway/main.go:243	Received ticker signal	{"reload_switch": true}
2025-10-19T15:42:01: 2025-10-19 07:42:01	info	core/server.go:389	Reloading MCP configuration
2025-10-19T15:42:01: 2025-10-19 07:42:01	info	core/server.go:319	Updating MCP configuration
2025-10-19T15:42:01: 2025-10-19 07:42:01	info	core/server.go:343	no updated MCP configurations found, skipping update
2025-10-19T15:42:01: 2025-10-19 07:42:01	info	core/server.go:405	Configuration reloaded successfully
2025-10-19T15:52:01: 2025-10-19 07:52:01	info	mcp-gateway/main.go:243	Received ticker signal	{"reload_switch": true}
2025-10-19T15:52:01: 2025-10-19 07:52:01	info	core/server.go:389	Reloading MCP configuration
2025-10-19T15:52:01: 2025-10-19 07:52:01	info	core/server.go:319	Updating MCP configuration
2025-10-19T15:52:01: 2025-10-19 07:52:01	info	core/server.go:343	no updated MCP configurations found, skipping update
2025-10-19T15:52:01: 2025-10-19 07:52:01	info	core/server.go:405	Configuration reloaded successfully
2025-10-19T16:02:01: 2025-10-19 08:02:01	info	mcp-gateway/main.go:243	Received ticker signal	{"reload_switch": true}
2025-10-19T16:02:01: 2025-10-19 08:02:01	info	core/server.go:389	Reloading MCP configuration
2025-10-19T16:02:01: 2025-10-19 08:02:01	info	core/server.go:319	Updating MCP configuration
2025-10-19T16:02:01: 2025-10-19 08:02:01	info	core/server.go:343	no updated MCP configurations found, skipping update
2025-10-19T16:02:01: 2025-10-19 08:02:01	info	core/server.go:405	Configuration reloaded successfully
2025-10-19T16:12:00: 2025-10-19 08:12:00	info	mcp-gateway/main.go:243	Received ticker signal	{"reload_switch": true}
2025-10-19T16:12:00: 2025-10-19 08:12:00	info	core/server.go:389	Reloading MCP configuration
2025-10-19T16:12:00: 2025-10-19 08:12:00	info	core/server.go:319	Updating MCP configuration
2025-10-19T16:12:00: 2025-10-19 08:12:00	info	core/server.go:343	no updated MCP configurations found, skipping update
2025-10-19T16:12:00: 2025-10-19 08:12:00	info	core/server.go:405	Configuration reloaded successfully
2025-10-19T16:22:00: 2025-10-19 08:22:00	info	mcp-gateway/main.go:243	Received ticker signal	{"reload_switch": true}
2025-10-19T16:22:00: 2025-10-19 08:22:00	info	core/server.go:389	Reloading MCP configuration
2025-10-19T16:22:00: 2025-10-19 08:22:00	info	core/server.go:319	Updating MCP configuration
2025-10-19T16:22:00: 2025-10-19 08:22:00	info	core/server.go:343	no updated MCP configurations found, skipping update
2025-10-19T16:22:00: 2025-10-19 08:22:00	info	core/server.go:405	Configuration reloaded successfully
2025-10-19T16:32:00: 2025-10-19 08:32:00	info	mcp-gateway/main.go:243	Received ticker signal	{"reload_switch": true}
2025-10-19T16:32:00: 2025-10-19 08:32:00	info	core/server.go:389	Reloading MCP configuration
2025-10-19T16:32:00: 2025-10-19 08:32:00	info	core/server.go:319	Updating MCP configuration
2025-10-19T16:32:00: 2025-10-19 08:32:00	info	core/server.go:343	no updated MCP configurations found, skipping update
2025-10-19T16:32:00: 2025-10-19 08:32:00	info	core/server.go:405	Configuration reloaded successfully
2025-10-19T16:42:00: 2025-10-19 08:42:00	info	mcp-gateway/main.go:243	Received ticker signal	{"reload_switch": true}
2025-10-19T16:42:00: 2025-10-19 08:42:00	info	core/server.go:389	Reloading MCP configuration
2025-10-19T16:42:00: 2025-10-19 08:42:00	info	core/server.go:319	Updating MCP configuration
2025-10-19T16:42:00: 2025-10-19 08:42:00	info	core/server.go:343	no updated MCP configurations found, skipping update
2025-10-19T16:42:00: 2025-10-19 08:42:00	info	core/server.go:405	Configuration reloaded successfully
2025-10-19T16:52:00: 2025-10-19 08:52:00	info	mcp-gateway/main.go:243	Received ticker signal	{"reload_switch": true}
2025-10-19T16:52:00: 2025-10-19 08:52:00	info	core/server.go:389	Reloading MCP configuration
2025-10-19T16:52:00: 2025-10-19 08:52:00	info	core/server.go:319	Updating MCP configuration
2025-10-19T16:52:00: 2025-10-19 08:52:00	info	core/server.go:343	no updated MCP configurations found, skipping update
2025-10-19T16:52:00: 2025-10-19 08:52:00	info	core/server.go:405	Configuration reloaded successfully
2025-10-19T17:02:00: 2025-10-19 09:02:00	info	mcp-gateway/main.go:243	Received ticker signal	{"reload_switch": true}
2025-10-19T17:02:00: 2025-10-19 09:02:00	info	core/server.go:389	Reloading MCP configuration
2025-10-19T17:02:00: 2025-10-19 09:02:00	info	core/server.go:319	Updating MCP configuration
2025-10-19T17:02:00: 2025-10-19 09:02:00	info	core/server.go:343	no updated MCP configurations found, skipping update
2025-10-19T17:02:00: 2025-10-19 09:02:00	info	core/server.go:405	Configuration reloaded successfully
2025-10-19T17:12:00: 2025-10-19 09:12:00	info	mcp-gateway/main.go:243	Received ticker signal	{"reload_switch": true}
2025-10-19T17:12:00: 2025-10-19 09:12:00	info	core/server.go:389	Reloading MCP configuration
2025-10-19T17:12:00: 2025-10-19 09:12:00	info	core/server.go:319	Updating MCP configuration
2025-10-19T17:12:00: 2025-10-19 09:12:00	info	core/server.go:343	no updated MCP configurations found, skipping update
2025-10-19T17:12:00: 2025-10-19 09:12:00	info	core/server.go:405	Configuration reloaded successfully
2025-10-19T17:22:00: 2025-10-19 09:22:00	info	mcp-gateway/main.go:243	Received ticker signal	{"reload_switch": true}
2025-10-19T17:22:00: 2025-10-19 09:22:00	info	core/server.go:389	Reloading MCP configuration
2025-10-19T17:22:00: 2025-10-19 09:22:00	info	core/server.go:319	Updating MCP configuration
2025-10-19T17:22:00: 2025-10-19 09:22:00	info	core/server.go:343	no updated MCP configurations found, skipping update
2025-10-19T17:22:00: 2025-10-19 09:22:00	info	core/server.go:405	Configuration reloaded successfully
2025-10-19T17:32:00: 2025-10-19 09:32:00	info	mcp-gateway/main.go:243	Received ticker signal	{"reload_switch": true}
2025-10-19T17:32:00: 2025-10-19 09:32:00	info	core/server.go:389	Reloading MCP configuration
2025-10-19T17:32:00: 2025-10-19 09:32:00	info	core/server.go:319	Updating MCP configuration
2025-10-19T17:32:00: 2025-10-19 09:32:00	info	core/server.go:343	no updated MCP configurations found, skipping update
2025-10-19T17:32:00: 2025-10-19 09:32:00	info	core/server.go:405	Configuration reloaded successfully
2025-10-19T17:42:00: 2025-10-19 09:42:00	info	mcp-gateway/main.go:243	Received ticker signal	{"reload_switch": true}
2025-10-19T17:42:00: 2025-10-19 09:42:00	info	core/server.go:389	Reloading MCP configuration
2025-10-19T17:42:00: 2025-10-19 09:42:00	info	core/server.go:319	Updating MCP configuration
2025-10-19T17:42:00: 2025-10-19 09:42:00	info	core/server.go:343	no updated MCP configurations found, skipping update
2025-10-19T17:42:00: 2025-10-19 09:42:00	info	core/server.go:405	Configuration reloaded successfully
2025-10-19T17:52:00: 2025-10-19 09:52:00	info	mcp-gateway/main.go:243	Received ticker signal	{"reload_switch": true}
2025-10-19T17:52:00: 2025-10-19 09:52:00	info	core/server.go:389	Reloading MCP configuration
2025-10-19T17:52:00: 2025-10-19 09:52:00	info	core/server.go:319	Updating MCP configuration
2025-10-19T17:52:00: 2025-10-19 09:52:00	info	core/server.go:343	no updated MCP configurations found, skipping update
2025-10-19T17:52:00: 2025-10-19 09:52:00	info	core/server.go:405	Configuration reloaded successfully
2025-10-19T18:02:00: 2025-10-19 10:02:00	info	mcp-gateway/main.go:243	Received ticker signal	{"reload_switch": true}
2025-10-19T18:02:00: 2025-10-19 10:02:00	info	core/server.go:389	Reloading MCP configuration
2025-10-19T18:02:00: 2025-10-19 10:02:00	info	core/server.go:319	Updating MCP configuration
2025-10-19T18:02:00: 2025-10-19 10:02:00	info	core/server.go:343	no updated MCP configurations found, skipping update
2025-10-19T18:02:00: 2025-10-19 10:02:00	info	core/server.go:405	Configuration reloaded successfully
2025-10-19T18:12:00: 2025-10-19 10:12:00	info	mcp-gateway/main.go:243	Received ticker signal	{"reload_switch": true}
2025-10-19T18:12:00: 2025-10-19 10:12:00	info	core/server.go:389	Reloading MCP configuration
2025-10-19T18:12:00: 2025-10-19 10:12:00	info	core/server.go:319	Updating MCP configuration
2025-10-19T18:12:00: 2025-10-19 10:12:00	info	core/server.go:343	no updated MCP configurations found, skipping update
2025-10-19T18:12:00: 2025-10-19 10:12:00	info	core/server.go:405	Configuration reloaded successfully
2025-10-19T18:22:00: 2025-10-19 10:22:00	info	mcp-gateway/main.go:243	Received ticker signal	{"reload_switch": true}
2025-10-19T18:22:00: 2025-10-19 10:22:00	info	core/server.go:389	Reloading MCP configuration
2025-10-19T18:22:00: 2025-10-19 10:22:00	info	core/server.go:319	Updating MCP configuration
2025-10-19T18:22:00: 2025-10-19 10:22:00	info	core/server.go:343	no updated MCP configurations found, skipping update
2025-10-19T18:22:00: 2025-10-19 10:22:00	info	core/server.go:405	Configuration reloaded successfully
2025-10-19T18:32:00: 2025-10-19 10:32:00	info	mcp-gateway/main.go:243	Received ticker signal	{"reload_switch": true}
2025-10-19T18:32:00: 2025-10-19 10:32:00	info	core/server.go:389	Reloading MCP configuration
2025-10-19T18:32:00: 2025-10-19 10:32:00	info	core/server.go:319	Updating MCP configuration
2025-10-19T18:32:00: 2025-10-19 10:32:00	info	core/server.go:343	no updated MCP configurations found, skipping update
2025-10-19T18:32:00: 2025-10-19 10:32:00	info	core/server.go:405	Configuration reloaded successfully
2025-10-19T18:42:00: 2025-10-19 10:42:00	info	mcp-gateway/main.go:243	Received ticker signal	{"reload_switch": true}
2025-10-19T18:42:00: 2025-10-19 10:42:00	info	core/server.go:389	Reloading MCP configuration
2025-10-19T18:42:00: 2025-10-19 10:42:00	info	core/server.go:319	Updating MCP configuration
2025-10-19T18:42:00: 2025-10-19 10:42:00	info	core/server.go:343	no updated MCP configurations found, skipping update
2025-10-19T18:42:00: 2025-10-19 10:42:00	info	core/server.go:405	Configuration reloaded successfully
2025-10-19T18:52:00: 2025-10-19 10:52:00	info	mcp-gateway/main.go:243	Received ticker signal	{"reload_switch": true}
2025-10-19T18:52:00: 2025-10-19 10:52:00	info	core/server.go:389	Reloading MCP configuration
2025-10-19T18:52:00: 2025-10-19 10:52:00	info	core/server.go:319	Updating MCP configuration
2025-10-19T18:52:00: 2025-10-19 10:52:00	info	core/server.go:343	no updated MCP configurations found, skipping update
2025-10-19T18:52:00: 2025-10-19 10:52:00	info	core/server.go:405	Configuration reloaded successfully
2025-10-19T19:02:01: 2025-10-19 11:02:01	info	mcp-gateway/main.go:243	Received ticker signal	{"reload_switch": true}
2025-10-19T19:02:01: 2025-10-19 11:02:01	info	core/server.go:389	Reloading MCP configuration
2025-10-19T19:02:01: 2025-10-19 11:02:01	info	core/server.go:319	Updating MCP configuration
2025-10-19T19:02:01: 2025-10-19 11:02:01	info	core/server.go:343	no updated MCP configurations found, skipping update
2025-10-19T19:02:01: 2025-10-19 11:02:01	info	core/server.go:405	Configuration reloaded successfully
2025-10-19T19:12:01: 2025-10-19 11:12:01	info	mcp-gateway/main.go:243	Received ticker signal	{"reload_switch": true}
2025-10-19T19:12:01: 2025-10-19 11:12:01	info	core/server.go:389	Reloading MCP configuration
2025-10-19T19:12:01: 2025-10-19 11:12:01	info	core/server.go:319	Updating MCP configuration
2025-10-19T19:12:01: 2025-10-19 11:12:01	info	core/server.go:343	no updated MCP configurations found, skipping update
2025-10-19T19:12:01: 2025-10-19 11:12:01	info	core/server.go:405	Configuration reloaded successfully
2025-10-19T19:22:01: 2025-10-19 11:22:01	info	mcp-gateway/main.go:243	Received ticker signal	{"reload_switch": true}
2025-10-19T19:22:01: 2025-10-19 11:22:01	info	core/server.go:389	Reloading MCP configuration
2025-10-19T19:22:01: 2025-10-19 11:22:01	info	core/server.go:319	Updating MCP configuration
2025-10-19T19:22:01: 2025-10-19 11:22:01	info	core/server.go:343	no updated MCP configurations found, skipping update
2025-10-19T19:22:01: 2025-10-19 11:22:01	info	core/server.go:405	Configuration reloaded successfully
2025-10-19T19:32:01: 2025-10-19 11:32:01	info	mcp-gateway/main.go:243	Received ticker signal	{"reload_switch": true}
2025-10-19T19:32:01: 2025-10-19 11:32:01	info	core/server.go:389	Reloading MCP configuration
2025-10-19T19:32:01: 2025-10-19 11:32:01	info	core/server.go:319	Updating MCP configuration
2025-10-19T19:32:01: 2025-10-19 11:32:01	info	core/server.go:343	no updated MCP configurations found, skipping update
2025-10-19T19:32:01: 2025-10-19 11:32:01	info	core/server.go:405	Configuration reloaded successfully
2025-10-19T19:42:01: 2025-10-19 11:42:01	info	mcp-gateway/main.go:243	Received ticker signal	{"reload_switch": true}
2025-10-19T19:42:01: 2025-10-19 11:42:01	info	core/server.go:389	Reloading MCP configuration
2025-10-19T19:42:01: 2025-10-19 11:42:01	info	core/server.go:319	Updating MCP configuration
2025-10-19T19:42:01: 2025-10-19 11:42:01	info	core/server.go:343	no updated MCP configurations found, skipping update
2025-10-19T19:42:01: 2025-10-19 11:42:01	info	core/server.go:405	Configuration reloaded successfully
2025-10-19T19:52:00: 2025-10-19 11:52:00	info	mcp-gateway/main.go:243	Received ticker signal	{"reload_switch": true}
2025-10-19T19:52:00: 2025-10-19 11:52:00	info	core/server.go:389	Reloading MCP configuration
2025-10-19T19:52:00: 2025-10-19 11:52:00	info	core/server.go:319	Updating MCP configuration
2025-10-19T19:52:00: 2025-10-19 11:52:00	info	core/server.go:343	no updated MCP configurations found, skipping update
2025-10-19T19:52:00: 2025-10-19 11:52:00	info	core/server.go:405	Configuration reloaded successfully
2025-10-19T20:02:00: 2025-10-19 12:02:00	info	mcp-gateway/main.go:243	Received ticker signal	{"reload_switch": true}
2025-10-19T20:02:00: 2025-10-19 12:02:00	info	core/server.go:389	Reloading MCP configuration
2025-10-19T20:02:00: 2025-10-19 12:02:00	info	core/server.go:319	Updating MCP configuration
2025-10-19T20:02:00: 2025-10-19 12:02:00	info	core/server.go:343	no updated MCP configurations found, skipping update
2025-10-19T20:02:00: 2025-10-19 12:02:00	info	core/server.go:405	Configuration reloaded successfully
2025-10-19T20:12:00: 2025-10-19 12:12:00	info	mcp-gateway/main.go:243	Received ticker signal	{"reload_switch": true}
2025-10-19T20:12:00: 2025-10-19 12:12:00	info	core/server.go:389	Reloading MCP configuration
2025-10-19T20:12:00: 2025-10-19 12:12:00	info	core/server.go:319	Updating MCP configuration
2025-10-19T20:12:00: 2025-10-19 12:12:00	info	core/server.go:343	no updated MCP configurations found, skipping update
2025-10-19T20:12:00: 2025-10-19 12:12:00	info	core/server.go:405	Configuration reloaded successfully
2025-10-19T20:22:00: 2025-10-19 12:22:00	info	mcp-gateway/main.go:243	Received ticker signal	{"reload_switch": true}
2025-10-19T20:22:00: 2025-10-19 12:22:00	info	core/server.go:389	Reloading MCP configuration
2025-10-19T20:22:00: 2025-10-19 12:22:00	info	core/server.go:319	Updating MCP configuration
2025-10-19T20:22:00: 2025-10-19 12:22:00	info	core/server.go:343	no updated MCP configurations found, skipping update
2025-10-19T20:22:00: 2025-10-19 12:22:00	info	core/server.go:405	Configuration reloaded successfully
2025-10-19T20:32:00: 2025-10-19 12:32:00	info	mcp-gateway/main.go:243	Received ticker signal	{"reload_switch": true}
2025-10-19T20:32:00: 2025-10-19 12:32:00	info	core/server.go:389	Reloading MCP configuration
2025-10-19T20:32:00: 2025-10-19 12:32:00	info	core/server.go:319	Updating MCP configuration
2025-10-19T20:32:00: 2025-10-19 12:32:00	info	core/server.go:343	no updated MCP configurations found, skipping update
2025-10-19T20:32:00: 2025-10-19 12:32:00	info	core/server.go:405	Configuration reloaded successfully
2025-10-19T20:42:00: 2025-10-19 12:42:00	info	mcp-gateway/main.go:243	Received ticker signal	{"reload_switch": true}
2025-10-19T20:42:00: 2025-10-19 12:42:00	info	core/server.go:389	Reloading MCP configuration
2025-10-19T20:42:00: 2025-10-19 12:42:00	info	core/server.go:319	Updating MCP configuration
2025-10-19T20:42:00: 2025-10-19 12:42:00	info	core/server.go:343	no updated MCP configurations found, skipping update
2025-10-19T20:42:00: 2025-10-19 12:42:00	info	core/server.go:405	Configuration reloaded successfully
2025-10-19T20:52:00: 2025-10-19 12:52:00	info	mcp-gateway/main.go:243	Received ticker signal	{"reload_switch": true}
2025-10-19T20:52:00: 2025-10-19 12:52:00	info	core/server.go:389	Reloading MCP configuration
2025-10-19T20:52:00: 2025-10-19 12:52:00	info	core/server.go:319	Updating MCP configuration
2025-10-19T20:52:00: 2025-10-19 12:52:00	info	core/server.go:343	no updated MCP configurations found, skipping update
2025-10-19T20:52:00: 2025-10-19 12:52:00	info	core/server.go:405	Configuration reloaded successfully
2025-10-19T21:02:00: 2025-10-19 13:02:00	info	mcp-gateway/main.go:243	Received ticker signal	{"reload_switch": true}
2025-10-19T21:02:00: 2025-10-19 13:02:00	info	core/server.go:389	Reloading MCP configuration
2025-10-19T21:02:00: 2025-10-19 13:02:00	info	core/server.go:319	Updating MCP configuration
2025-10-19T21:02:00: 2025-10-19 13:02:00	info	core/server.go:343	no updated MCP configurations found, skipping update
2025-10-19T21:02:00: 2025-10-19 13:02:00	info	core/server.go:405	Configuration reloaded successfully
2025-10-19T21:12:00: 2025-10-19 13:12:00	info	mcp-gateway/main.go:243	Received ticker signal	{"reload_switch": true}
2025-10-19T21:12:00: 2025-10-19 13:12:00	info	core/server.go:389	Reloading MCP configuration
2025-10-19T21:12:00: 2025-10-19 13:12:00	info	core/server.go:319	Updating MCP configuration
2025-10-19T21:12:00: 2025-10-19 13:12:00	info	core/server.go:343	no updated MCP configurations found, skipping update
2025-10-19T21:12:00: 2025-10-19 13:12:00	info	core/server.go:405	Configuration reloaded successfully
2025-10-19T21:22:00: 2025-10-19 13:22:00	info	mcp-gateway/main.go:243	Received ticker signal	{"reload_switch": true}
2025-10-19T21:22:00: 2025-10-19 13:22:00	info	core/server.go:389	Reloading MCP configuration
2025-10-19T21:22:00: 2025-10-19 13:22:00	info	core/server.go:319	Updating MCP configuration
2025-10-19T21:22:00: 2025-10-19 13:22:00	info	core/server.go:343	no updated MCP configurations found, skipping update
2025-10-19T21:22:00: 2025-10-19 13:22:00	info	core/server.go:405	Configuration reloaded successfully
2025-10-19T21:32:01: 2025-10-19 13:32:01	info	mcp-gateway/main.go:243	Received ticker signal	{"reload_switch": true}
2025-10-19T21:32:01: 2025-10-19 13:32:01	info	core/server.go:389	Reloading MCP configuration
2025-10-19T21:32:01: 2025-10-19 13:32:01	info	core/server.go:319	Updating MCP configuration
2025-10-19T21:32:01: 2025-10-19 13:32:01	info	core/server.go:343	no updated MCP configurations found, skipping update
2025-10-19T21:32:01: 2025-10-19 13:32:01	info	core/server.go:405	Configuration reloaded successfully
2025-10-19T21:42:01: 2025-10-19 13:42:01	info	mcp-gateway/main.go:243	Received ticker signal	{"reload_switch": true}
2025-10-19T21:42:01: 2025-10-19 13:42:01	info	core/server.go:389	Reloading MCP configuration
2025-10-19T21:42:01: 2025-10-19 13:42:01	info	core/server.go:319	Updating MCP configuration
2025-10-19T21:42:01: 2025-10-19 13:42:01	info	core/server.go:343	no updated MCP configurations found, skipping update
2025-10-19T21:42:01: 2025-10-19 13:42:01	info	core/server.go:405	Configuration reloaded successfully
2025-10-19T21:52:01: 2025-10-19 13:52:01	info	mcp-gateway/main.go:243	Received ticker signal	{"reload_switch": true}
2025-10-19T21:52:01: 2025-10-19 13:52:01	info	core/server.go:389	Reloading MCP configuration
2025-10-19T21:52:01: 2025-10-19 13:52:01	info	core/server.go:319	Updating MCP configuration
2025-10-19T21:52:01: 2025-10-19 13:52:01	info	core/server.go:343	no updated MCP configurations found, skipping update
2025-10-19T21:52:01: 2025-10-19 13:52:01	info	core/server.go:405	Configuration reloaded successfully
2025-10-19T22:02:01: 2025-10-19 14:02:01	info	mcp-gateway/main.go:243	Received ticker signal	{"reload_switch": true}
2025-10-19T22:02:01: 2025-10-19 14:02:01	info	core/server.go:389	Reloading MCP configuration
2025-10-19T22:02:01: 2025-10-19 14:02:01	info	core/server.go:319	Updating MCP configuration
2025-10-19T22:02:01: 2025-10-19 14:02:01	info	core/server.go:343	no updated MCP configurations found, skipping update
2025-10-19T22:02:01: 2025-10-19 14:02:01	info	core/server.go:405	Configuration reloaded successfully
2025-10-19T22:12:01: 2025-10-19 14:12:01	info	mcp-gateway/main.go:243	Received ticker signal	{"reload_switch": true}
2025-10-19T22:12:01: 2025-10-19 14:12:01	info	core/server.go:389	Reloading MCP configuration
2025-10-19T22:12:01: 2025-10-19 14:12:01	info	core/server.go:319	Updating MCP configuration
2025-10-19T22:12:01: 2025-10-19 14:12:01	info	core/server.go:343	no updated MCP configurations found, skipping update
2025-10-19T22:12:01: 2025-10-19 14:12:01	info	core/server.go:405	Configuration reloaded successfully
2025-10-19T22:22:01: 2025-10-19 14:22:01	info	mcp-gateway/main.go:243	Received ticker signal	{"reload_switch": true}
2025-10-19T22:22:01: 2025-10-19 14:22:01	info	core/server.go:389	Reloading MCP configuration
2025-10-19T22:22:01: 2025-10-19 14:22:01	info	core/server.go:319	Updating MCP configuration
2025-10-19T22:22:01: 2025-10-19 14:22:01	info	core/server.go:343	no updated MCP configurations found, skipping update
2025-10-19T22:22:01: 2025-10-19 14:22:01	info	core/server.go:405	Configuration reloaded successfully
2025-10-19T22:32:01: 2025-10-19 14:32:01	info	mcp-gateway/main.go:243	Received ticker signal	{"reload_switch": true}
2025-10-19T22:32:01: 2025-10-19 14:32:01	info	core/server.go:389	Reloading MCP configuration
2025-10-19T22:32:01: 2025-10-19 14:32:01	info	core/server.go:319	Updating MCP configuration
2025-10-19T22:32:01: 2025-10-19 14:32:01	info	core/server.go:343	no updated MCP configurations found, skipping update
2025-10-19T22:32:01: 2025-10-19 14:32:01	info	core/server.go:405	Configuration reloaded successfully
2025-10-19T22:42:01: 2025-10-19 14:42:01	info	mcp-gateway/main.go:243	Received ticker signal	{"reload_switch": true}
2025-10-19T22:42:01: 2025-10-19 14:42:01	info	core/server.go:389	Reloading MCP configuration
2025-10-19T22:42:01: 2025-10-19 14:42:01	info	core/server.go:319	Updating MCP configuration
2025-10-19T22:42:01: 2025-10-19 14:42:01	info	core/server.go:343	no updated MCP configurations found, skipping update
2025-10-19T22:42:01: 2025-10-19 14:42:01	info	core/server.go:405	Configuration reloaded successfully
2025-10-19T22:52:01: 2025-10-19 14:52:01	info	mcp-gateway/main.go:243	Received ticker signal	{"reload_switch": true}
2025-10-19T22:52:01: 2025-10-19 14:52:01	info	core/server.go:389	Reloading MCP configuration
2025-10-19T22:52:01: 2025-10-19 14:52:01	info	core/server.go:319	Updating MCP configuration
2025-10-19T22:52:01: 2025-10-19 14:52:01	info	core/server.go:343	no updated MCP configurations found, skipping update
2025-10-19T22:52:01: 2025-10-19 14:52:01	info	core/server.go:405	Configuration reloaded successfully
2025-10-19T23:02:01: 2025-10-19 15:02:01	info	mcp-gateway/main.go:243	Received ticker signal	{"reload_switch": true}
2025-10-19T23:02:01: 2025-10-19 15:02:01	info	core/server.go:389	Reloading MCP configuration
2025-10-19T23:02:01: 2025-10-19 15:02:01	info	core/server.go:319	Updating MCP configuration
2025-10-19T23:02:01: 2025-10-19 15:02:01	info	core/server.go:343	no updated MCP configurations found, skipping update
2025-10-19T23:02:01: 2025-10-19 15:02:01	info	core/server.go:405	Configuration reloaded successfully
2025-10-19T23:12:01: 2025-10-19 15:12:01	info	mcp-gateway/main.go:243	Received ticker signal	{"reload_switch": true}
2025-10-19T23:12:01: 2025-10-19 15:12:01	info	core/server.go:389	Reloading MCP configuration
2025-10-19T23:12:01: 2025-10-19 15:12:01	info	core/server.go:319	Updating MCP configuration
2025-10-19T23:12:01: 2025-10-19 15:12:01	info	core/server.go:343	no updated MCP configurations found, skipping update
2025-10-19T23:12:01: 2025-10-19 15:12:01	info	core/server.go:405	Configuration reloaded successfully
2025-10-19T23:22:01: 2025-10-19 15:22:01	info	mcp-gateway/main.go:243	Received ticker signal	{"reload_switch": true}
2025-10-19T23:22:01: 2025-10-19 15:22:01	info	core/server.go:389	Reloading MCP configuration
2025-10-19T23:22:01: 2025-10-19 15:22:01	info	core/server.go:319	Updating MCP configuration
2025-10-19T23:22:01: 2025-10-19 15:22:01	info	core/server.go:343	no updated MCP configurations found, skipping update
2025-10-19T23:22:01: 2025-10-19 15:22:01	info	core/server.go:405	Configuration reloaded successfully
2025-10-19T23:32:01: 2025-10-19 15:32:01	info	mcp-gateway/main.go:243	Received ticker signal	{"reload_switch": true}
2025-10-19T23:32:01: 2025-10-19 15:32:01	info	core/server.go:389	Reloading MCP configuration
2025-10-19T23:32:01: 2025-10-19 15:32:01	info	core/server.go:319	Updating MCP configuration
2025-10-19T23:32:01: 2025-10-19 15:32:01	info	core/server.go:343	no updated MCP configurations found, skipping update
2025-10-19T23:32:01: 2025-10-19 15:32:01	info	core/server.go:405	Configuration reloaded successfully
2025-10-19T23:42:01: 2025-10-19 15:42:01	info	mcp-gateway/main.go:243	Received ticker signal	{"reload_switch": true}
2025-10-19T23:42:01: 2025-10-19 15:42:01	info	core/server.go:389	Reloading MCP configuration
2025-10-19T23:42:01: 2025-10-19 15:42:01	info	core/server.go:319	Updating MCP configuration
2025-10-19T23:42:01: 2025-10-19 15:42:01	info	core/server.go:343	no updated MCP configurations found, skipping update
2025-10-19T23:42:01: 2025-10-19 15:42:01	info	core/server.go:405	Configuration reloaded successfully
2025-10-19T23:52:01: 2025-10-19 15:52:01	info	mcp-gateway/main.go:243	Received ticker signal	{"reload_switch": true}
2025-10-19T23:52:01: 2025-10-19 15:52:01	info	core/server.go:389	Reloading MCP configuration
2025-10-19T23:52:01: 2025-10-19 15:52:01	info	core/server.go:319	Updating MCP configuration
2025-10-19T23:52:01: 2025-10-19 15:52:01	info	core/server.go:343	no updated MCP configurations found, skipping update
2025-10-19T23:52:01: 2025-10-19 15:52:01	info	core/server.go:405	Configuration reloaded successfully
2025-10-20T00:02:01: 2025-10-19 16:02:01	info	mcp-gateway/main.go:243	Received ticker signal	{"reload_switch": true}
2025-10-20T00:02:01: 2025-10-19 16:02:01	info	core/server.go:389	Reloading MCP configuration
2025-10-20T00:02:01: 2025-10-19 16:02:01	info	core/server.go:319	Updating MCP configuration
2025-10-20T00:02:01: 2025-10-19 16:02:01	info	core/server.go:343	no updated MCP configurations found, skipping update
2025-10-20T00:02:01: 2025-10-19 16:02:01	info	core/server.go:405	Configuration reloaded successfully
2025-10-20T00:12:01: 2025-10-19 16:12:01	info	mcp-gateway/main.go:243	Received ticker signal	{"reload_switch": true}
2025-10-20T00:12:01: 2025-10-19 16:12:01	info	core/server.go:389	Reloading MCP configuration
2025-10-20T00:12:01: 2025-10-19 16:12:01	info	core/server.go:319	Updating MCP configuration
2025-10-20T00:12:01: 2025-10-19 16:12:01	info	core/server.go:343	no updated MCP configurations found, skipping update
2025-10-20T00:12:01: 2025-10-19 16:12:01	info	core/server.go:405	Configuration reloaded successfully
2025-10-20T00:22:01: 2025-10-19 16:22:01	info	mcp-gateway/main.go:243	Received ticker signal	{"reload_switch": true}
2025-10-20T00:22:01: 2025-10-19 16:22:01	info	core/server.go:389	Reloading MCP configuration
2025-10-20T00:22:01: 2025-10-19 16:22:01	info	core/server.go:319	Updating MCP configuration
2025-10-20T00:22:01: 2025-10-19 16:22:01	info	core/server.go:343	no updated MCP configurations found, skipping update
2025-10-20T00:22:01: 2025-10-19 16:22:01	info	core/server.go:405	Configuration reloaded successfully
2025-10-20T00:32:01: 2025-10-19 16:32:01	info	mcp-gateway/main.go:243	Received ticker signal	{"reload_switch": true}
2025-10-20T00:32:01: 2025-10-19 16:32:01	info	core/server.go:389	Reloading MCP configuration
2025-10-20T00:32:01: 2025-10-19 16:32:01	info	core/server.go:319	Updating MCP configuration
2025-10-20T00:32:01: 2025-10-19 16:32:01	info	core/server.go:343	no updated MCP configurations found, skipping update
2025-10-20T00:32:01: 2025-10-19 16:32:01	info	core/server.go:405	Configuration reloaded successfully
2025-10-20T00:42:01: 2025-10-19 16:42:01	info	mcp-gateway/main.go:243	Received ticker signal	{"reload_switch": true}
2025-10-20T00:42:01: 2025-10-19 16:42:01	info	core/server.go:389	Reloading MCP configuration
2025-10-20T00:42:01: 2025-10-19 16:42:01	info	core/server.go:319	Updating MCP configuration
2025-10-20T00:42:01: 2025-10-19 16:42:01	info	core/server.go:343	no updated MCP configurations found, skipping update
2025-10-20T00:42:01: 2025-10-19 16:42:01	info	core/server.go:405	Configuration reloaded successfully
2025-10-20T00:52:01: 2025-10-19 16:52:01	info	mcp-gateway/main.go:243	Received ticker signal	{"reload_switch": true}
2025-10-20T00:52:01: 2025-10-19 16:52:01	info	core/server.go:389	Reloading MCP configuration
2025-10-20T00:52:01: 2025-10-19 16:52:01	info	core/server.go:319	Updating MCP configuration
2025-10-20T00:52:01: 2025-10-19 16:52:01	info	core/server.go:343	no updated MCP configurations found, skipping update
2025-10-20T00:52:01: 2025-10-19 16:52:01	info	core/server.go:405	Configuration reloaded successfully
2025-10-20T01:02:01: 2025-10-19 17:02:01	info	mcp-gateway/main.go:243	Received ticker signal	{"reload_switch": true}
2025-10-20T01:02:01: 2025-10-19 17:02:01	info	core/server.go:389	Reloading MCP configuration
2025-10-20T01:02:01: 2025-10-19 17:02:01	info	core/server.go:319	Updating MCP configuration
2025-10-20T01:02:01: 2025-10-19 17:02:01	info	core/server.go:343	no updated MCP configurations found, skipping update
2025-10-20T01:02:01: 2025-10-19 17:02:01	info	core/server.go:405	Configuration reloaded successfully
2025-10-20T01:12:01: 2025-10-19 17:12:01	info	mcp-gateway/main.go:243	Received ticker signal	{"reload_switch": true}
2025-10-20T01:12:01: 2025-10-19 17:12:01	info	core/server.go:389	Reloading MCP configuration
2025-10-20T01:12:01: 2025-10-19 17:12:01	info	core/server.go:319	Updating MCP configuration
2025-10-20T01:12:01: 2025-10-19 17:12:01	info	core/server.go:343	no updated MCP configurations found, skipping update
2025-10-20T01:12:01: 2025-10-19 17:12:01	info	core/server.go:405	Configuration reloaded successfully
2025-10-20T01:22:01: 2025-10-19 17:22:01	info	mcp-gateway/main.go:243	Received ticker signal	{"reload_switch": true}
2025-10-20T01:22:01: 2025-10-19 17:22:01	info	core/server.go:389	Reloading MCP configuration
2025-10-20T01:22:01: 2025-10-19 17:22:01	info	core/server.go:319	Updating MCP configuration
2025-10-20T01:22:01: 2025-10-19 17:22:01	info	core/server.go:343	no updated MCP configurations found, skipping update
2025-10-20T01:22:01: 2025-10-19 17:22:01	info	core/server.go:405	Configuration reloaded successfully
2025-10-20T05:32:15: 2025-10-19 21:32:15	info	mcp-gateway/main.go:243	Received ticker signal	{"reload_switch": true}
2025-10-20T05:32:15: 2025-10-19 21:32:15	info	core/server.go:389	Reloading MCP configuration
2025-10-20T05:32:15: 2025-10-19 21:32:15	info	core/server.go:319	Updating MCP configuration
2025-10-20T05:32:15: 2025-10-19 21:32:15	info	core/server.go:343	no updated MCP configurations found, skipping update
2025-10-20T05:32:15: 2025-10-19 21:32:15	info	core/server.go:405	Configuration reloaded successfully
2025-10-20T09:09:37: 2025-10-20 01:09:37	info	mcp-gateway/main.go:243	Received ticker signal	{"reload_switch": true}
2025-10-20T09:09:37: 2025-10-20 01:09:37	info	core/server.go:389	Reloading MCP configuration
2025-10-20T09:09:37: 2025-10-20 01:09:37	info	core/server.go:319	Updating MCP configuration
2025-10-20T09:09:37: 2025-10-20 01:09:37	info	core/server.go:343	no updated MCP configurations found, skipping update
2025-10-20T09:09:37: 2025-10-20 01:09:37	info	core/server.go:405	Configuration reloaded successfully
2025-10-20T09:19:37: 2025-10-20 01:19:37	info	mcp-gateway/main.go:243	Received ticker signal	{"reload_switch": true}
2025-10-20T09:19:37: 2025-10-20 01:19:37	info	core/server.go:389	Reloading MCP configuration
2025-10-20T09:19:37: 2025-10-20 01:19:37	info	core/server.go:319	Updating MCP configuration
2025-10-20T09:19:37: 2025-10-20 01:19:37	info	core/server.go:343	no updated MCP configurations found, skipping update
2025-10-20T09:19:37: 2025-10-20 01:19:37	info	core/server.go:405	Configuration reloaded successfully
2025-10-20T09:29:37: 2025-10-20 01:29:37	info	mcp-gateway/main.go:243	Received ticker signal	{"reload_switch": true}
2025-10-20T09:29:37: 2025-10-20 01:29:37	info	core/server.go:389	Reloading MCP configuration
2025-10-20T09:29:37: 2025-10-20 01:29:37	info	core/server.go:319	Updating MCP configuration
2025-10-20T09:29:37: 2025-10-20 01:29:37	info	core/server.go:343	no updated MCP configurations found, skipping update
2025-10-20T09:29:37: 2025-10-20 01:29:37	info	core/server.go:405	Configuration reloaded successfully
2025-10-20T09:39:37: 2025-10-20 01:39:37	info	mcp-gateway/main.go:243	Received ticker signal	{"reload_switch": true}
2025-10-20T09:39:37: 2025-10-20 01:39:37	info	core/server.go:389	Reloading MCP configuration
2025-10-20T09:39:37: 2025-10-20 01:39:37	info	core/server.go:319	Updating MCP configuration
2025-10-20T09:39:37: 2025-10-20 01:39:37	info	core/server.go:343	no updated MCP configurations found, skipping update
2025-10-20T09:39:37: 2025-10-20 01:39:37	info	core/server.go:405	Configuration reloaded successfully
2025-10-20T09:49:37: 2025-10-20 01:49:37	info	mcp-gateway/main.go:243	Received ticker signal	{"reload_switch": true}
2025-10-20T09:49:37: 2025-10-20 01:49:37	info	core/server.go:389	Reloading MCP configuration
2025-10-20T09:49:37: 2025-10-20 01:49:37	info	core/server.go:319	Updating MCP configuration
2025-10-20T09:49:37: 2025-10-20 01:49:37	info	core/server.go:343	no updated MCP configurations found, skipping update
2025-10-20T09:49:37: 2025-10-20 01:49:37	info	core/server.go:405	Configuration reloaded successfully
2025-10-20T09:59:37: 2025-10-20 01:59:37	info	mcp-gateway/main.go:243	Received ticker signal	{"reload_switch": true}
2025-10-20T09:59:37: 2025-10-20 01:59:37	info	core/server.go:389	Reloading MCP configuration
2025-10-20T09:59:37: 2025-10-20 01:59:37	info	core/server.go:319	Updating MCP configuration
2025-10-20T09:59:37: 2025-10-20 01:59:37	info	core/server.go:343	no updated MCP configurations found, skipping update
2025-10-20T09:59:37: 2025-10-20 01:59:37	info	core/server.go:405	Configuration reloaded successfully
2025-10-20T10:09:37: 2025-10-20 02:09:37	info	mcp-gateway/main.go:243	Received ticker signal	{"reload_switch": true}
2025-10-20T10:09:37: 2025-10-20 02:09:37	info	core/server.go:389	Reloading MCP configuration
2025-10-20T10:09:37: 2025-10-20 02:09:37	info	core/server.go:319	Updating MCP configuration
2025-10-20T10:09:37: 2025-10-20 02:09:37	info	core/server.go:343	no updated MCP configurations found, skipping update
2025-10-20T10:09:37: 2025-10-20 02:09:37	info	core/server.go:405	Configuration reloaded successfully
2025-10-20T10:19:37: 2025-10-20 02:19:37	info	mcp-gateway/main.go:243	Received ticker signal	{"reload_switch": true}
2025-10-20T10:19:37: 2025-10-20 02:19:37	info	core/server.go:389	Reloading MCP configuration
2025-10-20T10:19:37: 2025-10-20 02:19:37	info	core/server.go:319	Updating MCP configuration
2025-10-20T10:19:37: 2025-10-20 02:19:37	info	core/server.go:343	no updated MCP configurations found, skipping update
2025-10-20T10:19:37: 2025-10-20 02:19:37	info	core/server.go:405	Configuration reloaded successfully
2025-10-20T10:29:37: 2025-10-20 02:29:37	info	mcp-gateway/main.go:243	Received ticker signal	{"reload_switch": true}
2025-10-20T10:29:37: 2025-10-20 02:29:37	info	core/server.go:389	Reloading MCP configuration
2025-10-20T10:29:37: 2025-10-20 02:29:37	info	core/server.go:319	Updating MCP configuration
2025-10-20T10:29:37: 2025-10-20 02:29:37	info	core/server.go:343	no updated MCP configurations found, skipping update
2025-10-20T10:29:37: 2025-10-20 02:29:37	info	core/server.go:405	Configuration reloaded successfully
2025-10-20T10:39:37: 2025-10-20 02:39:37	info	mcp-gateway/main.go:243	Received ticker signal	{"reload_switch": true}
2025-10-20T10:39:37: 2025-10-20 02:39:37	info	core/server.go:389	Reloading MCP configuration
2025-10-20T10:39:37: 2025-10-20 02:39:37	info	core/server.go:319	Updating MCP configuration
2025-10-20T10:39:37: 2025-10-20 02:39:37	info	core/server.go:343	no updated MCP configurations found, skipping update
2025-10-20T10:39:37: 2025-10-20 02:39:37	info	core/server.go:405	Configuration reloaded successfully
2025-10-20T10:49:37: 2025-10-20 02:49:37	info	mcp-gateway/main.go:243	Received ticker signal	{"reload_switch": true}
2025-10-20T10:49:37: 2025-10-20 02:49:37	info	core/server.go:389	Reloading MCP configuration
2025-10-20T10:49:37: 2025-10-20 02:49:37	info	core/server.go:319	Updating MCP configuration
2025-10-20T10:49:37: 2025-10-20 02:49:37	info	core/server.go:343	no updated MCP configurations found, skipping update
2025-10-20T10:49:37: 2025-10-20 02:49:37	info	core/server.go:405	Configuration reloaded successfully
2025-10-20T10:59:37: 2025-10-20 02:59:37	info	mcp-gateway/main.go:243	Received ticker signal	{"reload_switch": true}
2025-10-20T10:59:37: 2025-10-20 02:59:37	info	core/server.go:389	Reloading MCP configuration
2025-10-20T10:59:37: 2025-10-20 02:59:37	info	core/server.go:319	Updating MCP configuration
2025-10-20T10:59:37: 2025-10-20 02:59:37	info	core/server.go:343	no updated MCP configurations found, skipping update
2025-10-20T10:59:37: 2025-10-20 02:59:37	info	core/server.go:405	Configuration reloaded successfully
2025-10-20T11:09:37: 2025-10-20 03:09:37	info	mcp-gateway/main.go:243	Received ticker signal	{"reload_switch": true}
2025-10-20T11:09:37: 2025-10-20 03:09:37	info	core/server.go:389	Reloading MCP configuration
2025-10-20T11:09:37: 2025-10-20 03:09:37	info	core/server.go:319	Updating MCP configuration
2025-10-20T11:09:37: 2025-10-20 03:09:37	info	core/server.go:343	no updated MCP configurations found, skipping update
2025-10-20T11:09:37: 2025-10-20 03:09:37	info	core/server.go:405	Configuration reloaded successfully
2025-10-20T11:19:37: 2025-10-20 03:19:37	info	mcp-gateway/main.go:243	Received ticker signal	{"reload_switch": true}
2025-10-20T11:19:37: 2025-10-20 03:19:37	info	core/server.go:389	Reloading MCP configuration
2025-10-20T11:19:37: 2025-10-20 03:19:37	info	core/server.go:319	Updating MCP configuration
2025-10-20T11:19:37: 2025-10-20 03:19:37	info	core/server.go:343	no updated MCP configurations found, skipping update
2025-10-20T11:19:37: 2025-10-20 03:19:37	info	core/server.go:405	Configuration reloaded successfully
2025-10-20T11:29:37: 2025-10-20 03:29:37	info	mcp-gateway/main.go:243	Received ticker signal	{"reload_switch": true}
2025-10-20T11:29:37: 2025-10-20 03:29:37	info	core/server.go:389	Reloading MCP configuration
2025-10-20T11:29:37: 2025-10-20 03:29:37	info	core/server.go:319	Updating MCP configuration
2025-10-20T11:29:37: 2025-10-20 03:29:37	info	core/server.go:343	no updated MCP configurations found, skipping update
2025-10-20T11:29:37: 2025-10-20 03:29:37	info	core/server.go:405	Configuration reloaded successfully
2025-10-20T11:39:37: 2025-10-20 03:39:37	info	mcp-gateway/main.go:243	Received ticker signal	{"reload_switch": true}
2025-10-20T11:39:37: 2025-10-20 03:39:37	info	core/server.go:389	Reloading MCP configuration
2025-10-20T11:39:37: 2025-10-20 03:39:37	info	core/server.go:319	Updating MCP configuration
2025-10-20T11:39:37: 2025-10-20 03:39:37	info	core/server.go:343	no updated MCP configurations found, skipping update
2025-10-20T11:39:37: 2025-10-20 03:39:37	info	core/server.go:405	Configuration reloaded successfully
2025-10-20T11:49:37: 2025-10-20 03:49:37	info	mcp-gateway/main.go:243	Received ticker signal	{"reload_switch": true}
2025-10-20T11:49:37: 2025-10-20 03:49:37	info	core/server.go:389	Reloading MCP configuration
2025-10-20T11:49:37: 2025-10-20 03:49:37	info	core/server.go:319	Updating MCP configuration
2025-10-20T11:49:37: 2025-10-20 03:49:37	info	core/server.go:343	no updated MCP configurations found, skipping update
2025-10-20T11:49:37: 2025-10-20 03:49:37	info	core/server.go:405	Configuration reloaded successfully
2025-10-20T11:59:37: 2025-10-20 03:59:37	info	mcp-gateway/main.go:243	Received ticker signal	{"reload_switch": true}
2025-10-20T11:59:37: 2025-10-20 03:59:37	info	core/server.go:389	Reloading MCP configuration
2025-10-20T11:59:37: 2025-10-20 03:59:37	info	core/server.go:319	Updating MCP configuration
2025-10-20T11:59:37: 2025-10-20 03:59:37	info	core/server.go:343	no updated MCP configurations found, skipping update
2025-10-20T11:59:37: 2025-10-20 03:59:37	info	core/server.go:405	Configuration reloaded successfully
2025-10-20T12:09:37: 2025-10-20 04:09:37	info	mcp-gateway/main.go:243	Received ticker signal	{"reload_switch": true}
2025-10-20T12:09:37: 2025-10-20 04:09:37	info	core/server.go:389	Reloading MCP configuration
2025-10-20T12:09:37: 2025-10-20 04:09:37	info	core/server.go:319	Updating MCP configuration
2025-10-20T12:09:37: 2025-10-20 04:09:37	info	core/server.go:343	no updated MCP configurations found, skipping update
2025-10-20T12:09:37: 2025-10-20 04:09:37	info	core/server.go:405	Configuration reloaded successfully
2025-10-20T12:19:37: 2025-10-20 04:19:37	info	mcp-gateway/main.go:243	Received ticker signal	{"reload_switch": true}
2025-10-20T12:19:37: 2025-10-20 04:19:37	info	core/server.go:389	Reloading MCP configuration
2025-10-20T12:19:37: 2025-10-20 04:19:37	info	core/server.go:319	Updating MCP configuration
2025-10-20T12:19:37: 2025-10-20 04:19:37	info	core/server.go:343	no updated MCP configurations found, skipping update
2025-10-20T12:19:37: 2025-10-20 04:19:37	info	core/server.go:405	Configuration reloaded successfully
2025-10-20T12:29:37: 2025-10-20 04:29:37	info	mcp-gateway/main.go:243	Received ticker signal	{"reload_switch": true}
2025-10-20T12:29:37: 2025-10-20 04:29:37	info	core/server.go:389	Reloading MCP configuration
2025-10-20T12:29:37: 2025-10-20 04:29:37	info	core/server.go:319	Updating MCP configuration
2025-10-20T12:29:37: 2025-10-20 04:29:37	info	core/server.go:343	no updated MCP configurations found, skipping update
2025-10-20T12:29:37: 2025-10-20 04:29:37	info	core/server.go:405	Configuration reloaded successfully
2025-10-20T12:39:37: 2025-10-20 04:39:37	info	mcp-gateway/main.go:243	Received ticker signal	{"reload_switch": true}
2025-10-20T12:39:37: 2025-10-20 04:39:37	info	core/server.go:389	Reloading MCP configuration
2025-10-20T12:39:37: 2025-10-20 04:39:37	info	core/server.go:319	Updating MCP configuration
2025-10-20T12:39:37: 2025-10-20 04:39:37	info	core/server.go:343	no updated MCP configurations found, skipping update
2025-10-20T12:39:37: 2025-10-20 04:39:37	info	core/server.go:405	Configuration reloaded successfully
2025-10-20T12:49:37: 2025-10-20 04:49:37	info	mcp-gateway/main.go:243	Received ticker signal	{"reload_switch": true}
2025-10-20T12:49:37: 2025-10-20 04:49:37	info	core/server.go:389	Reloading MCP configuration
2025-10-20T12:49:37: 2025-10-20 04:49:37	info	core/server.go:319	Updating MCP configuration
2025-10-20T12:49:37: 2025-10-20 04:49:37	info	core/server.go:343	no updated MCP configurations found, skipping update
2025-10-20T12:49:37: 2025-10-20 04:49:37	info	core/server.go:405	Configuration reloaded successfully
2025-10-20T12:59:37: 2025-10-20 04:59:37	info	mcp-gateway/main.go:243	Received ticker signal	{"reload_switch": true}
2025-10-20T12:59:37: 2025-10-20 04:59:37	info	core/server.go:389	Reloading MCP configuration
2025-10-20T12:59:37: 2025-10-20 04:59:37	info	core/server.go:319	Updating MCP configuration
2025-10-20T12:59:37: 2025-10-20 04:59:37	info	core/server.go:343	no updated MCP configurations found, skipping update
2025-10-20T12:59:37: 2025-10-20 04:59:37	info	core/server.go:405	Configuration reloaded successfully
2025-10-20T13:09:37: 2025-10-20 05:09:37	info	mcp-gateway/main.go:243	Received ticker signal	{"reload_switch": true}
2025-10-20T13:09:37: 2025-10-20 05:09:37	info	core/server.go:389	Reloading MCP configuration
2025-10-20T13:09:37: 2025-10-20 05:09:37	info	core/server.go:319	Updating MCP configuration
2025-10-20T13:09:37: 2025-10-20 05:09:37	info	core/server.go:343	no updated MCP configurations found, skipping update
2025-10-20T13:09:37: 2025-10-20 05:09:37	info	core/server.go:405	Configuration reloaded successfully
2025-10-20T13:19:37: 2025-10-20 05:19:37	info	mcp-gateway/main.go:243	Received ticker signal	{"reload_switch": true}
2025-10-20T13:19:37: 2025-10-20 05:19:37	info	core/server.go:389	Reloading MCP configuration
2025-10-20T13:19:37: 2025-10-20 05:19:37	info	core/server.go:319	Updating MCP configuration
2025-10-20T13:19:37: 2025-10-20 05:19:37	info	core/server.go:343	no updated MCP configurations found, skipping update
2025-10-20T13:19:37: 2025-10-20 05:19:37	info	core/server.go:405	Configuration reloaded successfully
2025-10-20T13:29:37: 2025-10-20 05:29:37	info	mcp-gateway/main.go:243	Received ticker signal	{"reload_switch": true}
2025-10-20T13:29:37: 2025-10-20 05:29:37	info	core/server.go:389	Reloading MCP configuration
2025-10-20T13:29:37: 2025-10-20 05:29:37	info	core/server.go:319	Updating MCP configuration
2025-10-20T13:29:37: 2025-10-20 05:29:37	info	core/server.go:343	no updated MCP configurations found, skipping update
2025-10-20T13:29:37: 2025-10-20 05:29:37	info	core/server.go:405	Configuration reloaded successfully
2025-10-20T13:39:37: 2025-10-20 05:39:37	info	mcp-gateway/main.go:243	Received ticker signal	{"reload_switch": true}
2025-10-20T13:39:37: 2025-10-20 05:39:37	info	core/server.go:389	Reloading MCP configuration
2025-10-20T13:39:37: 2025-10-20 05:39:37	info	core/server.go:319	Updating MCP configuration
2025-10-20T13:39:37: 2025-10-20 05:39:37	info	core/server.go:343	no updated MCP configurations found, skipping update
2025-10-20T13:39:37: 2025-10-20 05:39:37	info	core/server.go:405	Configuration reloaded successfully
2025-10-20T13:49:37: 2025-10-20 05:49:37	info	mcp-gateway/main.go:243	Received ticker signal	{"reload_switch": true}
2025-10-20T13:49:37: 2025-10-20 05:49:37	info	core/server.go:389	Reloading MCP configuration
2025-10-20T13:49:37: 2025-10-20 05:49:37	info	core/server.go:319	Updating MCP configuration
2025-10-20T13:49:37: 2025-10-20 05:49:37	info	core/server.go:343	no updated MCP configurations found, skipping update
2025-10-20T13:49:37: 2025-10-20 05:49:37	info	core/server.go:405	Configuration reloaded successfully
2025-10-20T13:59:37: 2025-10-20 05:59:37	info	mcp-gateway/main.go:243	Received ticker signal	{"reload_switch": true}
2025-10-20T13:59:37: 2025-10-20 05:59:37	info	core/server.go:389	Reloading MCP configuration
2025-10-20T13:59:37: 2025-10-20 05:59:37	info	core/server.go:319	Updating MCP configuration
2025-10-20T13:59:37: 2025-10-20 05:59:37	info	core/server.go:343	no updated MCP configurations found, skipping update
2025-10-20T13:59:37: 2025-10-20 05:59:37	info	core/server.go:405	Configuration reloaded successfully
2025-10-20T14:09:37: 2025-10-20 06:09:37	info	mcp-gateway/main.go:243	Received ticker signal	{"reload_switch": true}
2025-10-20T14:09:37: 2025-10-20 06:09:37	info	core/server.go:389	Reloading MCP configuration
2025-10-20T14:09:37: 2025-10-20 06:09:37	info	core/server.go:319	Updating MCP configuration
2025-10-20T14:09:37: 2025-10-20 06:09:37	info	core/server.go:343	no updated MCP configurations found, skipping update
2025-10-20T14:09:37: 2025-10-20 06:09:37	info	core/server.go:405	Configuration reloaded successfully
2025-10-20T14:19:37: 2025-10-20 06:19:37	info	mcp-gateway/main.go:243	Received ticker signal	{"reload_switch": true}
2025-10-20T14:19:37: 2025-10-20 06:19:37	info	core/server.go:389	Reloading MCP configuration
2025-10-20T14:19:37: 2025-10-20 06:19:37	info	core/server.go:319	Updating MCP configuration
2025-10-20T14:19:37: 2025-10-20 06:19:37	info	core/server.go:343	no updated MCP configurations found, skipping update
2025-10-20T14:19:37: 2025-10-20 06:19:37	info	core/server.go:405	Configuration reloaded successfully
2025-10-20T14:29:37: 2025-10-20 06:29:37	info	mcp-gateway/main.go:243	Received ticker signal	{"reload_switch": true}
2025-10-20T14:29:37: 2025-10-20 06:29:37	info	core/server.go:389	Reloading MCP configuration
2025-10-20T14:29:37: 2025-10-20 06:29:37	info	core/server.go:319	Updating MCP configuration
2025-10-20T14:29:37: 2025-10-20 06:29:37	info	core/server.go:343	no updated MCP configurations found, skipping update
2025-10-20T14:29:37: 2025-10-20 06:29:37	info	core/server.go:405	Configuration reloaded successfully
2025-10-20T14:39:37: 2025-10-20 06:39:37	info	mcp-gateway/main.go:243	Received ticker signal	{"reload_switch": true}
2025-10-20T14:39:37: 2025-10-20 06:39:37	info	core/server.go:389	Reloading MCP configuration
2025-10-20T14:39:37: 2025-10-20 06:39:37	info	core/server.go:319	Updating MCP configuration
2025-10-20T14:39:37: 2025-10-20 06:39:37	info	core/server.go:343	no updated MCP configurations found, skipping update
2025-10-20T14:39:37: 2025-10-20 06:39:37	info	core/server.go:405	Configuration reloaded successfully
2025-10-20T14:43:47: 2025-10-20 06:43:47	info	mcp-gateway/main.go:218	Received shutdown signal, starting graceful shutdown
2025-10-20T14:43:47: 2025-10-20 06:43:47	info	core/server.go:290	shutting down server
2025-10-20T14:43:47: 2025-10-20 06:43:47	info	mcp-gateway/main.go:229	MCP server shutdown completed successfully
2025-10-20T14:43:47: 2025-10-20 06:43:47	info	notifier.signal	notifier/signal.go:61	Signal handler stopped
2025-10-20T14:43:47: 2025-10-20 06:43:47	info	mcp-gateway/main.go:143	Loaded configuration	{"path": "/Users/wxn/Desktop/NextAgentLite/services/configs/unla-configs/mcp-gateway.yaml"}
2025-10-20T14:43:47: 2025-10-20 06:43:47	info	mcp-gateway/main.go:159	Starting mcp-gateway	{"version": "v0.8.6"}
2025-10-20T14:43:47: 2025-10-20 06:43:47	info	storage/factory.go:13	Initializing storage	{"type": "db"}
2025-10-20T14:43:48: 2025-10-20 06:43:48	info	session/factory.go:23	Initializing session store	{"type": "memory"}
2025-10-20T14:43:48: 2025-10-20 06:43:48	info	storage/factory.go:13	Initializing auth storage	{"type": "memory"}
2025-10-20T14:43:48: [GIN-debug] [WARNING] Creating an Engine instance with the Logger and Recovery middleware already attached.
2025-10-20T14:43:48: 
2025-10-20T14:43:48: [GIN-debug] [WARNING] Running in "debug" mode. Switch to "release" mode in production.
2025-10-20T14:43:48:  - using env:	export GIN_MODE=release
2025-10-20T14:43:48:  - using code:	gin.SetMode(gin.ReleaseMode)
2025-10-20T14:43:48: 
2025-10-20T14:43:48: [GIN-debug] Loaded HTML Templates (2): 
2025-10-20T14:43:48: 	- 
2025-10-20T14:43:48: 	- authorize.html
2025-10-20T14:43:48: 
2025-10-20T14:43:48: [GIN-debug] GET    /static/*filepath         --> github.com/gin-gonic/gin.(*RouterGroup).createStaticHandler.func1 (3 handlers)
2025-10-20T14:43:48: [GIN-debug] HEAD   /static/*filepath         --> github.com/gin-gonic/gin.(*RouterGroup).createStaticHandler.func1 (3 handlers)
2025-10-20T14:43:48: [GIN-debug] GET    /health_check             --> github.com/amoylab/unla/internal/core.(*Server).RegisterRoutes.func1 (5 handlers)
2025-10-20T14:43:48: [GIN-debug] OPTIONS /*path                    --> github.com/amoylab/unla/internal/core.(*Server).RegisterRoutes.(*Server).corsMiddleware.func2 (5 handlers)
2025-10-20T14:43:48: [GIN-debug] GET    /.well-known/oauth-authorization-server --> github.com/amoylab/unla/internal/core.(*Server).handleOAuthServerMetadata-fm (6 handlers)
2025-10-20T14:43:48: [GIN-debug] GET    /authorize                --> github.com/amoylab/unla/internal/core.(*Server).handleOAuthAuthorize-fm (6 handlers)
2025-10-20T14:43:48: [GIN-debug] POST   /authorize                --> github.com/amoylab/unla/internal/core.(*Server).handleOAuthAuthorize-fm (6 handlers)
2025-10-20T14:43:48: [GIN-debug] POST   /token                    --> github.com/amoylab/unla/internal/core.(*Server).handleOAuthToken-fm (6 handlers)
2025-10-20T14:43:48: [GIN-debug] POST   /register                 --> github.com/amoylab/unla/internal/core.(*Server).handleOAuthRegister-fm (6 handlers)
2025-10-20T14:43:48: [GIN-debug] POST   /revoke                   --> github.com/amoylab/unla/internal/core.(*Server).handleOAuthRevoke-fm (6 handlers)
2025-10-20T14:43:48: 2025-10-20 06:43:48	info	core/server.go:319	Updating MCP configuration
2025-10-20T14:43:48: 2025-10-20 06:43:48	info	core/server.go:333	loading all MCP configurations	{"count": 3}
2025-10-20T14:43:48: 2025-10-20 06:43:48	info	core/server.go:371	initializing server state
2025-10-20T14:43:48: 2025-10-20 06:43:48	warn	state/state.go:144	failed to find prefix for mcp server	{"server": "playwright"}
2025-10-20T14:43:48: 2025-10-20 06:43:48	info	state/state.go:81	registered router	{"tenant": "default", "prefix": "/gateway/ntcx", "server": "server-test"}
2025-10-20T14:43:48: 2025-10-20 06:43:48	warn	state/state.go:144	failed to find prefix for mcp server	{"server": "vchart-mcp-server"}
2025-10-20T14:43:48: 2025-10-20 06:43:48	info	core/server.go:379	server configuration loaded	{"server_count": 1, "tool_count": 1, "router_count": 1}
2025-10-20T14:43:48: [GIN-debug] [WARNING] You trusted all proxies, this is NOT safe. We recommend you to set a value.
2025-10-20T14:43:48: Please check https://pkg.go.dev/github.com/gin-gonic/gin#readme-don-t-trust-all-proxies for details.
2025-10-20T14:43:48: [GIN-debug] Listening and serving HTTP on :5235
2025-10-20T14:47:21: 2025-10-20 06:47:21	info	mcp-gateway/main.go:218	Received shutdown signal, starting graceful shutdown
2025-10-20T14:47:21: 2025-10-20 06:47:21	info	core/server.go:290	shutting down server
2025-10-20T14:47:21: 2025-10-20 06:47:21	info	mcp-gateway/main.go:229	MCP server shutdown completed successfully
2025-10-20T14:47:21: 2025-10-20 06:47:21	info	notifier.signal	notifier/signal.go:61	Signal handler stopped
2025-10-20T14:47:21: 2025-10-20 06:47:21	info	mcp-gateway/main.go:143	Loaded configuration	{"path": "/Users/wxn/Desktop/NextAgentLite/services/configs/unla-configs/mcp-gateway.yaml"}
2025-10-20T14:47:21: 2025-10-20 06:47:21	info	mcp-gateway/main.go:159	Starting mcp-gateway	{"version": "v0.8.6"}
2025-10-20T14:47:21: 2025-10-20 06:47:21	info	storage/factory.go:13	Initializing storage	{"type": "db"}
2025-10-20T14:47:22: 2025-10-20 06:47:22	info	session/factory.go:23	Initializing session store	{"type": "memory"}
2025-10-20T14:47:22: 2025-10-20 06:47:22	info	storage/factory.go:13	Initializing auth storage	{"type": "memory"}
2025-10-20T14:47:22: [GIN-debug] [WARNING] Creating an Engine instance with the Logger and Recovery middleware already attached.
2025-10-20T14:47:22: 
2025-10-20T14:47:22: [GIN-debug] [WARNING] Running in "debug" mode. Switch to "release" mode in production.
2025-10-20T14:47:22:  - using env:	export GIN_MODE=release
2025-10-20T14:47:22:  - using code:	gin.SetMode(gin.ReleaseMode)
2025-10-20T14:47:22: 
2025-10-20T14:47:22: [GIN-debug] Loaded HTML Templates (2): 
2025-10-20T14:47:22: 	- 
2025-10-20T14:47:22: 	- authorize.html
2025-10-20T14:47:22: 
2025-10-20T14:47:22: [GIN-debug] GET    /static/*filepath         --> github.com/gin-gonic/gin.(*RouterGroup).createStaticHandler.func1 (3 handlers)
2025-10-20T14:47:22: [GIN-debug] HEAD   /static/*filepath         --> github.com/gin-gonic/gin.(*RouterGroup).createStaticHandler.func1 (3 handlers)
2025-10-20T14:47:22: [GIN-debug] GET    /health_check             --> github.com/amoylab/unla/internal/core.(*Server).RegisterRoutes.func1 (5 handlers)
2025-10-20T14:47:22: [GIN-debug] OPTIONS /*path                    --> github.com/amoylab/unla/internal/core.(*Server).RegisterRoutes.(*Server).corsMiddleware.func2 (5 handlers)
2025-10-20T14:47:22: [GIN-debug] GET    /.well-known/oauth-authorization-server --> github.com/amoylab/unla/internal/core.(*Server).handleOAuthServerMetadata-fm (6 handlers)
2025-10-20T14:47:22: [GIN-debug] GET    /authorize                --> github.com/amoylab/unla/internal/core.(*Server).handleOAuthAuthorize-fm (6 handlers)
2025-10-20T14:47:22: [GIN-debug] POST   /authorize                --> github.com/amoylab/unla/internal/core.(*Server).handleOAuthAuthorize-fm (6 handlers)
2025-10-20T14:47:22: [GIN-debug] POST   /token                    --> github.com/amoylab/unla/internal/core.(*Server).handleOAuthToken-fm (6 handlers)
2025-10-20T14:47:22: [GIN-debug] POST   /register                 --> github.com/amoylab/unla/internal/core.(*Server).handleOAuthRegister-fm (6 handlers)
2025-10-20T14:47:22: [GIN-debug] POST   /revoke                   --> github.com/amoylab/unla/internal/core.(*Server).handleOAuthRevoke-fm (6 handlers)
2025-10-20T14:47:22: 2025-10-20 06:47:22	info	core/server.go:319	Updating MCP configuration
2025-10-20T14:47:22: 2025-10-20 06:47:22	info	core/server.go:333	loading all MCP configurations	{"count": 3}
2025-10-20T14:47:22: 2025-10-20 06:47:22	info	core/server.go:371	initializing server state
2025-10-20T14:47:22: 2025-10-20 06:47:22	warn	state/state.go:144	failed to find prefix for mcp server	{"server": "playwright"}
2025-10-20T14:47:22: 2025-10-20 06:47:22	info	state/state.go:81	registered router	{"tenant": "default", "prefix": "/gateway/ntcx", "server": "server-test"}
2025-10-20T14:47:22: 2025-10-20 06:47:22	warn	state/state.go:144	failed to find prefix for mcp server	{"server": "vchart-mcp-server"}
2025-10-20T14:47:22: 2025-10-20 06:47:22	info	core/server.go:379	server configuration loaded	{"server_count": 1, "tool_count": 1, "router_count": 1}
2025-10-20T14:47:22: [GIN-debug] [WARNING] You trusted all proxies, this is NOT safe. We recommend you to set a value.
2025-10-20T14:47:22: Please check https://pkg.go.dev/github.com/gin-gonic/gin#readme-don-t-trust-all-proxies for details.
2025-10-20T14:47:22: [GIN-debug] Listening and serving HTTP on :5235
2025-10-20T14:57:22: 2025-10-20 06:57:22	info	mcp-gateway/main.go:243	Received ticker signal	{"reload_switch": true}
2025-10-20T14:57:22: 2025-10-20 06:57:22	info	core/server.go:389	Reloading MCP configuration
2025-10-20T14:57:22: 2025-10-20 06:57:22	info	core/server.go:319	Updating MCP configuration
2025-10-20T14:57:22: 2025-10-20 06:57:22	info	core/server.go:343	no updated MCP configurations found, skipping update
2025-10-20T14:57:22: 2025-10-20 06:57:22	info	core/server.go:405	Configuration reloaded successfully
2025-10-20T15:07:22: 2025-10-20 07:07:22	info	mcp-gateway/main.go:243	Received ticker signal	{"reload_switch": true}
2025-10-20T15:07:22: 2025-10-20 07:07:22	info	core/server.go:389	Reloading MCP configuration
2025-10-20T15:07:22: 2025-10-20 07:07:22	info	core/server.go:319	Updating MCP configuration
2025-10-20T15:07:22: 2025-10-20 07:07:22	info	core/server.go:343	no updated MCP configurations found, skipping update
2025-10-20T15:07:22: 2025-10-20 07:07:22	info	core/server.go:405	Configuration reloaded successfully
2025-10-20T15:17:22: 2025-10-20 07:17:22	info	mcp-gateway/main.go:243	Received ticker signal	{"reload_switch": true}
2025-10-20T15:17:22: 2025-10-20 07:17:22	info	core/server.go:389	Reloading MCP configuration
2025-10-20T15:17:22: 2025-10-20 07:17:22	info	core/server.go:319	Updating MCP configuration
2025-10-20T15:17:22: 2025-10-20 07:17:22	info	core/server.go:343	no updated MCP configurations found, skipping update
2025-10-20T15:17:22: 2025-10-20 07:17:22	info	core/server.go:405	Configuration reloaded successfully
2025-10-20T15:27:22: 2025-10-20 07:27:22	info	mcp-gateway/main.go:243	Received ticker signal	{"reload_switch": true}
2025-10-20T15:27:22: 2025-10-20 07:27:22	info	core/server.go:389	Reloading MCP configuration
2025-10-20T15:27:22: 2025-10-20 07:27:22	info	core/server.go:319	Updating MCP configuration
2025-10-20T15:27:22: 2025-10-20 07:27:22	info	core/server.go:343	no updated MCP configurations found, skipping update
2025-10-20T15:27:22: 2025-10-20 07:27:22	info	core/server.go:405	Configuration reloaded successfully
2025-10-20T15:37:22: 2025-10-20 07:37:22	info	mcp-gateway/main.go:243	Received ticker signal	{"reload_switch": true}
2025-10-20T15:37:22: 2025-10-20 07:37:22	info	core/server.go:389	Reloading MCP configuration
2025-10-20T15:37:22: 2025-10-20 07:37:22	info	core/server.go:319	Updating MCP configuration
2025-10-20T15:37:22: 2025-10-20 07:37:22	info	core/server.go:343	no updated MCP configurations found, skipping update
2025-10-20T15:37:22: 2025-10-20 07:37:22	info	core/server.go:405	Configuration reloaded successfully
2025-10-20T15:47:22: 2025-10-20 07:47:22	info	mcp-gateway/main.go:243	Received ticker signal	{"reload_switch": true}
2025-10-20T15:47:22: 2025-10-20 07:47:22	info	core/server.go:389	Reloading MCP configuration
2025-10-20T15:47:22: 2025-10-20 07:47:22	info	core/server.go:319	Updating MCP configuration
2025-10-20T15:47:22: 2025-10-20 07:47:22	info	core/server.go:343	no updated MCP configurations found, skipping update
2025-10-20T15:47:22: 2025-10-20 07:47:22	info	core/server.go:405	Configuration reloaded successfully
2025-10-20T15:57:22: 2025-10-20 07:57:22	info	mcp-gateway/main.go:243	Received ticker signal	{"reload_switch": true}
2025-10-20T15:57:22: 2025-10-20 07:57:22	info	core/server.go:389	Reloading MCP configuration
2025-10-20T15:57:22: 2025-10-20 07:57:22	info	core/server.go:319	Updating MCP configuration
2025-10-20T15:57:22: 2025-10-20 07:57:22	info	core/server.go:343	no updated MCP configurations found, skipping update
2025-10-20T15:57:22: 2025-10-20 07:57:22	info	core/server.go:405	Configuration reloaded successfully
2025-10-20T16:07:22: 2025-10-20 08:07:22	info	mcp-gateway/main.go:243	Received ticker signal	{"reload_switch": true}
2025-10-20T16:07:22: 2025-10-20 08:07:22	info	core/server.go:389	Reloading MCP configuration
2025-10-20T16:07:22: 2025-10-20 08:07:22	info	core/server.go:319	Updating MCP configuration
2025-10-20T16:07:22: 2025-10-20 08:07:22	info	core/server.go:343	no updated MCP configurations found, skipping update
2025-10-20T16:07:22: 2025-10-20 08:07:22	info	core/server.go:405	Configuration reloaded successfully
2025-10-20T16:17:22: 2025-10-20 08:17:22	info	mcp-gateway/main.go:243	Received ticker signal	{"reload_switch": true}
2025-10-20T16:17:22: 2025-10-20 08:17:22	info	core/server.go:389	Reloading MCP configuration
2025-10-20T16:17:22: 2025-10-20 08:17:22	info	core/server.go:319	Updating MCP configuration
2025-10-20T16:17:22: 2025-10-20 08:17:22	info	core/server.go:343	no updated MCP configurations found, skipping update
2025-10-20T16:17:22: 2025-10-20 08:17:22	info	core/server.go:405	Configuration reloaded successfully
2025-10-20T16:27:22: 2025-10-20 08:27:22	info	mcp-gateway/main.go:243	Received ticker signal	{"reload_switch": true}
2025-10-20T16:27:22: 2025-10-20 08:27:22	info	core/server.go:389	Reloading MCP configuration
2025-10-20T16:27:22: 2025-10-20 08:27:22	info	core/server.go:319	Updating MCP configuration
2025-10-20T16:27:22: 2025-10-20 08:27:22	info	core/server.go:343	no updated MCP configurations found, skipping update
2025-10-20T16:27:22: 2025-10-20 08:27:22	info	core/server.go:405	Configuration reloaded successfully
2025-10-20T16:27:35: 2025-10-20 08:27:35	info	mcp-gateway/main.go:218	Received shutdown signal, starting graceful shutdown
2025-10-20T16:27:35: 2025-10-20 08:27:35	info	core/server.go:290	shutting down server
2025-10-20T16:27:35: 2025-10-20 08:27:35	info	mcp-gateway/main.go:229	MCP server shutdown completed successfully
2025-10-20T16:27:35: 2025-10-20 08:27:35	info	notifier.signal	notifier/signal.go:61	Signal handler stopped
2025-10-20T16:27:36: 2025-10-20 08:27:35	info	mcp-gateway/main.go:143	Loaded configuration	{"path": "/Users/wxn/Desktop/NextAgentLite/services/configs/unla-configs/mcp-gateway.yaml"}
2025-10-20T16:27:36: 2025-10-20 08:27:36	info	mcp-gateway/main.go:159	Starting mcp-gateway	{"version": "v0.8.6"}
2025-10-20T16:27:36: 2025-10-20 08:27:36	info	storage/factory.go:13	Initializing storage	{"type": "db"}
2025-10-20T16:27:36: 2025-10-20 08:27:36	info	session/factory.go:23	Initializing session store	{"type": "memory"}
2025-10-20T16:27:36: 2025-10-20 08:27:36	info	storage/factory.go:13	Initializing auth storage	{"type": "memory"}
2025-10-20T16:27:36: [GIN-debug] [WARNING] Creating an Engine instance with the Logger and Recovery middleware already attached.
2025-10-20T16:27:36: 
2025-10-20T16:27:36: [GIN-debug] [WARNING] Running in "debug" mode. Switch to "release" mode in production.
2025-10-20T16:27:36:  - using env:	export GIN_MODE=release
2025-10-20T16:27:36:  - using code:	gin.SetMode(gin.ReleaseMode)
2025-10-20T16:27:36: 
2025-10-20T16:27:36: [GIN-debug] Loaded HTML Templates (2): 
2025-10-20T16:27:36: 	- 
2025-10-20T16:27:36: 	- authorize.html
2025-10-20T16:27:36: 
2025-10-20T16:27:36: [GIN-debug] GET    /static/*filepath         --> github.com/gin-gonic/gin.(*RouterGroup).createStaticHandler.func1 (3 handlers)
2025-10-20T16:27:36: [GIN-debug] HEAD   /static/*filepath         --> github.com/gin-gonic/gin.(*RouterGroup).createStaticHandler.func1 (3 handlers)
2025-10-20T16:27:36: [GIN-debug] GET    /health_check             --> github.com/amoylab/unla/internal/core.(*Server).RegisterRoutes.func1 (5 handlers)
2025-10-20T16:27:36: [GIN-debug] OPTIONS /*path                    --> github.com/amoylab/unla/internal/core.(*Server).RegisterRoutes.(*Server).corsMiddleware.func2 (5 handlers)
2025-10-20T16:27:36: [GIN-debug] GET    /.well-known/oauth-authorization-server --> github.com/amoylab/unla/internal/core.(*Server).handleOAuthServerMetadata-fm (6 handlers)
2025-10-20T16:27:36: [GIN-debug] GET    /authorize                --> github.com/amoylab/unla/internal/core.(*Server).handleOAuthAuthorize-fm (6 handlers)
2025-10-20T16:27:36: [GIN-debug] POST   /authorize                --> github.com/amoylab/unla/internal/core.(*Server).handleOAuthAuthorize-fm (6 handlers)
2025-10-20T16:27:36: [GIN-debug] POST   /token                    --> github.com/amoylab/unla/internal/core.(*Server).handleOAuthToken-fm (6 handlers)
2025-10-20T16:27:36: [GIN-debug] POST   /register                 --> github.com/amoylab/unla/internal/core.(*Server).handleOAuthRegister-fm (6 handlers)
2025-10-20T16:27:36: [GIN-debug] POST   /revoke                   --> github.com/amoylab/unla/internal/core.(*Server).handleOAuthRevoke-fm (6 handlers)
2025-10-20T16:27:36: 2025-10-20 08:27:36	info	core/server.go:319	Updating MCP configuration
2025-10-20T16:27:36: 2025-10-20 08:27:36	info	core/server.go:333	loading all MCP configurations	{"count": 3}
2025-10-20T16:27:36: 2025-10-20 08:27:36	info	core/server.go:371	initializing server state
2025-10-20T16:27:36: 2025-10-20 08:27:36	warn	state/state.go:144	failed to find prefix for mcp server	{"server": "playwright"}
2025-10-20T16:27:36: 2025-10-20 08:27:36	info	state/state.go:81	registered router	{"tenant": "default", "prefix": "/gateway/ntcx", "server": "server-test"}
2025-10-20T16:27:36: 2025-10-20 08:27:36	warn	state/state.go:144	failed to find prefix for mcp server	{"server": "vchart-mcp-server"}
2025-10-20T16:27:36: 2025-10-20 08:27:36	info	core/server.go:379	server configuration loaded	{"server_count": 1, "tool_count": 1, "router_count": 1}
2025-10-20T16:27:36: [GIN-debug] [WARNING] You trusted all proxies, this is NOT safe. We recommend you to set a value.
2025-10-20T16:27:36: Please check https://pkg.go.dev/github.com/gin-gonic/gin#readme-don-t-trust-all-proxies for details.
2025-10-20T16:27:36: [GIN-debug] Listening and serving HTTP on :5235
2025-10-20T16:32:15: 2025-10-20 08:32:15	info	mcp-gateway/main.go:218	Received shutdown signal, starting graceful shutdown
2025-10-20T16:32:15: 2025-10-20 08:32:15	info	core/server.go:290	shutting down server
2025-10-20T16:32:15: 2025-10-20 08:32:15	info	mcp-gateway/main.go:229	MCP server shutdown completed successfully
2025-10-20T16:32:15: 2025-10-20 08:32:15	info	notifier.signal	notifier/signal.go:61	Signal handler stopped
2025-10-20T16:32:15: 2025-10-20 08:32:15	info	mcp-gateway/main.go:143	Loaded configuration	{"path": "/Users/wxn/Desktop/NextAgentLite/services/configs/unla-configs/mcp-gateway.yaml"}
2025-10-20T16:32:15: 2025-10-20 08:32:15	info	mcp-gateway/main.go:159	Starting mcp-gateway	{"version": "v0.8.6"}
2025-10-20T16:32:15: 2025-10-20 08:32:15	info	storage/factory.go:13	Initializing storage	{"type": "db"}
2025-10-20T16:32:15: 2025-10-20 08:32:15	info	session/factory.go:23	Initializing session store	{"type": "memory"}
2025-10-20T16:32:15: 2025-10-20 08:32:15	info	storage/factory.go:13	Initializing auth storage	{"type": "memory"}
2025-10-20T16:32:15: [GIN-debug] [WARNING] Creating an Engine instance with the Logger and Recovery middleware already attached.
2025-10-20T16:32:15: 
2025-10-20T16:32:15: [GIN-debug] [WARNING] Running in "debug" mode. Switch to "release" mode in production.
2025-10-20T16:32:15:  - using env:	export GIN_MODE=release
2025-10-20T16:32:15:  - using code:	gin.SetMode(gin.ReleaseMode)
2025-10-20T16:32:15: 
2025-10-20T16:32:15: [GIN-debug] Loaded HTML Templates (2): 
2025-10-20T16:32:15: 	- 
2025-10-20T16:32:15: 	- authorize.html
2025-10-20T16:32:15: 
2025-10-20T16:32:15: [GIN-debug] GET    /static/*filepath         --> github.com/gin-gonic/gin.(*RouterGroup).createStaticHandler.func1 (3 handlers)
2025-10-20T16:32:15: [GIN-debug] HEAD   /static/*filepath         --> github.com/gin-gonic/gin.(*RouterGroup).createStaticHandler.func1 (3 handlers)
2025-10-20T16:32:15: [GIN-debug] GET    /health_check             --> github.com/amoylab/unla/internal/core.(*Server).RegisterRoutes.func1 (5 handlers)
2025-10-20T16:32:15: [GIN-debug] OPTIONS /*path                    --> github.com/amoylab/unla/internal/core.(*Server).RegisterRoutes.(*Server).corsMiddleware.func2 (5 handlers)
2025-10-20T16:32:15: [GIN-debug] GET    /.well-known/oauth-authorization-server --> github.com/amoylab/unla/internal/core.(*Server).handleOAuthServerMetadata-fm (6 handlers)
2025-10-20T16:32:15: [GIN-debug] GET    /authorize                --> github.com/amoylab/unla/internal/core.(*Server).handleOAuthAuthorize-fm (6 handlers)
2025-10-20T16:32:15: [GIN-debug] POST   /authorize                --> github.com/amoylab/unla/internal/core.(*Server).handleOAuthAuthorize-fm (6 handlers)
2025-10-20T16:32:15: [GIN-debug] POST   /token                    --> github.com/amoylab/unla/internal/core.(*Server).handleOAuthToken-fm (6 handlers)
2025-10-20T16:32:15: [GIN-debug] POST   /register                 --> github.com/amoylab/unla/internal/core.(*Server).handleOAuthRegister-fm (6 handlers)
2025-10-20T16:32:15: [GIN-debug] POST   /revoke                   --> github.com/amoylab/unla/internal/core.(*Server).handleOAuthRevoke-fm (6 handlers)
2025-10-20T16:32:15: 2025-10-20 08:32:15	info	core/server.go:319	Updating MCP configuration
2025-10-20T16:32:15: 2025-10-20 08:32:15	info	core/server.go:333	loading all MCP configurations	{"count": 3}
2025-10-20T16:32:15: 2025-10-20 08:32:15	info	core/server.go:371	initializing server state
2025-10-20T16:32:15: 2025-10-20 08:32:15	warn	state/state.go:144	failed to find prefix for mcp server	{"server": "playwright"}
2025-10-20T16:32:15: 2025-10-20 08:32:15	info	state/state.go:81	registered router	{"tenant": "default", "prefix": "/gateway/ntcx", "server": "server-test"}
2025-10-20T16:32:15: 2025-10-20 08:32:15	warn	state/state.go:144	failed to find prefix for mcp server	{"server": "vchart-mcp-server"}
2025-10-20T16:32:15: 2025-10-20 08:32:15	info	core/server.go:379	server configuration loaded	{"server_count": 1, "tool_count": 1, "router_count": 1}
2025-10-20T16:32:15: [GIN-debug] [WARNING] You trusted all proxies, this is NOT safe. We recommend you to set a value.
2025-10-20T16:32:15: Please check https://pkg.go.dev/github.com/gin-gonic/gin#readme-don-t-trust-all-proxies for details.
2025-10-20T16:32:15: [GIN-debug] Listening and serving HTTP on :5235
2025-10-20T16:42:15: 2025-10-20 08:42:15	info	mcp-gateway/main.go:243	Received ticker signal	{"reload_switch": true}
2025-10-20T16:42:15: 2025-10-20 08:42:15	info	core/server.go:389	Reloading MCP configuration
2025-10-20T16:42:15: 2025-10-20 08:42:15	info	core/server.go:319	Updating MCP configuration
2025-10-20T16:42:15: 2025-10-20 08:42:15	info	core/server.go:343	no updated MCP configurations found, skipping update
2025-10-20T16:42:15: 2025-10-20 08:42:15	info	core/server.go:405	Configuration reloaded successfully
2025-10-20T16:48:42: 2025-10-20 08:48:42	info	mcp-gateway/main.go:218	Received shutdown signal, starting graceful shutdown
2025-10-20T16:48:42: 2025-10-20 08:48:42	info	core/server.go:290	shutting down server
2025-10-20T16:48:42: 2025-10-20 08:48:42	info	mcp-gateway/main.go:229	MCP server shutdown completed successfully
2025-10-20T16:48:42: 2025-10-20 08:48:42	info	notifier.signal	notifier/signal.go:61	Signal handler stopped
2025-10-20T16:48:42: 2025-10-20 08:48:42	info	mcp-gateway/main.go:143	Loaded configuration	{"path": "/Users/wxn/Desktop/NextAgentLite/services/configs/unla-configs/mcp-gateway.yaml"}
2025-10-20T16:48:42: 2025-10-20 08:48:42	info	mcp-gateway/main.go:159	Starting mcp-gateway	{"version": "v0.8.6"}
2025-10-20T16:48:42: 2025-10-20 08:48:42	info	storage/factory.go:13	Initializing storage	{"type": "db"}
2025-10-20T16:48:42: 2025-10-20 08:48:42	info	session/factory.go:23	Initializing session store	{"type": "memory"}
2025-10-20T16:48:42: 2025-10-20 08:48:42	info	storage/factory.go:13	Initializing auth storage	{"type": "memory"}
2025-10-20T16:48:42: [GIN-debug] [WARNING] Creating an Engine instance with the Logger and Recovery middleware already attached.
2025-10-20T16:48:42: 
2025-10-20T16:48:42: [GIN-debug] [WARNING] Running in "debug" mode. Switch to "release" mode in production.
2025-10-20T16:48:42:  - using env:	export GIN_MODE=release
2025-10-20T16:48:42:  - using code:	gin.SetMode(gin.ReleaseMode)
2025-10-20T16:48:42: 
2025-10-20T16:48:42: [GIN-debug] Loaded HTML Templates (2): 
2025-10-20T16:48:42: 	- 
2025-10-20T16:48:42: 	- authorize.html
2025-10-20T16:48:42: 
2025-10-20T16:48:42: [GIN-debug] GET    /static/*filepath         --> github.com/gin-gonic/gin.(*RouterGroup).createStaticHandler.func1 (3 handlers)
2025-10-20T16:48:42: [GIN-debug] HEAD   /static/*filepath         --> github.com/gin-gonic/gin.(*RouterGroup).createStaticHandler.func1 (3 handlers)
2025-10-20T16:48:42: [GIN-debug] GET    /health_check             --> github.com/amoylab/unla/internal/core.(*Server).RegisterRoutes.func1 (5 handlers)
2025-10-20T16:48:42: [GIN-debug] OPTIONS /*path                    --> github.com/amoylab/unla/internal/core.(*Server).RegisterRoutes.(*Server).corsMiddleware.func2 (5 handlers)
2025-10-20T16:48:42: [GIN-debug] GET    /.well-known/oauth-authorization-server --> github.com/amoylab/unla/internal/core.(*Server).handleOAuthServerMetadata-fm (6 handlers)
2025-10-20T16:48:42: [GIN-debug] GET    /authorize                --> github.com/amoylab/unla/internal/core.(*Server).handleOAuthAuthorize-fm (6 handlers)
2025-10-20T16:48:42: [GIN-debug] POST   /authorize                --> github.com/amoylab/unla/internal/core.(*Server).handleOAuthAuthorize-fm (6 handlers)
2025-10-20T16:48:42: [GIN-debug] POST   /token                    --> github.com/amoylab/unla/internal/core.(*Server).handleOAuthToken-fm (6 handlers)
2025-10-20T16:48:42: [GIN-debug] POST   /register                 --> github.com/amoylab/unla/internal/core.(*Server).handleOAuthRegister-fm (6 handlers)
2025-10-20T16:48:42: [GIN-debug] POST   /revoke                   --> github.com/amoylab/unla/internal/core.(*Server).handleOAuthRevoke-fm (6 handlers)
2025-10-20T16:48:42: 2025-10-20 08:48:42	info	core/server.go:319	Updating MCP configuration
2025-10-20T16:48:42: 2025-10-20 08:48:42	info	core/server.go:333	loading all MCP configurations	{"count": 3}
2025-10-20T16:48:42: 2025-10-20 08:48:42	info	core/server.go:371	initializing server state
2025-10-20T16:48:42: 2025-10-20 08:48:42	warn	state/state.go:144	failed to find prefix for mcp server	{"server": "playwright"}
2025-10-20T16:48:42: 2025-10-20 08:48:42	info	state/state.go:81	registered router	{"tenant": "default", "prefix": "/gateway/ntcx", "server": "server-test"}
2025-10-20T16:48:42: 2025-10-20 08:48:42	warn	state/state.go:144	failed to find prefix for mcp server	{"server": "vchart-mcp-server"}
2025-10-20T16:48:42: 2025-10-20 08:48:42	info	core/server.go:379	server configuration loaded	{"server_count": 1, "tool_count": 1, "router_count": 1}
2025-10-20T16:48:42: [GIN-debug] [WARNING] You trusted all proxies, this is NOT safe. We recommend you to set a value.
2025-10-20T16:48:42: Please check https://pkg.go.dev/github.com/gin-gonic/gin#readme-don-t-trust-all-proxies for details.
2025-10-20T16:48:42: [GIN-debug] Listening and serving HTTP on :5235
2025-10-20T16:57:30: 2025-10-20 08:57:30	info	mcp-gateway/main.go:218	Received shutdown signal, starting graceful shutdown
2025-10-20T16:57:30: 2025-10-20 08:57:30	info	core/server.go:290	shutting down server
2025-10-20T16:57:30: 2025-10-20 08:57:30	info	mcp-gateway/main.go:229	MCP server shutdown completed successfully
2025-10-20T16:57:30: 2025-10-20 08:57:30	info	notifier.signal	notifier/signal.go:61	Signal handler stopped
2025-10-20T16:57:30: 2025-10-20 08:57:30	info	mcp-gateway/main.go:143	Loaded configuration	{"path": "/Users/wxn/Desktop/NextAgentLite/services/configs/unla-configs/mcp-gateway.yaml"}
2025-10-20T16:57:30: 2025-10-20 08:57:30	info	mcp-gateway/main.go:159	Starting mcp-gateway	{"version": "v0.8.6"}
2025-10-20T16:57:30: 2025-10-20 08:57:30	info	storage/factory.go:13	Initializing storage	{"type": "db"}
2025-10-20T16:57:31: 2025-10-20 08:57:31	info	session/factory.go:23	Initializing session store	{"type": "memory"}
2025-10-20T16:57:31: 2025-10-20 08:57:31	info	storage/factory.go:13	Initializing auth storage	{"type": "memory"}
2025-10-20T16:57:31: [GIN-debug] [WARNING] Creating an Engine instance with the Logger and Recovery middleware already attached.
2025-10-20T16:57:31: 
2025-10-20T16:57:31: [GIN-debug] [WARNING] Running in "debug" mode. Switch to "release" mode in production.
2025-10-20T16:57:31:  - using env:	export GIN_MODE=release
2025-10-20T16:57:31:  - using code:	gin.SetMode(gin.ReleaseMode)
2025-10-20T16:57:31: 
2025-10-20T16:57:31: [GIN-debug] Loaded HTML Templates (2): 
2025-10-20T16:57:31: 	- 
2025-10-20T16:57:31: 	- authorize.html
2025-10-20T16:57:31: 
2025-10-20T16:57:31: [GIN-debug] GET    /static/*filepath         --> github.com/gin-gonic/gin.(*RouterGroup).createStaticHandler.func1 (3 handlers)
2025-10-20T16:57:31: [GIN-debug] HEAD   /static/*filepath         --> github.com/gin-gonic/gin.(*RouterGroup).createStaticHandler.func1 (3 handlers)
2025-10-20T16:57:31: [GIN-debug] GET    /health_check             --> github.com/amoylab/unla/internal/core.(*Server).RegisterRoutes.func1 (5 handlers)
2025-10-20T16:57:31: [GIN-debug] OPTIONS /*path                    --> github.com/amoylab/unla/internal/core.(*Server).RegisterRoutes.(*Server).corsMiddleware.func2 (5 handlers)
2025-10-20T16:57:31: [GIN-debug] GET    /.well-known/oauth-authorization-server --> github.com/amoylab/unla/internal/core.(*Server).handleOAuthServerMetadata-fm (6 handlers)
2025-10-20T16:57:31: [GIN-debug] GET    /authorize                --> github.com/amoylab/unla/internal/core.(*Server).handleOAuthAuthorize-fm (6 handlers)
2025-10-20T16:57:31: [GIN-debug] POST   /authorize                --> github.com/amoylab/unla/internal/core.(*Server).handleOAuthAuthorize-fm (6 handlers)
2025-10-20T16:57:31: [GIN-debug] POST   /token                    --> github.com/amoylab/unla/internal/core.(*Server).handleOAuthToken-fm (6 handlers)
2025-10-20T16:57:31: [GIN-debug] POST   /register                 --> github.com/amoylab/unla/internal/core.(*Server).handleOAuthRegister-fm (6 handlers)
2025-10-20T16:57:31: [GIN-debug] POST   /revoke                   --> github.com/amoylab/unla/internal/core.(*Server).handleOAuthRevoke-fm (6 handlers)
2025-10-20T16:57:31: 2025-10-20 08:57:31	info	core/server.go:319	Updating MCP configuration
2025-10-20T16:57:31: 2025-10-20 08:57:31	info	core/server.go:333	loading all MCP configurations	{"count": 3}
2025-10-20T16:57:31: 2025-10-20 08:57:31	info	core/server.go:371	initializing server state
2025-10-20T16:57:31: 2025-10-20 08:57:31	warn	state/state.go:144	failed to find prefix for mcp server	{"server": "playwright"}
2025-10-20T16:57:31: 2025-10-20 08:57:31	info	state/state.go:81	registered router	{"tenant": "default", "prefix": "/gateway/ntcx", "server": "server-test"}
2025-10-20T16:57:31: 2025-10-20 08:57:31	warn	state/state.go:144	failed to find prefix for mcp server	{"server": "vchart-mcp-server"}
2025-10-20T16:57:31: 2025-10-20 08:57:31	info	core/server.go:379	server configuration loaded	{"server_count": 1, "tool_count": 1, "router_count": 1}
2025-10-20T16:57:31: [GIN-debug] [WARNING] You trusted all proxies, this is NOT safe. We recommend you to set a value.
2025-10-20T16:57:31: Please check https://pkg.go.dev/github.com/gin-gonic/gin#readme-don-t-trust-all-proxies for details.
2025-10-20T16:57:31: [GIN-debug] Listening and serving HTTP on :5235
2025-10-20T17:07:31: 2025-10-20 09:07:31	info	mcp-gateway/main.go:243	Received ticker signal	{"reload_switch": true}
2025-10-20T17:07:31: 2025-10-20 09:07:31	info	core/server.go:389	Reloading MCP configuration
2025-10-20T17:07:31: 2025-10-20 09:07:31	info	core/server.go:319	Updating MCP configuration
2025-10-20T17:07:31: 2025-10-20 09:07:31	info	core/server.go:343	no updated MCP configurations found, skipping update
2025-10-20T17:07:31: 2025-10-20 09:07:31	info	core/server.go:405	Configuration reloaded successfully
2025-10-20T17:17:31: 2025-10-20 09:17:31	info	mcp-gateway/main.go:243	Received ticker signal	{"reload_switch": true}
2025-10-20T17:17:31: 2025-10-20 09:17:31	info	core/server.go:389	Reloading MCP configuration
2025-10-20T17:17:31: 2025-10-20 09:17:31	info	core/server.go:319	Updating MCP configuration
2025-10-20T17:17:31: 2025-10-20 09:17:31	info	core/server.go:343	no updated MCP configurations found, skipping update
2025-10-20T17:17:31: 2025-10-20 09:17:31	info	core/server.go:405	Configuration reloaded successfully
2025-10-20T17:27:31: 2025-10-20 09:27:31	info	mcp-gateway/main.go:243	Received ticker signal	{"reload_switch": true}
2025-10-20T17:27:31: 2025-10-20 09:27:31	info	core/server.go:389	Reloading MCP configuration
2025-10-20T17:27:31: 2025-10-20 09:27:31	info	core/server.go:319	Updating MCP configuration
2025-10-20T17:27:31: 2025-10-20 09:27:31	info	core/server.go:343	no updated MCP configurations found, skipping update
2025-10-20T17:27:31: 2025-10-20 09:27:31	info	core/server.go:405	Configuration reloaded successfully
2025-10-20T17:37:31: 2025-10-20 09:37:31	info	mcp-gateway/main.go:243	Received ticker signal	{"reload_switch": true}
2025-10-20T17:37:31: 2025-10-20 09:37:31	info	core/server.go:389	Reloading MCP configuration
2025-10-20T17:37:31: 2025-10-20 09:37:31	info	core/server.go:319	Updating MCP configuration
2025-10-20T17:37:31: 2025-10-20 09:37:31	info	core/server.go:343	no updated MCP configurations found, skipping update
2025-10-20T17:37:31: 2025-10-20 09:37:31	info	core/server.go:405	Configuration reloaded successfully
2025-10-20T22:23:33: 2025-10-20 14:23:33	info	mcp-gateway/main.go:243	Received ticker signal	{"reload_switch": true}
2025-10-20T22:23:33: 2025-10-20 14:23:33	info	core/server.go:389	Reloading MCP configuration
2025-10-20T22:23:33: 2025-10-20 14:23:33	info	core/server.go:319	Updating MCP configuration
2025-10-20T22:23:33: 2025-10-20 14:23:33	info	core/server.go:343	no updated MCP configurations found, skipping update
2025-10-20T22:23:33: 2025-10-20 14:23:33	info	core/server.go:405	Configuration reloaded successfully
2025-10-20T22:33:33: 2025-10-20 14:33:33	info	mcp-gateway/main.go:243	Received ticker signal	{"reload_switch": true}
2025-10-20T22:33:33: 2025-10-20 14:33:33	info	core/server.go:389	Reloading MCP configuration
2025-10-20T22:33:33: 2025-10-20 14:33:33	info	core/server.go:319	Updating MCP configuration
2025-10-20T22:33:33: 2025-10-20 14:33:33	info	core/server.go:343	no updated MCP configurations found, skipping update
2025-10-20T22:33:33: 2025-10-20 14:33:33	info	core/server.go:405	Configuration reloaded successfully
2025-10-20T22:43:33: 2025-10-20 14:43:33	info	mcp-gateway/main.go:243	Received ticker signal	{"reload_switch": true}
2025-10-20T22:43:33: 2025-10-20 14:43:33	info	core/server.go:389	Reloading MCP configuration
2025-10-20T22:43:33: 2025-10-20 14:43:33	info	core/server.go:319	Updating MCP configuration
2025-10-20T22:43:33: 2025-10-20 14:43:33	info	core/server.go:343	no updated MCP configurations found, skipping update
2025-10-20T22:43:33: 2025-10-20 14:43:33	info	core/server.go:405	Configuration reloaded successfully
2025-10-20T22:53:33: 2025-10-20 14:53:33	info	mcp-gateway/main.go:243	Received ticker signal	{"reload_switch": true}
2025-10-20T22:53:33: 2025-10-20 14:53:33	info	core/server.go:389	Reloading MCP configuration
2025-10-20T22:53:33: 2025-10-20 14:53:33	info	core/server.go:319	Updating MCP configuration
2025-10-20T22:53:33: 2025-10-20 14:53:33	info	core/server.go:343	no updated MCP configurations found, skipping update
2025-10-20T22:53:33: 2025-10-20 14:53:33	info	core/server.go:405	Configuration reloaded successfully
2025-10-20T23:03:33: 2025-10-20 15:03:33	info	mcp-gateway/main.go:243	Received ticker signal	{"reload_switch": true}
2025-10-20T23:03:33: 2025-10-20 15:03:33	info	core/server.go:389	Reloading MCP configuration
2025-10-20T23:03:33: 2025-10-20 15:03:33	info	core/server.go:319	Updating MCP configuration
2025-10-20T23:03:33: 2025-10-20 15:03:33	info	core/server.go:343	no updated MCP configurations found, skipping update
2025-10-20T23:03:33: 2025-10-20 15:03:33	info	core/server.go:405	Configuration reloaded successfully
2025-10-20T23:13:33: 2025-10-20 15:13:33	info	mcp-gateway/main.go:243	Received ticker signal	{"reload_switch": true}
2025-10-20T23:13:33: 2025-10-20 15:13:33	info	core/server.go:389	Reloading MCP configuration
2025-10-20T23:13:33: 2025-10-20 15:13:33	info	core/server.go:319	Updating MCP configuration
2025-10-20T23:13:33: 2025-10-20 15:13:33	info	core/server.go:343	no updated MCP configurations found, skipping update
2025-10-20T23:13:33: 2025-10-20 15:13:33	info	core/server.go:405	Configuration reloaded successfully
2025-10-20T23:23:33: 2025-10-20 15:23:33	info	mcp-gateway/main.go:243	Received ticker signal	{"reload_switch": true}
2025-10-20T23:23:33: 2025-10-20 15:23:33	info	core/server.go:389	Reloading MCP configuration
2025-10-20T23:23:33: 2025-10-20 15:23:33	info	core/server.go:319	Updating MCP configuration
2025-10-20T23:23:33: 2025-10-20 15:23:33	info	core/server.go:343	no updated MCP configurations found, skipping update
2025-10-20T23:23:33: 2025-10-20 15:23:33	info	core/server.go:405	Configuration reloaded successfully
2025-10-20T23:33:33: 2025-10-20 15:33:33	info	mcp-gateway/main.go:243	Received ticker signal	{"reload_switch": true}
2025-10-20T23:33:33: 2025-10-20 15:33:33	info	core/server.go:389	Reloading MCP configuration
2025-10-20T23:33:33: 2025-10-20 15:33:33	info	core/server.go:319	Updating MCP configuration
2025-10-20T23:33:33: 2025-10-20 15:33:33	info	core/server.go:343	no updated MCP configurations found, skipping update
2025-10-20T23:33:33: 2025-10-20 15:33:33	info	core/server.go:405	Configuration reloaded successfully
2025-10-20T23:43:33: 2025-10-20 15:43:33	info	mcp-gateway/main.go:243	Received ticker signal	{"reload_switch": true}
2025-10-20T23:43:33: 2025-10-20 15:43:33	info	core/server.go:389	Reloading MCP configuration
2025-10-20T23:43:33: 2025-10-20 15:43:33	info	core/server.go:319	Updating MCP configuration
2025-10-20T23:43:33: 2025-10-20 15:43:33	info	core/server.go:343	no updated MCP configurations found, skipping update
2025-10-20T23:43:33: 2025-10-20 15:43:33	info	core/server.go:405	Configuration reloaded successfully
2025-10-20T23:53:33: 2025-10-20 15:53:33	info	mcp-gateway/main.go:243	Received ticker signal	{"reload_switch": true}
2025-10-20T23:53:33: 2025-10-20 15:53:33	info	core/server.go:389	Reloading MCP configuration
2025-10-20T23:53:33: 2025-10-20 15:53:33	info	core/server.go:319	Updating MCP configuration
2025-10-20T23:53:33: 2025-10-20 15:53:33	info	core/server.go:343	no updated MCP configurations found, skipping update
2025-10-20T23:53:33: 2025-10-20 15:53:33	info	core/server.go:405	Configuration reloaded successfully
2025-10-21T00:03:33: 2025-10-20 16:03:33	info	mcp-gateway/main.go:243	Received ticker signal	{"reload_switch": true}
2025-10-21T00:03:33: 2025-10-20 16:03:33	info	core/server.go:389	Reloading MCP configuration
2025-10-21T00:03:33: 2025-10-20 16:03:33	info	core/server.go:319	Updating MCP configuration
2025-10-21T00:03:33: 2025-10-20 16:03:33	info	core/server.go:343	no updated MCP configurations found, skipping update
2025-10-21T00:03:33: 2025-10-20 16:03:33	info	core/server.go:405	Configuration reloaded successfully
2025-10-21T00:13:33: 2025-10-20 16:13:33	info	mcp-gateway/main.go:243	Received ticker signal	{"reload_switch": true}
2025-10-21T00:13:33: 2025-10-20 16:13:33	info	core/server.go:389	Reloading MCP configuration
2025-10-21T00:13:33: 2025-10-20 16:13:33	info	core/server.go:319	Updating MCP configuration
2025-10-21T00:13:33: 2025-10-20 16:13:33	info	core/server.go:343	no updated MCP configurations found, skipping update
2025-10-21T00:13:33: 2025-10-20 16:13:33	info	core/server.go:405	Configuration reloaded successfully
2025-10-21T00:23:33: 2025-10-20 16:23:33	info	mcp-gateway/main.go:243	Received ticker signal	{"reload_switch": true}
2025-10-21T00:23:33: 2025-10-20 16:23:33	info	core/server.go:389	Reloading MCP configuration
2025-10-21T00:23:33: 2025-10-20 16:23:33	info	core/server.go:319	Updating MCP configuration
2025-10-21T00:23:33: 2025-10-20 16:23:33	info	core/server.go:343	no updated MCP configurations found, skipping update
2025-10-21T00:23:33: 2025-10-20 16:23:33	info	core/server.go:405	Configuration reloaded successfully
2025-10-21T00:33:33: 2025-10-20 16:33:33	info	mcp-gateway/main.go:243	Received ticker signal	{"reload_switch": true}
2025-10-21T00:33:33: 2025-10-20 16:33:33	info	core/server.go:389	Reloading MCP configuration
2025-10-21T00:33:33: 2025-10-20 16:33:33	info	core/server.go:319	Updating MCP configuration
2025-10-21T00:33:33: 2025-10-20 16:33:33	info	core/server.go:343	no updated MCP configurations found, skipping update
2025-10-21T00:33:33: 2025-10-20 16:33:33	info	core/server.go:405	Configuration reloaded successfully
2025-10-21T00:43:33: 2025-10-20 16:43:33	info	mcp-gateway/main.go:243	Received ticker signal	{"reload_switch": true}
2025-10-21T00:43:33: 2025-10-20 16:43:33	info	core/server.go:389	Reloading MCP configuration
2025-10-21T00:43:33: 2025-10-20 16:43:33	info	core/server.go:319	Updating MCP configuration
2025-10-21T00:43:33: 2025-10-20 16:43:33	info	core/server.go:343	no updated MCP configurations found, skipping update
2025-10-21T00:43:33: 2025-10-20 16:43:33	info	core/server.go:405	Configuration reloaded successfully
2025-10-21T00:53:33: 2025-10-20 16:53:33	info	mcp-gateway/main.go:243	Received ticker signal	{"reload_switch": true}
2025-10-21T00:53:33: 2025-10-20 16:53:33	info	core/server.go:389	Reloading MCP configuration
2025-10-21T00:53:33: 2025-10-20 16:53:33	info	core/server.go:319	Updating MCP configuration
2025-10-21T00:53:33: 2025-10-20 16:53:33	info	core/server.go:343	no updated MCP configurations found, skipping update
2025-10-21T00:53:33: 2025-10-20 16:53:33	info	core/server.go:405	Configuration reloaded successfully
2025-10-21T01:03:33: 2025-10-20 17:03:33	info	mcp-gateway/main.go:243	Received ticker signal	{"reload_switch": true}
2025-10-21T01:03:33: 2025-10-20 17:03:33	info	core/server.go:389	Reloading MCP configuration
2025-10-21T01:03:33: 2025-10-20 17:03:33	info	core/server.go:319	Updating MCP configuration
2025-10-21T01:03:33: 2025-10-20 17:03:33	info	core/server.go:343	no updated MCP configurations found, skipping update
2025-10-21T01:03:33: 2025-10-20 17:03:33	info	core/server.go:405	Configuration reloaded successfully
2025-10-21T01:13:33: 2025-10-20 17:13:33	info	mcp-gateway/main.go:243	Received ticker signal	{"reload_switch": true}
2025-10-21T01:13:33: 2025-10-20 17:13:33	info	core/server.go:389	Reloading MCP configuration
2025-10-21T01:13:33: 2025-10-20 17:13:33	info	core/server.go:319	Updating MCP configuration
2025-10-21T01:13:33: 2025-10-20 17:13:33	info	core/server.go:343	no updated MCP configurations found, skipping update
2025-10-21T01:13:33: 2025-10-20 17:13:33	info	core/server.go:405	Configuration reloaded successfully
2025-10-21T01:23:33: 2025-10-20 17:23:33	info	mcp-gateway/main.go:243	Received ticker signal	{"reload_switch": true}
2025-10-21T01:23:33: 2025-10-20 17:23:33	info	core/server.go:389	Reloading MCP configuration
2025-10-21T01:23:33: 2025-10-20 17:23:33	info	core/server.go:319	Updating MCP configuration
2025-10-21T01:23:33: 2025-10-20 17:23:33	info	core/server.go:343	no updated MCP configurations found, skipping update
2025-10-21T01:23:33: 2025-10-20 17:23:33	info	core/server.go:405	Configuration reloaded successfully
2025-10-21T01:33:33: 2025-10-20 17:33:33	info	mcp-gateway/main.go:243	Received ticker signal	{"reload_switch": true}
2025-10-21T01:33:33: 2025-10-20 17:33:33	info	core/server.go:389	Reloading MCP configuration
2025-10-21T01:33:33: 2025-10-20 17:33:33	info	core/server.go:319	Updating MCP configuration
2025-10-21T01:33:33: 2025-10-20 17:33:33	info	core/server.go:343	no updated MCP configurations found, skipping update
2025-10-21T01:33:33: 2025-10-20 17:33:33	info	core/server.go:405	Configuration reloaded successfully
2025-10-21T01:43:33: 2025-10-20 17:43:33	info	mcp-gateway/main.go:243	Received ticker signal	{"reload_switch": true}
2025-10-21T01:43:33: 2025-10-20 17:43:33	info	core/server.go:389	Reloading MCP configuration
2025-10-21T01:43:33: 2025-10-20 17:43:33	info	core/server.go:319	Updating MCP configuration
2025-10-21T01:43:33: 2025-10-20 17:43:33	info	core/server.go:343	no updated MCP configurations found, skipping update
2025-10-21T01:43:33: 2025-10-20 17:43:33	info	core/server.go:405	Configuration reloaded successfully
2025-10-21T01:53:33: 2025-10-20 17:53:33	info	mcp-gateway/main.go:243	Received ticker signal	{"reload_switch": true}
2025-10-21T01:53:33: 2025-10-20 17:53:33	info	core/server.go:389	Reloading MCP configuration
2025-10-21T01:53:33: 2025-10-20 17:53:33	info	core/server.go:319	Updating MCP configuration
2025-10-21T01:53:33: 2025-10-20 17:53:33	info	core/server.go:343	no updated MCP configurations found, skipping update
2025-10-21T01:53:33: 2025-10-20 17:53:33	info	core/server.go:405	Configuration reloaded successfully
2025-10-21T02:03:31: 2025-10-20 18:03:31	info	mcp-gateway/main.go:243	Received ticker signal	{"reload_switch": true}
2025-10-21T02:03:31: 2025-10-20 18:03:31	info	core/server.go:389	Reloading MCP configuration
2025-10-21T02:03:31: 2025-10-20 18:03:31	info	core/server.go:319	Updating MCP configuration
2025-10-21T02:03:31: 2025-10-20 18:03:31	info	core/server.go:343	no updated MCP configurations found, skipping update
2025-10-21T02:03:31: 2025-10-20 18:03:31	info	core/server.go:405	Configuration reloaded successfully
2025-10-21T02:13:31: 2025-10-20 18:13:31	info	mcp-gateway/main.go:243	Received ticker signal	{"reload_switch": true}
2025-10-21T02:13:31: 2025-10-20 18:13:31	info	core/server.go:389	Reloading MCP configuration
2025-10-21T02:13:31: 2025-10-20 18:13:31	info	core/server.go:319	Updating MCP configuration
2025-10-21T02:13:31: 2025-10-20 18:13:31	info	core/server.go:343	no updated MCP configurations found, skipping update
2025-10-21T02:13:31: 2025-10-20 18:13:31	info	core/server.go:405	Configuration reloaded successfully
2025-10-21T02:23:31: 2025-10-20 18:23:31	info	mcp-gateway/main.go:243	Received ticker signal	{"reload_switch": true}
2025-10-21T02:23:31: 2025-10-20 18:23:31	info	core/server.go:389	Reloading MCP configuration
2025-10-21T02:23:31: 2025-10-20 18:23:31	info	core/server.go:319	Updating MCP configuration
2025-10-21T02:23:31: 2025-10-20 18:23:31	info	core/server.go:343	no updated MCP configurations found, skipping update
2025-10-21T02:23:31: 2025-10-20 18:23:31	info	core/server.go:405	Configuration reloaded successfully
2025-10-21T02:33:31: 2025-10-20 18:33:31	info	mcp-gateway/main.go:243	Received ticker signal	{"reload_switch": true}
2025-10-21T02:33:31: 2025-10-20 18:33:31	info	core/server.go:389	Reloading MCP configuration
2025-10-21T02:33:31: 2025-10-20 18:33:31	info	core/server.go:319	Updating MCP configuration
2025-10-21T02:33:31: 2025-10-20 18:33:31	info	core/server.go:343	no updated MCP configurations found, skipping update
2025-10-21T02:33:31: 2025-10-20 18:33:31	info	core/server.go:405	Configuration reloaded successfully
2025-10-21T02:43:31: 2025-10-20 18:43:31	info	mcp-gateway/main.go:243	Received ticker signal	{"reload_switch": true}
2025-10-21T02:43:31: 2025-10-20 18:43:31	info	core/server.go:389	Reloading MCP configuration
2025-10-21T02:43:31: 2025-10-20 18:43:31	info	core/server.go:319	Updating MCP configuration
2025-10-21T02:43:31: 2025-10-20 18:43:31	info	core/server.go:343	no updated MCP configurations found, skipping update
2025-10-21T02:43:31: 2025-10-20 18:43:31	info	core/server.go:405	Configuration reloaded successfully
2025-10-21T02:53:31: 2025-10-20 18:53:31	info	mcp-gateway/main.go:243	Received ticker signal	{"reload_switch": true}
2025-10-21T02:53:31: 2025-10-20 18:53:31	info	core/server.go:389	Reloading MCP configuration
2025-10-21T02:53:31: 2025-10-20 18:53:31	info	core/server.go:319	Updating MCP configuration
2025-10-21T02:53:31: 2025-10-20 18:53:31	info	core/server.go:343	no updated MCP configurations found, skipping update
2025-10-21T02:53:31: 2025-10-20 18:53:31	info	core/server.go:405	Configuration reloaded successfully
2025-10-21T03:03:31: 2025-10-20 19:03:31	info	mcp-gateway/main.go:243	Received ticker signal	{"reload_switch": true}
2025-10-21T03:03:31: 2025-10-20 19:03:31	info	core/server.go:389	Reloading MCP configuration
2025-10-21T03:03:31: 2025-10-20 19:03:31	info	core/server.go:319	Updating MCP configuration
2025-10-21T03:03:31: 2025-10-20 19:03:31	info	core/server.go:343	no updated MCP configurations found, skipping update
2025-10-21T03:03:31: 2025-10-20 19:03:31	info	core/server.go:405	Configuration reloaded successfully
2025-10-21T03:13:31: 2025-10-20 19:13:31	info	mcp-gateway/main.go:243	Received ticker signal	{"reload_switch": true}
2025-10-21T03:13:31: 2025-10-20 19:13:31	info	core/server.go:389	Reloading MCP configuration
2025-10-21T03:13:31: 2025-10-20 19:13:31	info	core/server.go:319	Updating MCP configuration
2025-10-21T03:13:31: 2025-10-20 19:13:31	info	core/server.go:343	no updated MCP configurations found, skipping update
2025-10-21T03:13:31: 2025-10-20 19:13:31	info	core/server.go:405	Configuration reloaded successfully
2025-10-21T03:23:31: 2025-10-20 19:23:31	info	mcp-gateway/main.go:243	Received ticker signal	{"reload_switch": true}
2025-10-21T03:23:31: 2025-10-20 19:23:31	info	core/server.go:389	Reloading MCP configuration
2025-10-21T03:23:31: 2025-10-20 19:23:31	info	core/server.go:319	Updating MCP configuration
2025-10-21T03:23:31: 2025-10-20 19:23:31	info	core/server.go:343	no updated MCP configurations found, skipping update
2025-10-21T03:23:31: 2025-10-20 19:23:31	info	core/server.go:405	Configuration reloaded successfully
2025-10-21T03:33:31: 2025-10-20 19:33:31	info	mcp-gateway/main.go:243	Received ticker signal	{"reload_switch": true}
2025-10-21T03:33:31: 2025-10-20 19:33:31	info	core/server.go:389	Reloading MCP configuration
2025-10-21T03:33:31: 2025-10-20 19:33:31	info	core/server.go:319	Updating MCP configuration
2025-10-21T03:33:31: 2025-10-20 19:33:31	info	core/server.go:343	no updated MCP configurations found, skipping update
2025-10-21T03:33:31: 2025-10-20 19:33:31	info	core/server.go:405	Configuration reloaded successfully
2025-10-21T03:43:33: 2025-10-20 19:43:33	info	mcp-gateway/main.go:243	Received ticker signal	{"reload_switch": true}
2025-10-21T03:43:33: 2025-10-20 19:43:33	info	core/server.go:389	Reloading MCP configuration
2025-10-21T03:43:33: 2025-10-20 19:43:33	info	core/server.go:319	Updating MCP configuration
2025-10-21T03:43:33: 2025-10-20 19:43:33	info	core/server.go:343	no updated MCP configurations found, skipping update
2025-10-21T03:43:33: 2025-10-20 19:43:33	info	core/server.go:405	Configuration reloaded successfully
2025-10-21T03:53:33: 2025-10-20 19:53:33	info	mcp-gateway/main.go:243	Received ticker signal	{"reload_switch": true}
2025-10-21T03:53:33: 2025-10-20 19:53:33	info	core/server.go:389	Reloading MCP configuration
2025-10-21T03:53:33: 2025-10-20 19:53:33	info	core/server.go:319	Updating MCP configuration
2025-10-21T03:53:33: 2025-10-20 19:53:33	info	core/server.go:343	no updated MCP configurations found, skipping update
2025-10-21T03:53:33: 2025-10-20 19:53:33	info	core/server.go:405	Configuration reloaded successfully
2025-10-21T04:03:33: 2025-10-20 20:03:33	info	mcp-gateway/main.go:243	Received ticker signal	{"reload_switch": true}
2025-10-21T04:03:33: 2025-10-20 20:03:33	info	core/server.go:389	Reloading MCP configuration
2025-10-21T04:03:33: 2025-10-20 20:03:33	info	core/server.go:319	Updating MCP configuration
2025-10-21T04:03:33: 2025-10-20 20:03:33	info	core/server.go:343	no updated MCP configurations found, skipping update
2025-10-21T04:03:33: 2025-10-20 20:03:33	info	core/server.go:405	Configuration reloaded successfully
2025-10-21T04:13:33: 2025-10-20 20:13:33	info	mcp-gateway/main.go:243	Received ticker signal	{"reload_switch": true}
2025-10-21T04:13:33: 2025-10-20 20:13:33	info	core/server.go:389	Reloading MCP configuration
2025-10-21T04:13:33: 2025-10-20 20:13:33	info	core/server.go:319	Updating MCP configuration
2025-10-21T04:13:33: 2025-10-20 20:13:33	info	core/server.go:343	no updated MCP configurations found, skipping update
2025-10-21T04:13:33: 2025-10-20 20:13:33	info	core/server.go:405	Configuration reloaded successfully
2025-10-21T04:23:33: 2025-10-20 20:23:33	info	mcp-gateway/main.go:243	Received ticker signal	{"reload_switch": true}
2025-10-21T04:23:33: 2025-10-20 20:23:33	info	core/server.go:389	Reloading MCP configuration
2025-10-21T04:23:33: 2025-10-20 20:23:33	info	core/server.go:319	Updating MCP configuration
2025-10-21T04:23:33: 2025-10-20 20:23:33	info	core/server.go:343	no updated MCP configurations found, skipping update
2025-10-21T04:23:33: 2025-10-20 20:23:33	info	core/server.go:405	Configuration reloaded successfully
2025-10-21T04:33:33: 2025-10-20 20:33:33	info	mcp-gateway/main.go:243	Received ticker signal	{"reload_switch": true}
2025-10-21T04:33:33: 2025-10-20 20:33:33	info	core/server.go:389	Reloading MCP configuration
2025-10-21T04:33:33: 2025-10-20 20:33:33	info	core/server.go:319	Updating MCP configuration
2025-10-21T04:33:33: 2025-10-20 20:33:33	info	core/server.go:343	no updated MCP configurations found, skipping update
2025-10-21T04:33:33: 2025-10-20 20:33:33	info	core/server.go:405	Configuration reloaded successfully
2025-10-21T04:43:33: 2025-10-20 20:43:33	info	mcp-gateway/main.go:243	Received ticker signal	{"reload_switch": true}
2025-10-21T04:43:33: 2025-10-20 20:43:33	info	core/server.go:389	Reloading MCP configuration
2025-10-21T04:43:33: 2025-10-20 20:43:33	info	core/server.go:319	Updating MCP configuration
2025-10-21T04:43:33: 2025-10-20 20:43:33	info	core/server.go:343	no updated MCP configurations found, skipping update
2025-10-21T04:43:33: 2025-10-20 20:43:33	info	core/server.go:405	Configuration reloaded successfully
2025-10-21T04:53:33: 2025-10-20 20:53:33	info	mcp-gateway/main.go:243	Received ticker signal	{"reload_switch": true}
2025-10-21T04:53:33: 2025-10-20 20:53:33	info	core/server.go:389	Reloading MCP configuration
2025-10-21T04:53:33: 2025-10-20 20:53:33	info	core/server.go:319	Updating MCP configuration
2025-10-21T04:53:33: 2025-10-20 20:53:33	info	core/server.go:343	no updated MCP configurations found, skipping update
2025-10-21T04:53:33: 2025-10-20 20:53:33	info	core/server.go:405	Configuration reloaded successfully
2025-10-21T05:03:33: 2025-10-20 21:03:33	info	mcp-gateway/main.go:243	Received ticker signal	{"reload_switch": true}
2025-10-21T05:03:33: 2025-10-20 21:03:33	info	core/server.go:389	Reloading MCP configuration
2025-10-21T05:03:33: 2025-10-20 21:03:33	info	core/server.go:319	Updating MCP configuration
2025-10-21T05:03:33: 2025-10-20 21:03:33	info	core/server.go:343	no updated MCP configurations found, skipping update
2025-10-21T05:03:33: 2025-10-20 21:03:33	info	core/server.go:405	Configuration reloaded successfully
2025-10-21T05:13:33: 2025-10-20 21:13:33	info	mcp-gateway/main.go:243	Received ticker signal	{"reload_switch": true}
2025-10-21T05:13:33: 2025-10-20 21:13:33	info	core/server.go:389	Reloading MCP configuration
2025-10-21T05:13:33: 2025-10-20 21:13:33	info	core/server.go:319	Updating MCP configuration
2025-10-21T05:13:33: 2025-10-20 21:13:33	info	core/server.go:343	no updated MCP configurations found, skipping update
2025-10-21T05:13:33: 2025-10-20 21:13:33	info	core/server.go:405	Configuration reloaded successfully
2025-10-21T05:23:33: 2025-10-20 21:23:33	info	mcp-gateway/main.go:243	Received ticker signal	{"reload_switch": true}
2025-10-21T05:23:33: 2025-10-20 21:23:33	info	core/server.go:389	Reloading MCP configuration
2025-10-21T05:23:33: 2025-10-20 21:23:33	info	core/server.go:319	Updating MCP configuration
2025-10-21T05:23:33: 2025-10-20 21:23:33	info	core/server.go:343	no updated MCP configurations found, skipping update
2025-10-21T05:23:33: 2025-10-20 21:23:33	info	core/server.go:405	Configuration reloaded successfully
2025-10-21T05:33:33: 2025-10-20 21:33:33	info	mcp-gateway/main.go:243	Received ticker signal	{"reload_switch": true}
2025-10-21T05:33:33: 2025-10-20 21:33:33	info	core/server.go:389	Reloading MCP configuration
2025-10-21T05:33:33: 2025-10-20 21:33:33	info	core/server.go:319	Updating MCP configuration
2025-10-21T05:33:33: 2025-10-20 21:33:33	info	core/server.go:343	no updated MCP configurations found, skipping update
2025-10-21T05:33:33: 2025-10-20 21:33:33	info	core/server.go:405	Configuration reloaded successfully
2025-10-21T05:43:33: 2025-10-20 21:43:33	info	mcp-gateway/main.go:243	Received ticker signal	{"reload_switch": true}
2025-10-21T05:43:33: 2025-10-20 21:43:33	info	core/server.go:389	Reloading MCP configuration
2025-10-21T05:43:33: 2025-10-20 21:43:33	info	core/server.go:319	Updating MCP configuration
2025-10-21T05:43:33: 2025-10-20 21:43:33	info	core/server.go:343	no updated MCP configurations found, skipping update
2025-10-21T05:43:33: 2025-10-20 21:43:33	info	core/server.go:405	Configuration reloaded successfully
2025-10-21T05:53:33: 2025-10-20 21:53:33	info	mcp-gateway/main.go:243	Received ticker signal	{"reload_switch": true}
2025-10-21T05:53:33: 2025-10-20 21:53:33	info	core/server.go:389	Reloading MCP configuration
2025-10-21T05:53:33: 2025-10-20 21:53:33	info	core/server.go:319	Updating MCP configuration
2025-10-21T05:53:33: 2025-10-20 21:53:33	info	core/server.go:343	no updated MCP configurations found, skipping update
2025-10-21T05:53:33: 2025-10-20 21:53:33	info	core/server.go:405	Configuration reloaded successfully
2025-10-21T06:03:33: 2025-10-20 22:03:33	info	mcp-gateway/main.go:243	Received ticker signal	{"reload_switch": true}
2025-10-21T06:03:33: 2025-10-20 22:03:33	info	core/server.go:389	Reloading MCP configuration
2025-10-21T06:03:33: 2025-10-20 22:03:33	info	core/server.go:319	Updating MCP configuration
2025-10-21T06:03:33: 2025-10-20 22:03:33	info	core/server.go:343	no updated MCP configurations found, skipping update
2025-10-21T06:03:33: 2025-10-20 22:03:33	info	core/server.go:405	Configuration reloaded successfully
2025-10-21T06:13:33: 2025-10-20 22:13:33	info	mcp-gateway/main.go:243	Received ticker signal	{"reload_switch": true}
2025-10-21T06:13:33: 2025-10-20 22:13:33	info	core/server.go:389	Reloading MCP configuration
2025-10-21T06:13:33: 2025-10-20 22:13:33	info	core/server.go:319	Updating MCP configuration
2025-10-21T06:13:33: 2025-10-20 22:13:33	info	core/server.go:343	no updated MCP configurations found, skipping update
2025-10-21T06:13:33: 2025-10-20 22:13:33	info	core/server.go:405	Configuration reloaded successfully
2025-10-21T06:23:33: 2025-10-20 22:23:33	info	mcp-gateway/main.go:243	Received ticker signal	{"reload_switch": true}
2025-10-21T06:23:33: 2025-10-20 22:23:33	info	core/server.go:389	Reloading MCP configuration
2025-10-21T06:23:33: 2025-10-20 22:23:33	info	core/server.go:319	Updating MCP configuration
2025-10-21T06:23:33: 2025-10-20 22:23:33	info	core/server.go:343	no updated MCP configurations found, skipping update
2025-10-21T06:23:33: 2025-10-20 22:23:33	info	core/server.go:405	Configuration reloaded successfully
2025-10-21T06:33:33: 2025-10-20 22:33:33	info	mcp-gateway/main.go:243	Received ticker signal	{"reload_switch": true}
2025-10-21T06:33:33: 2025-10-20 22:33:33	info	core/server.go:389	Reloading MCP configuration
2025-10-21T06:33:33: 2025-10-20 22:33:33	info	core/server.go:319	Updating MCP configuration
2025-10-21T06:33:33: 2025-10-20 22:33:33	info	core/server.go:343	no updated MCP configurations found, skipping update
2025-10-21T06:33:33: 2025-10-20 22:33:33	info	core/server.go:405	Configuration reloaded successfully
2025-10-21T06:43:33: 2025-10-20 22:43:33	info	mcp-gateway/main.go:243	Received ticker signal	{"reload_switch": true}
2025-10-21T06:43:33: 2025-10-20 22:43:33	info	core/server.go:389	Reloading MCP configuration
2025-10-21T06:43:33: 2025-10-20 22:43:33	info	core/server.go:319	Updating MCP configuration
2025-10-21T06:43:33: 2025-10-20 22:43:33	info	core/server.go:343	no updated MCP configurations found, skipping update
2025-10-21T06:43:33: 2025-10-20 22:43:33	info	core/server.go:405	Configuration reloaded successfully
2025-10-21T06:53:33: 2025-10-20 22:53:33	info	mcp-gateway/main.go:243	Received ticker signal	{"reload_switch": true}
2025-10-21T06:53:33: 2025-10-20 22:53:33	info	core/server.go:389	Reloading MCP configuration
2025-10-21T06:53:33: 2025-10-20 22:53:33	info	core/server.go:319	Updating MCP configuration
2025-10-21T06:53:33: 2025-10-20 22:53:33	info	core/server.go:343	no updated MCP configurations found, skipping update
2025-10-21T06:53:33: 2025-10-20 22:53:33	info	core/server.go:405	Configuration reloaded successfully
2025-10-21T07:03:33: 2025-10-20 23:03:33	info	mcp-gateway/main.go:243	Received ticker signal	{"reload_switch": true}
2025-10-21T07:03:33: 2025-10-20 23:03:33	info	core/server.go:389	Reloading MCP configuration
2025-10-21T07:03:33: 2025-10-20 23:03:33	info	core/server.go:319	Updating MCP configuration
2025-10-21T07:03:33: 2025-10-20 23:03:33	info	core/server.go:343	no updated MCP configurations found, skipping update
2025-10-21T07:03:33: 2025-10-20 23:03:33	info	core/server.go:405	Configuration reloaded successfully
2025-10-21T07:13:33: 2025-10-20 23:13:33	info	mcp-gateway/main.go:243	Received ticker signal	{"reload_switch": true}
2025-10-21T07:13:33: 2025-10-20 23:13:33	info	core/server.go:389	Reloading MCP configuration
2025-10-21T07:13:33: 2025-10-20 23:13:33	info	core/server.go:319	Updating MCP configuration
2025-10-21T07:13:33: 2025-10-20 23:13:33	info	core/server.go:343	no updated MCP configurations found, skipping update
2025-10-21T07:13:33: 2025-10-20 23:13:33	info	core/server.go:405	Configuration reloaded successfully
2025-10-21T07:23:33: 2025-10-20 23:23:33	info	mcp-gateway/main.go:243	Received ticker signal	{"reload_switch": true}
2025-10-21T07:23:33: 2025-10-20 23:23:33	info	core/server.go:389	Reloading MCP configuration
2025-10-21T07:23:33: 2025-10-20 23:23:33	info	core/server.go:319	Updating MCP configuration
2025-10-21T07:23:33: 2025-10-20 23:23:33	info	core/server.go:343	no updated MCP configurations found, skipping update
2025-10-21T07:23:33: 2025-10-20 23:23:33	info	core/server.go:405	Configuration reloaded successfully
2025-10-21T07:33:33: 2025-10-20 23:33:33	info	mcp-gateway/main.go:243	Received ticker signal	{"reload_switch": true}
2025-10-21T07:33:33: 2025-10-20 23:33:33	info	core/server.go:389	Reloading MCP configuration
2025-10-21T07:33:33: 2025-10-20 23:33:33	info	core/server.go:319	Updating MCP configuration
2025-10-21T07:33:33: 2025-10-20 23:33:33	info	core/server.go:343	no updated MCP configurations found, skipping update
2025-10-21T07:33:33: 2025-10-20 23:33:33	info	core/server.go:405	Configuration reloaded successfully
2025-10-21T07:43:33: 2025-10-20 23:43:33	info	mcp-gateway/main.go:243	Received ticker signal	{"reload_switch": true}
2025-10-21T07:43:33: 2025-10-20 23:43:33	info	core/server.go:389	Reloading MCP configuration
2025-10-21T07:43:33: 2025-10-20 23:43:33	info	core/server.go:319	Updating MCP configuration
2025-10-21T07:43:33: 2025-10-20 23:43:33	info	core/server.go:343	no updated MCP configurations found, skipping update
2025-10-21T07:43:33: 2025-10-20 23:43:33	info	core/server.go:405	Configuration reloaded successfully
2025-10-21T07:53:33: 2025-10-20 23:53:33	info	mcp-gateway/main.go:243	Received ticker signal	{"reload_switch": true}
2025-10-21T07:53:33: 2025-10-20 23:53:33	info	core/server.go:389	Reloading MCP configuration
2025-10-21T07:53:33: 2025-10-20 23:53:33	info	core/server.go:319	Updating MCP configuration
2025-10-21T07:53:33: 2025-10-20 23:53:33	info	core/server.go:343	no updated MCP configurations found, skipping update
2025-10-21T07:53:33: 2025-10-20 23:53:33	info	core/server.go:405	Configuration reloaded successfully
2025-10-21T08:03:33: 2025-10-21 00:03:33	info	mcp-gateway/main.go:243	Received ticker signal	{"reload_switch": true}
2025-10-21T08:03:33: 2025-10-21 00:03:33	info	core/server.go:389	Reloading MCP configuration
2025-10-21T08:03:33: 2025-10-21 00:03:33	info	core/server.go:319	Updating MCP configuration
2025-10-21T08:03:33: 2025-10-21 00:03:33	info	core/server.go:343	no updated MCP configurations found, skipping update
2025-10-21T08:03:33: 2025-10-21 00:03:33	info	core/server.go:405	Configuration reloaded successfully
2025-10-21T08:13:33: 2025-10-21 00:13:33	info	mcp-gateway/main.go:243	Received ticker signal	{"reload_switch": true}
2025-10-21T08:13:33: 2025-10-21 00:13:33	info	core/server.go:389	Reloading MCP configuration
2025-10-21T08:13:33: 2025-10-21 00:13:33	info	core/server.go:319	Updating MCP configuration
2025-10-21T08:13:33: 2025-10-21 00:13:33	info	core/server.go:343	no updated MCP configurations found, skipping update
2025-10-21T08:13:33: 2025-10-21 00:13:33	info	core/server.go:405	Configuration reloaded successfully
2025-10-21T08:23:33: 2025-10-21 00:23:33	info	mcp-gateway/main.go:243	Received ticker signal	{"reload_switch": true}
2025-10-21T08:23:33: 2025-10-21 00:23:33	info	core/server.go:389	Reloading MCP configuration
2025-10-21T08:23:33: 2025-10-21 00:23:33	info	core/server.go:319	Updating MCP configuration
2025-10-21T08:23:33: 2025-10-21 00:23:33	info	core/server.go:343	no updated MCP configurations found, skipping update
2025-10-21T08:23:33: 2025-10-21 00:23:33	info	core/server.go:405	Configuration reloaded successfully
2025-10-21T08:33:33: 2025-10-21 00:33:33	info	mcp-gateway/main.go:243	Received ticker signal	{"reload_switch": true}
2025-10-21T08:33:33: 2025-10-21 00:33:33	info	core/server.go:389	Reloading MCP configuration
2025-10-21T08:33:33: 2025-10-21 00:33:33	info	core/server.go:319	Updating MCP configuration
2025-10-21T08:33:33: 2025-10-21 00:33:33	info	core/server.go:343	no updated MCP configurations found, skipping update
2025-10-21T08:33:33: 2025-10-21 00:33:33	info	core/server.go:405	Configuration reloaded successfully
2025-10-21T08:43:33: 2025-10-21 00:43:33	info	mcp-gateway/main.go:243	Received ticker signal	{"reload_switch": true}
2025-10-21T08:43:33: 2025-10-21 00:43:33	info	core/server.go:389	Reloading MCP configuration
2025-10-21T08:43:33: 2025-10-21 00:43:33	info	core/server.go:319	Updating MCP configuration
2025-10-21T08:43:33: 2025-10-21 00:43:33	info	core/server.go:343	no updated MCP configurations found, skipping update
2025-10-21T08:43:33: 2025-10-21 00:43:33	info	core/server.go:405	Configuration reloaded successfully
2025-10-21T08:53:33: 2025-10-21 00:53:33	info	mcp-gateway/main.go:243	Received ticker signal	{"reload_switch": true}
2025-10-21T08:53:33: 2025-10-21 00:53:33	info	core/server.go:389	Reloading MCP configuration
2025-10-21T08:53:33: 2025-10-21 00:53:33	info	core/server.go:319	Updating MCP configuration
2025-10-21T08:53:33: 2025-10-21 00:53:33	info	core/server.go:343	no updated MCP configurations found, skipping update
2025-10-21T08:53:33: 2025-10-21 00:53:33	info	core/server.go:405	Configuration reloaded successfully
2025-10-21T09:03:33: 2025-10-21 01:03:33	info	mcp-gateway/main.go:243	Received ticker signal	{"reload_switch": true}
2025-10-21T09:03:33: 2025-10-21 01:03:33	info	core/server.go:389	Reloading MCP configuration
2025-10-21T09:03:33: 2025-10-21 01:03:33	info	core/server.go:319	Updating MCP configuration
2025-10-21T09:03:33: 2025-10-21 01:03:33	info	core/server.go:343	no updated MCP configurations found, skipping update
2025-10-21T09:03:33: 2025-10-21 01:03:33	info	core/server.go:405	Configuration reloaded successfully
2025-10-21T09:13:33: 2025-10-21 01:13:33	info	mcp-gateway/main.go:243	Received ticker signal	{"reload_switch": true}
2025-10-21T09:13:33: 2025-10-21 01:13:33	info	core/server.go:389	Reloading MCP configuration
2025-10-21T09:13:33: 2025-10-21 01:13:33	info	core/server.go:319	Updating MCP configuration
2025-10-21T09:13:33: 2025-10-21 01:13:33	info	core/server.go:343	no updated MCP configurations found, skipping update
2025-10-21T09:13:33: 2025-10-21 01:13:33	info	core/server.go:405	Configuration reloaded successfully
2025-10-21T09:23:33: 2025-10-21 01:23:33	info	mcp-gateway/main.go:243	Received ticker signal	{"reload_switch": true}
2025-10-21T09:23:33: 2025-10-21 01:23:33	info	core/server.go:389	Reloading MCP configuration
2025-10-21T09:23:33: 2025-10-21 01:23:33	info	core/server.go:319	Updating MCP configuration
2025-10-21T09:23:33: 2025-10-21 01:23:33	info	core/server.go:343	no updated MCP configurations found, skipping update
2025-10-21T09:23:33: 2025-10-21 01:23:33	info	core/server.go:405	Configuration reloaded successfully
2025-10-21T09:33:33: 2025-10-21 01:33:33	info	mcp-gateway/main.go:243	Received ticker signal	{"reload_switch": true}
2025-10-21T09:33:33: 2025-10-21 01:33:33	info	core/server.go:389	Reloading MCP configuration
2025-10-21T09:33:33: 2025-10-21 01:33:33	info	core/server.go:319	Updating MCP configuration
2025-10-21T09:33:33: 2025-10-21 01:33:33	info	core/server.go:343	no updated MCP configurations found, skipping update
2025-10-21T09:33:33: 2025-10-21 01:33:33	info	core/server.go:405	Configuration reloaded successfully
2025-10-21T09:43:33: 2025-10-21 01:43:33	info	mcp-gateway/main.go:243	Received ticker signal	{"reload_switch": true}
2025-10-21T09:43:33: 2025-10-21 01:43:33	info	core/server.go:389	Reloading MCP configuration
2025-10-21T09:43:33: 2025-10-21 01:43:33	info	core/server.go:319	Updating MCP configuration
2025-10-21T09:43:33: 2025-10-21 01:43:33	info	core/server.go:343	no updated MCP configurations found, skipping update
2025-10-21T09:43:33: 2025-10-21 01:43:33	info	core/server.go:405	Configuration reloaded successfully
2025-10-21T09:53:33: 2025-10-21 01:53:33	info	mcp-gateway/main.go:243	Received ticker signal	{"reload_switch": true}
2025-10-21T09:53:33: 2025-10-21 01:53:33	info	core/server.go:389	Reloading MCP configuration
2025-10-21T09:53:33: 2025-10-21 01:53:33	info	core/server.go:319	Updating MCP configuration
2025-10-21T09:53:33: 2025-10-21 01:53:33	info	core/server.go:343	no updated MCP configurations found, skipping update
2025-10-21T09:53:33: 2025-10-21 01:53:33	info	core/server.go:405	Configuration reloaded successfully
2025-10-21T10:03:33: 2025-10-21 02:03:33	info	mcp-gateway/main.go:243	Received ticker signal	{"reload_switch": true}
2025-10-21T10:03:33: 2025-10-21 02:03:33	info	core/server.go:389	Reloading MCP configuration
2025-10-21T10:03:33: 2025-10-21 02:03:33	info	core/server.go:319	Updating MCP configuration
2025-10-21T10:03:33: 2025-10-21 02:03:33	info	core/server.go:343	no updated MCP configurations found, skipping update
2025-10-21T10:03:33: 2025-10-21 02:03:33	info	core/server.go:405	Configuration reloaded successfully
2025-10-21T10:13:33: 2025-10-21 02:13:33	info	mcp-gateway/main.go:243	Received ticker signal	{"reload_switch": true}
2025-10-21T10:13:33: 2025-10-21 02:13:33	info	core/server.go:389	Reloading MCP configuration
2025-10-21T10:13:33: 2025-10-21 02:13:33	info	core/server.go:319	Updating MCP configuration
2025-10-21T10:13:33: 2025-10-21 02:13:33	info	core/server.go:343	no updated MCP configurations found, skipping update
2025-10-21T10:13:33: 2025-10-21 02:13:33	info	core/server.go:405	Configuration reloaded successfully
2025-10-21T10:23:33: 2025-10-21 02:23:33	info	mcp-gateway/main.go:243	Received ticker signal	{"reload_switch": true}
2025-10-21T10:23:33: 2025-10-21 02:23:33	info	core/server.go:389	Reloading MCP configuration
2025-10-21T10:23:33: 2025-10-21 02:23:33	info	core/server.go:319	Updating MCP configuration
2025-10-21T10:23:33: 2025-10-21 02:23:33	info	core/server.go:343	no updated MCP configurations found, skipping update
2025-10-21T10:23:33: 2025-10-21 02:23:33	info	core/server.go:405	Configuration reloaded successfully
2025-10-21T10:33:33: 2025-10-21 02:33:33	info	mcp-gateway/main.go:243	Received ticker signal	{"reload_switch": true}
2025-10-21T10:33:33: 2025-10-21 02:33:33	info	core/server.go:389	Reloading MCP configuration
2025-10-21T10:33:33: 2025-10-21 02:33:33	info	core/server.go:319	Updating MCP configuration
2025-10-21T10:33:33: 2025-10-21 02:33:33	info	core/server.go:343	no updated MCP configurations found, skipping update
2025-10-21T10:33:33: 2025-10-21 02:33:33	info	core/server.go:405	Configuration reloaded successfully
2025-10-21T10:43:33: 2025-10-21 02:43:33	info	mcp-gateway/main.go:243	Received ticker signal	{"reload_switch": true}
2025-10-21T10:43:33: 2025-10-21 02:43:33	info	core/server.go:389	Reloading MCP configuration
2025-10-21T10:43:33: 2025-10-21 02:43:33	info	core/server.go:319	Updating MCP configuration
2025-10-21T10:43:33: 2025-10-21 02:43:33	info	core/server.go:343	no updated MCP configurations found, skipping update
2025-10-21T10:43:33: 2025-10-21 02:43:33	info	core/server.go:405	Configuration reloaded successfully
2025-10-21T10:53:33: 2025-10-21 02:53:33	info	mcp-gateway/main.go:243	Received ticker signal	{"reload_switch": true}
2025-10-21T10:53:33: 2025-10-21 02:53:33	info	core/server.go:389	Reloading MCP configuration
2025-10-21T10:53:33: 2025-10-21 02:53:33	info	core/server.go:319	Updating MCP configuration
2025-10-21T10:53:33: 2025-10-21 02:53:33	info	core/server.go:343	no updated MCP configurations found, skipping update
2025-10-21T10:53:33: 2025-10-21 02:53:33	info	core/server.go:405	Configuration reloaded successfully
2025-10-21T11:03:33: 2025-10-21 03:03:33	info	mcp-gateway/main.go:243	Received ticker signal	{"reload_switch": true}
2025-10-21T11:03:33: 2025-10-21 03:03:33	info	core/server.go:389	Reloading MCP configuration
2025-10-21T11:03:33: 2025-10-21 03:03:33	info	core/server.go:319	Updating MCP configuration
2025-10-21T11:03:33: 2025-10-21 03:03:33	info	core/server.go:343	no updated MCP configurations found, skipping update
2025-10-21T11:03:33: 2025-10-21 03:03:33	info	core/server.go:405	Configuration reloaded successfully
2025-10-21T11:13:33: 2025-10-21 03:13:33	info	mcp-gateway/main.go:243	Received ticker signal	{"reload_switch": true}
2025-10-21T11:13:33: 2025-10-21 03:13:33	info	core/server.go:389	Reloading MCP configuration
2025-10-21T11:13:33: 2025-10-21 03:13:33	info	core/server.go:319	Updating MCP configuration
2025-10-21T11:13:33: 2025-10-21 03:13:33	info	core/server.go:343	no updated MCP configurations found, skipping update
2025-10-21T11:13:33: 2025-10-21 03:13:33	info	core/server.go:405	Configuration reloaded successfully
2025-10-21T11:23:33: 2025-10-21 03:23:33	info	mcp-gateway/main.go:243	Received ticker signal	{"reload_switch": true}
2025-10-21T11:23:33: 2025-10-21 03:23:33	info	core/server.go:389	Reloading MCP configuration
2025-10-21T11:23:33: 2025-10-21 03:23:33	info	core/server.go:319	Updating MCP configuration
2025-10-21T11:23:33: 2025-10-21 03:23:33	info	core/server.go:343	no updated MCP configurations found, skipping update
2025-10-21T11:23:33: 2025-10-21 03:23:33	info	core/server.go:405	Configuration reloaded successfully
2025-10-21T11:33:33: 2025-10-21 03:33:33	info	mcp-gateway/main.go:243	Received ticker signal	{"reload_switch": true}
2025-10-21T11:33:33: 2025-10-21 03:33:33	info	core/server.go:389	Reloading MCP configuration
2025-10-21T11:33:33: 2025-10-21 03:33:33	info	core/server.go:319	Updating MCP configuration
2025-10-21T11:33:33: 2025-10-21 03:33:33	info	core/server.go:343	no updated MCP configurations found, skipping update
2025-10-21T11:33:33: 2025-10-21 03:33:33	info	core/server.go:405	Configuration reloaded successfully
2025-10-21T11:43:33: 2025-10-21 03:43:33	info	mcp-gateway/main.go:243	Received ticker signal	{"reload_switch": true}
2025-10-21T11:43:33: 2025-10-21 03:43:33	info	core/server.go:389	Reloading MCP configuration
2025-10-21T11:43:33: 2025-10-21 03:43:33	info	core/server.go:319	Updating MCP configuration
2025-10-21T11:43:33: 2025-10-21 03:43:33	info	core/server.go:343	no updated MCP configurations found, skipping update
2025-10-21T11:43:33: 2025-10-21 03:43:33	info	core/server.go:405	Configuration reloaded successfully
2025-10-21T11:53:33: 2025-10-21 03:53:33	info	mcp-gateway/main.go:243	Received ticker signal	{"reload_switch": true}
2025-10-21T11:53:33: 2025-10-21 03:53:33	info	core/server.go:389	Reloading MCP configuration
2025-10-21T11:53:33: 2025-10-21 03:53:33	info	core/server.go:319	Updating MCP configuration
2025-10-21T11:53:33: 2025-10-21 03:53:33	info	core/server.go:343	no updated MCP configurations found, skipping update
2025-10-21T11:53:33: 2025-10-21 03:53:33	info	core/server.go:405	Configuration reloaded successfully
2025-10-21T12:03:33: 2025-10-21 04:03:33	info	mcp-gateway/main.go:243	Received ticker signal	{"reload_switch": true}
2025-10-21T12:03:33: 2025-10-21 04:03:33	info	core/server.go:389	Reloading MCP configuration
2025-10-21T12:03:33: 2025-10-21 04:03:33	info	core/server.go:319	Updating MCP configuration
2025-10-21T12:03:33: 2025-10-21 04:03:33	info	core/server.go:343	no updated MCP configurations found, skipping update
2025-10-21T12:03:33: 2025-10-21 04:03:33	info	core/server.go:405	Configuration reloaded successfully
2025-10-21T12:13:33: 2025-10-21 04:13:33	info	mcp-gateway/main.go:243	Received ticker signal	{"reload_switch": true}
2025-10-21T12:13:33: 2025-10-21 04:13:33	info	core/server.go:389	Reloading MCP configuration
2025-10-21T12:13:33: 2025-10-21 04:13:33	info	core/server.go:319	Updating MCP configuration
2025-10-21T12:13:33: 2025-10-21 04:13:33	info	core/server.go:343	no updated MCP configurations found, skipping update
2025-10-21T12:13:33: 2025-10-21 04:13:33	info	core/server.go:405	Configuration reloaded successfully
2025-10-21T12:23:33: 2025-10-21 04:23:33	info	mcp-gateway/main.go:243	Received ticker signal	{"reload_switch": true}
2025-10-21T12:23:33: 2025-10-21 04:23:33	info	core/server.go:389	Reloading MCP configuration
2025-10-21T12:23:33: 2025-10-21 04:23:33	info	core/server.go:319	Updating MCP configuration
2025-10-21T12:23:33: 2025-10-21 04:23:33	info	core/server.go:343	no updated MCP configurations found, skipping update
2025-10-21T12:23:33: 2025-10-21 04:23:33	info	core/server.go:405	Configuration reloaded successfully
2025-10-21T12:33:33: 2025-10-21 04:33:33	info	mcp-gateway/main.go:243	Received ticker signal	{"reload_switch": true}
2025-10-21T12:33:33: 2025-10-21 04:33:33	info	core/server.go:389	Reloading MCP configuration
2025-10-21T12:33:33: 2025-10-21 04:33:33	info	core/server.go:319	Updating MCP configuration
2025-10-21T12:33:33: 2025-10-21 04:33:33	info	core/server.go:343	no updated MCP configurations found, skipping update
2025-10-21T12:33:33: 2025-10-21 04:33:33	info	core/server.go:405	Configuration reloaded successfully
2025-10-21T12:43:33: 2025-10-21 04:43:33	info	mcp-gateway/main.go:243	Received ticker signal	{"reload_switch": true}
2025-10-21T12:43:33: 2025-10-21 04:43:33	info	core/server.go:389	Reloading MCP configuration
2025-10-21T12:43:33: 2025-10-21 04:43:33	info	core/server.go:319	Updating MCP configuration
2025-10-21T12:43:33: 2025-10-21 04:43:33	info	core/server.go:343	no updated MCP configurations found, skipping update
2025-10-21T12:43:33: 2025-10-21 04:43:33	info	core/server.go:405	Configuration reloaded successfully
2025-10-21T12:53:33: 2025-10-21 04:53:33	info	mcp-gateway/main.go:243	Received ticker signal	{"reload_switch": true}
2025-10-21T12:53:33: 2025-10-21 04:53:33	info	core/server.go:389	Reloading MCP configuration
2025-10-21T12:53:33: 2025-10-21 04:53:33	info	core/server.go:319	Updating MCP configuration
2025-10-21T12:53:33: 2025-10-21 04:53:33	info	core/server.go:343	no updated MCP configurations found, skipping update
2025-10-21T12:53:33: 2025-10-21 04:53:33	info	core/server.go:405	Configuration reloaded successfully
2025-10-21T13:03:33: 2025-10-21 05:03:33	info	mcp-gateway/main.go:243	Received ticker signal	{"reload_switch": true}
2025-10-21T13:03:33: 2025-10-21 05:03:33	info	core/server.go:389	Reloading MCP configuration
2025-10-21T13:03:33: 2025-10-21 05:03:33	info	core/server.go:319	Updating MCP configuration
2025-10-21T13:03:33: 2025-10-21 05:03:33	info	core/server.go:343	no updated MCP configurations found, skipping update
2025-10-21T13:03:33: 2025-10-21 05:03:33	info	core/server.go:405	Configuration reloaded successfully
2025-10-21T13:13:33: 2025-10-21 05:13:33	info	mcp-gateway/main.go:243	Received ticker signal	{"reload_switch": true}
2025-10-21T13:13:33: 2025-10-21 05:13:33	info	core/server.go:389	Reloading MCP configuration
2025-10-21T13:13:33: 2025-10-21 05:13:33	info	core/server.go:319	Updating MCP configuration
2025-10-21T13:13:33: 2025-10-21 05:13:33	info	core/server.go:343	no updated MCP configurations found, skipping update
2025-10-21T13:13:33: 2025-10-21 05:13:33	info	core/server.go:405	Configuration reloaded successfully
2025-10-21T13:23:33: 2025-10-21 05:23:33	info	mcp-gateway/main.go:243	Received ticker signal	{"reload_switch": true}
2025-10-21T13:23:33: 2025-10-21 05:23:33	info	core/server.go:389	Reloading MCP configuration
2025-10-21T13:23:33: 2025-10-21 05:23:33	info	core/server.go:319	Updating MCP configuration
2025-10-21T13:23:33: 2025-10-21 05:23:33	info	core/server.go:343	no updated MCP configurations found, skipping update
2025-10-21T13:23:33: 2025-10-21 05:23:33	info	core/server.go:405	Configuration reloaded successfully
2025-10-21T13:33:33: 2025-10-21 05:33:33	info	mcp-gateway/main.go:243	Received ticker signal	{"reload_switch": true}
2025-10-21T13:33:33: 2025-10-21 05:33:33	info	core/server.go:389	Reloading MCP configuration
2025-10-21T13:33:33: 2025-10-21 05:33:33	info	core/server.go:319	Updating MCP configuration
2025-10-21T13:33:33: 2025-10-21 05:33:33	info	core/server.go:343	no updated MCP configurations found, skipping update
2025-10-21T13:33:33: 2025-10-21 05:33:33	info	core/server.go:405	Configuration reloaded successfully
2025-10-21T13:43:33: 2025-10-21 05:43:33	info	mcp-gateway/main.go:243	Received ticker signal	{"reload_switch": true}
2025-10-21T13:43:33: 2025-10-21 05:43:33	info	core/server.go:389	Reloading MCP configuration
2025-10-21T13:43:33: 2025-10-21 05:43:33	info	core/server.go:319	Updating MCP configuration
2025-10-21T13:43:33: 2025-10-21 05:43:33	info	core/server.go:343	no updated MCP configurations found, skipping update
2025-10-21T13:43:33: 2025-10-21 05:43:33	info	core/server.go:405	Configuration reloaded successfully
2025-10-21T13:53:33: 2025-10-21 05:53:33	info	mcp-gateway/main.go:243	Received ticker signal	{"reload_switch": true}
2025-10-21T13:53:33: 2025-10-21 05:53:33	info	core/server.go:389	Reloading MCP configuration
2025-10-21T13:53:33: 2025-10-21 05:53:33	info	core/server.go:319	Updating MCP configuration
2025-10-21T13:53:33: 2025-10-21 05:53:33	info	core/server.go:343	no updated MCP configurations found, skipping update
2025-10-21T13:53:33: 2025-10-21 05:53:33	info	core/server.go:405	Configuration reloaded successfully
2025-10-21T14:03:33: 2025-10-21 06:03:33	info	mcp-gateway/main.go:243	Received ticker signal	{"reload_switch": true}
2025-10-21T14:03:33: 2025-10-21 06:03:33	info	core/server.go:389	Reloading MCP configuration
2025-10-21T14:03:33: 2025-10-21 06:03:33	info	core/server.go:319	Updating MCP configuration
2025-10-21T14:03:33: 2025-10-21 06:03:33	info	core/server.go:343	no updated MCP configurations found, skipping update
2025-10-21T14:03:33: 2025-10-21 06:03:33	info	core/server.go:405	Configuration reloaded successfully
2025-10-21T14:13:33: 2025-10-21 06:13:33	info	mcp-gateway/main.go:243	Received ticker signal	{"reload_switch": true}
2025-10-21T14:13:33: 2025-10-21 06:13:33	info	core/server.go:389	Reloading MCP configuration
2025-10-21T14:13:33: 2025-10-21 06:13:33	info	core/server.go:319	Updating MCP configuration
2025-10-21T14:13:33: 2025-10-21 06:13:33	info	core/server.go:343	no updated MCP configurations found, skipping update
2025-10-21T14:13:33: 2025-10-21 06:13:33	info	core/server.go:405	Configuration reloaded successfully
2025-10-21T14:23:33: 2025-10-21 06:23:33	info	mcp-gateway/main.go:243	Received ticker signal	{"reload_switch": true}
2025-10-21T14:23:33: 2025-10-21 06:23:33	info	core/server.go:389	Reloading MCP configuration
2025-10-21T14:23:33: 2025-10-21 06:23:33	info	core/server.go:319	Updating MCP configuration
2025-10-21T14:23:33: 2025-10-21 06:23:33	info	core/server.go:343	no updated MCP configurations found, skipping update
2025-10-21T14:23:33: 2025-10-21 06:23:33	info	core/server.go:405	Configuration reloaded successfully
2025-10-21T14:33:33: 2025-10-21 06:33:33	info	mcp-gateway/main.go:243	Received ticker signal	{"reload_switch": true}
2025-10-21T14:33:33: 2025-10-21 06:33:33	info	core/server.go:389	Reloading MCP configuration
2025-10-21T14:33:33: 2025-10-21 06:33:33	info	core/server.go:319	Updating MCP configuration
2025-10-21T14:33:33: 2025-10-21 06:33:33	info	core/server.go:343	no updated MCP configurations found, skipping update
2025-10-21T14:33:33: 2025-10-21 06:33:33	info	core/server.go:405	Configuration reloaded successfully
2025-10-21T14:43:33: 2025-10-21 06:43:33	info	mcp-gateway/main.go:243	Received ticker signal	{"reload_switch": true}
2025-10-21T14:43:33: 2025-10-21 06:43:33	info	core/server.go:389	Reloading MCP configuration
2025-10-21T14:43:33: 2025-10-21 06:43:33	info	core/server.go:319	Updating MCP configuration
2025-10-21T14:43:33: 2025-10-21 06:43:33	info	core/server.go:343	no updated MCP configurations found, skipping update
2025-10-21T14:43:33: 2025-10-21 06:43:33	info	core/server.go:405	Configuration reloaded successfully
2025-10-21T14:53:33: 2025-10-21 06:53:33	info	mcp-gateway/main.go:243	Received ticker signal	{"reload_switch": true}
2025-10-21T14:53:33: 2025-10-21 06:53:33	info	core/server.go:389	Reloading MCP configuration
2025-10-21T14:53:33: 2025-10-21 06:53:33	info	core/server.go:319	Updating MCP configuration
2025-10-21T14:53:33: 2025-10-21 06:53:33	info	core/server.go:343	no updated MCP configurations found, skipping update
2025-10-21T14:53:33: 2025-10-21 06:53:33	info	core/server.go:405	Configuration reloaded successfully
2025-10-21T15:03:33: 2025-10-21 07:03:33	info	mcp-gateway/main.go:243	Received ticker signal	{"reload_switch": true}
2025-10-21T15:03:33: 2025-10-21 07:03:33	info	core/server.go:389	Reloading MCP configuration
2025-10-21T15:03:33: 2025-10-21 07:03:33	info	core/server.go:319	Updating MCP configuration
2025-10-21T15:03:33: 2025-10-21 07:03:33	info	core/server.go:343	no updated MCP configurations found, skipping update
2025-10-21T15:03:33: 2025-10-21 07:03:33	info	core/server.go:405	Configuration reloaded successfully
2025-10-21T15:13:33: 2025-10-21 07:13:33	info	mcp-gateway/main.go:243	Received ticker signal	{"reload_switch": true}
2025-10-21T15:13:33: 2025-10-21 07:13:33	info	core/server.go:389	Reloading MCP configuration
2025-10-21T15:13:33: 2025-10-21 07:13:33	info	core/server.go:319	Updating MCP configuration
2025-10-21T15:13:33: 2025-10-21 07:13:33	info	core/server.go:343	no updated MCP configurations found, skipping update
2025-10-21T15:13:33: 2025-10-21 07:13:33	info	core/server.go:405	Configuration reloaded successfully
2025-10-21T15:23:33: 2025-10-21 07:23:33	info	mcp-gateway/main.go:243	Received ticker signal	{"reload_switch": true}
2025-10-21T15:23:33: 2025-10-21 07:23:33	info	core/server.go:389	Reloading MCP configuration
2025-10-21T15:23:33: 2025-10-21 07:23:33	info	core/server.go:319	Updating MCP configuration
2025-10-21T15:23:33: 2025-10-21 07:23:33	info	core/server.go:343	no updated MCP configurations found, skipping update
2025-10-21T15:23:33: 2025-10-21 07:23:33	info	core/server.go:405	Configuration reloaded successfully
2025-10-21T15:33:33: 2025-10-21 07:33:33	info	mcp-gateway/main.go:243	Received ticker signal	{"reload_switch": true}
2025-10-21T15:33:33: 2025-10-21 07:33:33	info	core/server.go:389	Reloading MCP configuration
2025-10-21T15:33:33: 2025-10-21 07:33:33	info	core/server.go:319	Updating MCP configuration
2025-10-21T15:33:33: 2025-10-21 07:33:33	info	core/server.go:343	no updated MCP configurations found, skipping update
2025-10-21T15:33:33: 2025-10-21 07:33:33	info	core/server.go:405	Configuration reloaded successfully
2025-10-21T15:43:33: 2025-10-21 07:43:33	info	mcp-gateway/main.go:243	Received ticker signal	{"reload_switch": true}
2025-10-21T15:43:33: 2025-10-21 07:43:33	info	core/server.go:389	Reloading MCP configuration
2025-10-21T15:43:33: 2025-10-21 07:43:33	info	core/server.go:319	Updating MCP configuration
2025-10-21T15:43:33: 2025-10-21 07:43:33	info	core/server.go:343	no updated MCP configurations found, skipping update
2025-10-21T15:43:33: 2025-10-21 07:43:33	info	core/server.go:405	Configuration reloaded successfully
2025-10-21T15:53:33: 2025-10-21 07:53:33	info	mcp-gateway/main.go:243	Received ticker signal	{"reload_switch": true}
2025-10-21T15:53:33: 2025-10-21 07:53:33	info	core/server.go:389	Reloading MCP configuration
2025-10-21T15:53:33: 2025-10-21 07:53:33	info	core/server.go:319	Updating MCP configuration
2025-10-21T15:53:33: 2025-10-21 07:53:33	info	core/server.go:343	no updated MCP configurations found, skipping update
2025-10-21T15:53:33: 2025-10-21 07:53:33	info	core/server.go:405	Configuration reloaded successfully
2025-10-21T16:03:33: 2025-10-21 08:03:33	info	mcp-gateway/main.go:243	Received ticker signal	{"reload_switch": true}
2025-10-21T16:03:33: 2025-10-21 08:03:33	info	core/server.go:389	Reloading MCP configuration
2025-10-21T16:03:33: 2025-10-21 08:03:33	info	core/server.go:319	Updating MCP configuration
2025-10-21T16:03:33: 2025-10-21 08:03:33	info	core/server.go:343	no updated MCP configurations found, skipping update
2025-10-21T16:03:33: 2025-10-21 08:03:33	info	core/server.go:405	Configuration reloaded successfully
2025-10-21T16:13:33: 2025-10-21 08:13:33	info	mcp-gateway/main.go:243	Received ticker signal	{"reload_switch": true}
2025-10-21T16:13:33: 2025-10-21 08:13:33	info	core/server.go:389	Reloading MCP configuration
2025-10-21T16:13:33: 2025-10-21 08:13:33	info	core/server.go:319	Updating MCP configuration
2025-10-21T16:13:33: 2025-10-21 08:13:33	info	core/server.go:343	no updated MCP configurations found, skipping update
2025-10-21T16:13:33: 2025-10-21 08:13:33	info	core/server.go:405	Configuration reloaded successfully
2025-10-21T16:23:33: 2025-10-21 08:23:33	info	mcp-gateway/main.go:243	Received ticker signal	{"reload_switch": true}
2025-10-21T16:23:33: 2025-10-21 08:23:33	info	core/server.go:389	Reloading MCP configuration
2025-10-21T16:23:33: 2025-10-21 08:23:33	info	core/server.go:319	Updating MCP configuration
2025-10-21T16:23:33: 2025-10-21 08:23:33	info	core/server.go:343	no updated MCP configurations found, skipping update
2025-10-21T16:23:33: 2025-10-21 08:23:33	info	core/server.go:405	Configuration reloaded successfully
2025-10-21T16:33:33: 2025-10-21 08:33:33	info	mcp-gateway/main.go:243	Received ticker signal	{"reload_switch": true}
2025-10-21T16:33:33: 2025-10-21 08:33:33	info	core/server.go:389	Reloading MCP configuration
2025-10-21T16:33:33: 2025-10-21 08:33:33	info	core/server.go:319	Updating MCP configuration
2025-10-21T16:33:33: 2025-10-21 08:33:33	info	core/server.go:343	no updated MCP configurations found, skipping update
2025-10-21T16:33:33: 2025-10-21 08:33:33	info	core/server.go:405	Configuration reloaded successfully
2025-10-21T16:43:33: 2025-10-21 08:43:33	info	mcp-gateway/main.go:243	Received ticker signal	{"reload_switch": true}
2025-10-21T16:43:33: 2025-10-21 08:43:33	info	core/server.go:389	Reloading MCP configuration
2025-10-21T16:43:33: 2025-10-21 08:43:33	info	core/server.go:319	Updating MCP configuration
2025-10-21T16:43:33: 2025-10-21 08:43:33	info	core/server.go:343	no updated MCP configurations found, skipping update
2025-10-21T16:43:33: 2025-10-21 08:43:33	info	core/server.go:405	Configuration reloaded successfully
2025-10-21T16:53:33: 2025-10-21 08:53:33	info	mcp-gateway/main.go:243	Received ticker signal	{"reload_switch": true}
2025-10-21T16:53:33: 2025-10-21 08:53:33	info	core/server.go:389	Reloading MCP configuration
2025-10-21T16:53:33: 2025-10-21 08:53:33	info	core/server.go:319	Updating MCP configuration
2025-10-21T16:53:33: 2025-10-21 08:53:33	info	core/server.go:343	no updated MCP configurations found, skipping update
2025-10-21T16:53:33: 2025-10-21 08:53:33	info	core/server.go:405	Configuration reloaded successfully
2025-10-21T17:03:33: 2025-10-21 09:03:33	info	mcp-gateway/main.go:243	Received ticker signal	{"reload_switch": true}
2025-10-21T17:03:33: 2025-10-21 09:03:33	info	core/server.go:389	Reloading MCP configuration
2025-10-21T17:03:33: 2025-10-21 09:03:33	info	core/server.go:319	Updating MCP configuration
2025-10-21T17:03:33: 2025-10-21 09:03:33	info	core/server.go:343	no updated MCP configurations found, skipping update
2025-10-21T17:03:33: 2025-10-21 09:03:33	info	core/server.go:405	Configuration reloaded successfully
2025-10-21T17:13:33: 2025-10-21 09:13:33	info	mcp-gateway/main.go:243	Received ticker signal	{"reload_switch": true}
2025-10-21T17:13:33: 2025-10-21 09:13:33	info	core/server.go:389	Reloading MCP configuration
2025-10-21T17:13:33: 2025-10-21 09:13:33	info	core/server.go:319	Updating MCP configuration
2025-10-21T17:13:33: 2025-10-21 09:13:33	info	core/server.go:343	no updated MCP configurations found, skipping update
2025-10-21T17:13:33: 2025-10-21 09:13:33	info	core/server.go:405	Configuration reloaded successfully
2025-10-21T17:23:33: 2025-10-21 09:23:33	info	mcp-gateway/main.go:243	Received ticker signal	{"reload_switch": true}
2025-10-21T17:23:33: 2025-10-21 09:23:33	info	core/server.go:389	Reloading MCP configuration
2025-10-21T17:23:33: 2025-10-21 09:23:33	info	core/server.go:319	Updating MCP configuration
2025-10-21T17:23:33: 2025-10-21 09:23:33	info	core/server.go:343	no updated MCP configurations found, skipping update
2025-10-21T17:23:33: 2025-10-21 09:23:33	info	core/server.go:405	Configuration reloaded successfully
2025-10-21T17:33:33: 2025-10-21 09:33:33	info	mcp-gateway/main.go:243	Received ticker signal	{"reload_switch": true}
2025-10-21T17:33:33: 2025-10-21 09:33:33	info	core/server.go:389	Reloading MCP configuration
2025-10-21T17:33:33: 2025-10-21 09:33:33	info	core/server.go:319	Updating MCP configuration
2025-10-21T17:33:33: 2025-10-21 09:33:33	info	core/server.go:343	no updated MCP configurations found, skipping update
2025-10-21T17:33:33: 2025-10-21 09:33:33	info	core/server.go:405	Configuration reloaded successfully
2025-10-21T17:43:33: 2025-10-21 09:43:33	info	mcp-gateway/main.go:243	Received ticker signal	{"reload_switch": true}
2025-10-21T17:43:33: 2025-10-21 09:43:33	info	core/server.go:389	Reloading MCP configuration
2025-10-21T17:43:33: 2025-10-21 09:43:33	info	core/server.go:319	Updating MCP configuration
2025-10-21T17:43:33: 2025-10-21 09:43:33	info	core/server.go:343	no updated MCP configurations found, skipping update
2025-10-21T17:43:33: 2025-10-21 09:43:33	info	core/server.go:405	Configuration reloaded successfully
2025-10-21T17:53:34: 2025-10-21 09:53:34	info	mcp-gateway/main.go:243	Received ticker signal	{"reload_switch": true}
2025-10-21T17:53:34: 2025-10-21 09:53:34	info	core/server.go:389	Reloading MCP configuration
2025-10-21T17:53:34: 2025-10-21 09:53:34	info	core/server.go:319	Updating MCP configuration
2025-10-21T17:53:34: 2025-10-21 09:53:34	info	core/server.go:343	no updated MCP configurations found, skipping update
2025-10-21T17:53:34: 2025-10-21 09:53:34	info	core/server.go:405	Configuration reloaded successfully
2025-10-21T18:03:33: 2025-10-21 10:03:33	info	mcp-gateway/main.go:243	Received ticker signal	{"reload_switch": true}
2025-10-21T18:03:33: 2025-10-21 10:03:33	info	core/server.go:389	Reloading MCP configuration
2025-10-21T18:03:33: 2025-10-21 10:03:33	info	core/server.go:319	Updating MCP configuration
2025-10-21T18:03:33: 2025-10-21 10:03:33	info	core/server.go:343	no updated MCP configurations found, skipping update
2025-10-21T18:03:33: 2025-10-21 10:03:33	info	core/server.go:405	Configuration reloaded successfully
2025-10-21T18:13:33: 2025-10-21 10:13:33	info	mcp-gateway/main.go:243	Received ticker signal	{"reload_switch": true}
2025-10-21T18:13:33: 2025-10-21 10:13:33	info	core/server.go:389	Reloading MCP configuration
2025-10-21T18:13:33: 2025-10-21 10:13:33	info	core/server.go:319	Updating MCP configuration
2025-10-21T18:13:33: 2025-10-21 10:13:33	info	core/server.go:343	no updated MCP configurations found, skipping update
2025-10-21T18:13:33: 2025-10-21 10:13:33	info	core/server.go:405	Configuration reloaded successfully
2025-10-21T18:23:33: 2025-10-21 10:23:33	info	mcp-gateway/main.go:243	Received ticker signal	{"reload_switch": true}
2025-10-21T18:23:33: 2025-10-21 10:23:33	info	core/server.go:389	Reloading MCP configuration
2025-10-21T18:23:33: 2025-10-21 10:23:33	info	core/server.go:319	Updating MCP configuration
2025-10-21T18:23:33: 2025-10-21 10:23:33	info	core/server.go:343	no updated MCP configurations found, skipping update
2025-10-21T18:23:33: 2025-10-21 10:23:33	info	core/server.go:405	Configuration reloaded successfully
2025-10-21T18:33:33: 2025-10-21 10:33:33	info	mcp-gateway/main.go:243	Received ticker signal	{"reload_switch": true}
2025-10-21T18:33:33: 2025-10-21 10:33:33	info	core/server.go:389	Reloading MCP configuration
2025-10-21T18:33:33: 2025-10-21 10:33:33	info	core/server.go:319	Updating MCP configuration
2025-10-21T18:33:33: 2025-10-21 10:33:33	info	core/server.go:343	no updated MCP configurations found, skipping update
2025-10-21T18:33:33: 2025-10-21 10:33:33	info	core/server.go:405	Configuration reloaded successfully
2025-10-21T18:43:33: 2025-10-21 10:43:33	info	mcp-gateway/main.go:243	Received ticker signal	{"reload_switch": true}
2025-10-21T18:43:33: 2025-10-21 10:43:33	info	core/server.go:389	Reloading MCP configuration
2025-10-21T18:43:33: 2025-10-21 10:43:33	info	core/server.go:319	Updating MCP configuration
2025-10-21T18:43:33: 2025-10-21 10:43:33	info	core/server.go:343	no updated MCP configurations found, skipping update
2025-10-21T18:43:33: 2025-10-21 10:43:33	info	core/server.go:405	Configuration reloaded successfully
2025-10-21T18:53:33: 2025-10-21 10:53:33	info	mcp-gateway/main.go:243	Received ticker signal	{"reload_switch": true}
2025-10-21T18:53:33: 2025-10-21 10:53:33	info	core/server.go:389	Reloading MCP configuration
2025-10-21T18:53:33: 2025-10-21 10:53:33	info	core/server.go:319	Updating MCP configuration
2025-10-21T18:53:33: 2025-10-21 10:53:33	info	core/server.go:343	no updated MCP configurations found, skipping update
2025-10-21T18:53:33: 2025-10-21 10:53:33	info	core/server.go:405	Configuration reloaded successfully
2025-10-21T19:03:33: 2025-10-21 11:03:33	info	mcp-gateway/main.go:243	Received ticker signal	{"reload_switch": true}
2025-10-21T19:03:33: 2025-10-21 11:03:33	info	core/server.go:389	Reloading MCP configuration
2025-10-21T19:03:33: 2025-10-21 11:03:33	info	core/server.go:319	Updating MCP configuration
2025-10-21T19:03:33: 2025-10-21 11:03:33	info	core/server.go:343	no updated MCP configurations found, skipping update
2025-10-21T19:03:33: 2025-10-21 11:03:33	info	core/server.go:405	Configuration reloaded successfully
2025-10-21T19:13:33: 2025-10-21 11:13:33	info	mcp-gateway/main.go:243	Received ticker signal	{"reload_switch": true}
2025-10-21T19:13:33: 2025-10-21 11:13:33	info	core/server.go:389	Reloading MCP configuration
2025-10-21T19:13:33: 2025-10-21 11:13:33	info	core/server.go:319	Updating MCP configuration
2025-10-21T19:13:33: 2025-10-21 11:13:33	info	core/server.go:343	no updated MCP configurations found, skipping update
2025-10-21T19:13:33: 2025-10-21 11:13:33	info	core/server.go:405	Configuration reloaded successfully
2025-10-21T19:23:33: 2025-10-21 11:23:33	info	mcp-gateway/main.go:243	Received ticker signal	{"reload_switch": true}
2025-10-21T19:23:33: 2025-10-21 11:23:33	info	core/server.go:389	Reloading MCP configuration
2025-10-21T19:23:33: 2025-10-21 11:23:33	info	core/server.go:319	Updating MCP configuration
2025-10-21T19:23:33: 2025-10-21 11:23:33	info	core/server.go:343	no updated MCP configurations found, skipping update
2025-10-21T19:23:33: 2025-10-21 11:23:33	info	core/server.go:405	Configuration reloaded successfully
2025-10-21T19:33:33: 2025-10-21 11:33:33	info	mcp-gateway/main.go:243	Received ticker signal	{"reload_switch": true}
2025-10-21T19:33:33: 2025-10-21 11:33:33	info	core/server.go:389	Reloading MCP configuration
2025-10-21T19:33:33: 2025-10-21 11:33:33	info	core/server.go:319	Updating MCP configuration
2025-10-21T19:33:33: 2025-10-21 11:33:33	info	core/server.go:343	no updated MCP configurations found, skipping update
2025-10-21T19:33:33: 2025-10-21 11:33:33	info	core/server.go:405	Configuration reloaded successfully
2025-10-21T19:43:33: 2025-10-21 11:43:33	info	mcp-gateway/main.go:243	Received ticker signal	{"reload_switch": true}
2025-10-21T19:43:33: 2025-10-21 11:43:33	info	core/server.go:389	Reloading MCP configuration
2025-10-21T19:43:33: 2025-10-21 11:43:33	info	core/server.go:319	Updating MCP configuration
2025-10-21T19:43:33: 2025-10-21 11:43:33	info	core/server.go:343	no updated MCP configurations found, skipping update
2025-10-21T19:43:33: 2025-10-21 11:43:33	info	core/server.go:405	Configuration reloaded successfully
2025-10-21T19:53:33: 2025-10-21 11:53:33	info	mcp-gateway/main.go:243	Received ticker signal	{"reload_switch": true}
2025-10-21T19:53:33: 2025-10-21 11:53:33	info	core/server.go:389	Reloading MCP configuration
2025-10-21T19:53:33: 2025-10-21 11:53:33	info	core/server.go:319	Updating MCP configuration
2025-10-21T19:53:33: 2025-10-21 11:53:33	info	core/server.go:343	no updated MCP configurations found, skipping update
2025-10-21T19:53:33: 2025-10-21 11:53:33	info	core/server.go:405	Configuration reloaded successfully
2025-10-21T20:03:33: 2025-10-21 12:03:33	info	mcp-gateway/main.go:243	Received ticker signal	{"reload_switch": true}
2025-10-21T20:03:33: 2025-10-21 12:03:33	info	core/server.go:389	Reloading MCP configuration
2025-10-21T20:03:33: 2025-10-21 12:03:33	info	core/server.go:319	Updating MCP configuration
2025-10-21T20:03:33: 2025-10-21 12:03:33	info	core/server.go:343	no updated MCP configurations found, skipping update
2025-10-21T20:03:33: 2025-10-21 12:03:33	info	core/server.go:405	Configuration reloaded successfully
2025-10-21T20:13:33: 2025-10-21 12:13:33	info	mcp-gateway/main.go:243	Received ticker signal	{"reload_switch": true}
2025-10-21T20:13:33: 2025-10-21 12:13:33	info	core/server.go:389	Reloading MCP configuration
2025-10-21T20:13:33: 2025-10-21 12:13:33	info	core/server.go:319	Updating MCP configuration
2025-10-21T20:13:33: 2025-10-21 12:13:33	info	core/server.go:343	no updated MCP configurations found, skipping update
2025-10-21T20:13:33: 2025-10-21 12:13:33	info	core/server.go:405	Configuration reloaded successfully
2025-10-21T20:23:33: 2025-10-21 12:23:33	info	mcp-gateway/main.go:243	Received ticker signal	{"reload_switch": true}
2025-10-21T20:23:33: 2025-10-21 12:23:33	info	core/server.go:389	Reloading MCP configuration
2025-10-21T20:23:33: 2025-10-21 12:23:33	info	core/server.go:319	Updating MCP configuration
2025-10-21T20:23:33: 2025-10-21 12:23:33	info	core/server.go:343	no updated MCP configurations found, skipping update
2025-10-21T20:23:33: 2025-10-21 12:23:33	info	core/server.go:405	Configuration reloaded successfully
2025-10-21T20:33:33: 2025-10-21 12:33:33	info	mcp-gateway/main.go:243	Received ticker signal	{"reload_switch": true}
2025-10-21T20:33:33: 2025-10-21 12:33:33	info	core/server.go:389	Reloading MCP configuration
2025-10-21T20:33:33: 2025-10-21 12:33:33	info	core/server.go:319	Updating MCP configuration
2025-10-21T20:33:33: 2025-10-21 12:33:33	info	core/server.go:343	no updated MCP configurations found, skipping update
2025-10-21T20:33:33: 2025-10-21 12:33:33	info	core/server.go:405	Configuration reloaded successfully
2025-10-21T20:43:33: 2025-10-21 12:43:33	info	mcp-gateway/main.go:243	Received ticker signal	{"reload_switch": true}
2025-10-21T20:43:33: 2025-10-21 12:43:33	info	core/server.go:389	Reloading MCP configuration
2025-10-21T20:43:33: 2025-10-21 12:43:33	info	core/server.go:319	Updating MCP configuration
2025-10-21T20:43:33: 2025-10-21 12:43:33	info	core/server.go:343	no updated MCP configurations found, skipping update
2025-10-21T20:43:33: 2025-10-21 12:43:33	info	core/server.go:405	Configuration reloaded successfully
2025-10-21T20:53:33: 2025-10-21 12:53:33	info	mcp-gateway/main.go:243	Received ticker signal	{"reload_switch": true}
2025-10-21T20:53:33: 2025-10-21 12:53:33	info	core/server.go:389	Reloading MCP configuration
2025-10-21T20:53:33: 2025-10-21 12:53:33	info	core/server.go:319	Updating MCP configuration
2025-10-21T20:53:33: 2025-10-21 12:53:33	info	core/server.go:343	no updated MCP configurations found, skipping update
2025-10-21T20:53:33: 2025-10-21 12:53:33	info	core/server.go:405	Configuration reloaded successfully
2025-10-21T21:03:33: 2025-10-21 13:03:33	info	mcp-gateway/main.go:243	Received ticker signal	{"reload_switch": true}
2025-10-21T21:03:33: 2025-10-21 13:03:33	info	core/server.go:389	Reloading MCP configuration
2025-10-21T21:03:33: 2025-10-21 13:03:33	info	core/server.go:319	Updating MCP configuration
2025-10-21T21:03:33: 2025-10-21 13:03:33	info	core/server.go:343	no updated MCP configurations found, skipping update
2025-10-21T21:03:33: 2025-10-21 13:03:33	info	core/server.go:405	Configuration reloaded successfully
2025-10-21T21:13:33: 2025-10-21 13:13:33	info	mcp-gateway/main.go:243	Received ticker signal	{"reload_switch": true}
2025-10-21T21:13:33: 2025-10-21 13:13:33	info	core/server.go:389	Reloading MCP configuration
2025-10-21T21:13:33: 2025-10-21 13:13:33	info	core/server.go:319	Updating MCP configuration
2025-10-21T21:13:33: 2025-10-21 13:13:33	info	core/server.go:343	no updated MCP configurations found, skipping update
2025-10-21T21:13:33: 2025-10-21 13:13:33	info	core/server.go:405	Configuration reloaded successfully
2025-10-21T21:23:33: 2025-10-21 13:23:33	info	mcp-gateway/main.go:243	Received ticker signal	{"reload_switch": true}
2025-10-21T21:23:33: 2025-10-21 13:23:33	info	core/server.go:389	Reloading MCP configuration
2025-10-21T21:23:33: 2025-10-21 13:23:33	info	core/server.go:319	Updating MCP configuration
2025-10-21T21:23:33: 2025-10-21 13:23:33	info	core/server.go:343	no updated MCP configurations found, skipping update
2025-10-21T21:23:33: 2025-10-21 13:23:33	info	core/server.go:405	Configuration reloaded successfully
2025-10-21T21:33:33: 2025-10-21 13:33:33	info	mcp-gateway/main.go:243	Received ticker signal	{"reload_switch": true}
2025-10-21T21:33:33: 2025-10-21 13:33:33	info	core/server.go:389	Reloading MCP configuration
2025-10-21T21:33:33: 2025-10-21 13:33:33	info	core/server.go:319	Updating MCP configuration
2025-10-21T21:33:33: 2025-10-21 13:33:33	info	core/server.go:343	no updated MCP configurations found, skipping update
2025-10-21T21:33:33: 2025-10-21 13:33:33	info	core/server.go:405	Configuration reloaded successfully
2025-10-21T21:43:33: 2025-10-21 13:43:33	info	mcp-gateway/main.go:243	Received ticker signal	{"reload_switch": true}
2025-10-21T21:43:33: 2025-10-21 13:43:33	info	core/server.go:389	Reloading MCP configuration
2025-10-21T21:43:33: 2025-10-21 13:43:33	info	core/server.go:319	Updating MCP configuration
2025-10-21T21:43:33: 2025-10-21 13:43:33	info	core/server.go:343	no updated MCP configurations found, skipping update
2025-10-21T21:43:33: 2025-10-21 13:43:33	info	core/server.go:405	Configuration reloaded successfully
2025-10-21T21:53:33: 2025-10-21 13:53:33	info	mcp-gateway/main.go:243	Received ticker signal	{"reload_switch": true}
2025-10-21T21:53:33: 2025-10-21 13:53:33	info	core/server.go:389	Reloading MCP configuration
2025-10-21T21:53:33: 2025-10-21 13:53:33	info	core/server.go:319	Updating MCP configuration
2025-10-21T21:53:33: 2025-10-21 13:53:33	info	core/server.go:343	no updated MCP configurations found, skipping update
2025-10-21T21:53:33: 2025-10-21 13:53:33	info	core/server.go:405	Configuration reloaded successfully
2025-10-21T22:03:33: 2025-10-21 14:03:33	info	mcp-gateway/main.go:243	Received ticker signal	{"reload_switch": true}
2025-10-21T22:03:33: 2025-10-21 14:03:33	info	core/server.go:389	Reloading MCP configuration
2025-10-21T22:03:33: 2025-10-21 14:03:33	info	core/server.go:319	Updating MCP configuration
2025-10-21T22:03:33: 2025-10-21 14:03:33	info	core/server.go:343	no updated MCP configurations found, skipping update
2025-10-21T22:03:33: 2025-10-21 14:03:33	info	core/server.go:405	Configuration reloaded successfully
2025-10-21T22:13:33: 2025-10-21 14:13:33	info	mcp-gateway/main.go:243	Received ticker signal	{"reload_switch": true}
2025-10-21T22:13:33: 2025-10-21 14:13:33	info	core/server.go:389	Reloading MCP configuration
2025-10-21T22:13:33: 2025-10-21 14:13:33	info	core/server.go:319	Updating MCP configuration
2025-10-21T22:13:33: 2025-10-21 14:13:33	info	core/server.go:343	no updated MCP configurations found, skipping update
2025-10-21T22:13:33: 2025-10-21 14:13:33	info	core/server.go:405	Configuration reloaded successfully
2025-10-21T22:23:33: 2025-10-21 14:23:33	info	mcp-gateway/main.go:243	Received ticker signal	{"reload_switch": true}
2025-10-21T22:23:33: 2025-10-21 14:23:33	info	core/server.go:389	Reloading MCP configuration
2025-10-21T22:23:33: 2025-10-21 14:23:33	info	core/server.go:319	Updating MCP configuration
2025-10-21T22:23:33: 2025-10-21 14:23:33	info	core/server.go:343	no updated MCP configurations found, skipping update
2025-10-21T22:23:33: 2025-10-21 14:23:33	info	core/server.go:405	Configuration reloaded successfully
2025-10-21T22:33:33: 2025-10-21 14:33:33	info	mcp-gateway/main.go:243	Received ticker signal	{"reload_switch": true}
2025-10-21T22:33:33: 2025-10-21 14:33:33	info	core/server.go:389	Reloading MCP configuration
2025-10-21T22:33:33: 2025-10-21 14:33:33	info	core/server.go:319	Updating MCP configuration
2025-10-21T22:33:33: 2025-10-21 14:33:33	info	core/server.go:343	no updated MCP configurations found, skipping update
2025-10-21T22:33:33: 2025-10-21 14:33:33	info	core/server.go:405	Configuration reloaded successfully
2025-10-21T22:43:33: 2025-10-21 14:43:33	info	mcp-gateway/main.go:243	Received ticker signal	{"reload_switch": true}
2025-10-21T22:43:33: 2025-10-21 14:43:33	info	core/server.go:389	Reloading MCP configuration
2025-10-21T22:43:33: 2025-10-21 14:43:33	info	core/server.go:319	Updating MCP configuration
2025-10-21T22:43:33: 2025-10-21 14:43:33	info	core/server.go:343	no updated MCP configurations found, skipping update
2025-10-21T22:43:33: 2025-10-21 14:43:33	info	core/server.go:405	Configuration reloaded successfully
2025-10-21T22:53:33: 2025-10-21 14:53:33	info	mcp-gateway/main.go:243	Received ticker signal	{"reload_switch": true}
2025-10-21T22:53:33: 2025-10-21 14:53:33	info	core/server.go:389	Reloading MCP configuration
2025-10-21T22:53:33: 2025-10-21 14:53:33	info	core/server.go:319	Updating MCP configuration
2025-10-21T22:53:33: 2025-10-21 14:53:33	info	core/server.go:343	no updated MCP configurations found, skipping update
2025-10-21T22:53:33: 2025-10-21 14:53:33	info	core/server.go:405	Configuration reloaded successfully
2025-10-21T23:03:33: 2025-10-21 15:03:33	info	mcp-gateway/main.go:243	Received ticker signal	{"reload_switch": true}
2025-10-21T23:03:33: 2025-10-21 15:03:33	info	core/server.go:389	Reloading MCP configuration
2025-10-21T23:03:33: 2025-10-21 15:03:33	info	core/server.go:319	Updating MCP configuration
2025-10-21T23:03:33: 2025-10-21 15:03:33	info	core/server.go:343	no updated MCP configurations found, skipping update
2025-10-21T23:03:33: 2025-10-21 15:03:33	info	core/server.go:405	Configuration reloaded successfully
2025-10-21T23:13:34: 2025-10-21 15:13:34	info	mcp-gateway/main.go:243	Received ticker signal	{"reload_switch": true}
2025-10-21T23:13:34: 2025-10-21 15:13:34	info	core/server.go:389	Reloading MCP configuration
2025-10-21T23:13:34: 2025-10-21 15:13:34	info	core/server.go:319	Updating MCP configuration
2025-10-21T23:13:34: 2025-10-21 15:13:34	info	core/server.go:343	no updated MCP configurations found, skipping update
2025-10-21T23:13:34: 2025-10-21 15:13:34	info	core/server.go:405	Configuration reloaded successfully
2025-10-21T23:23:34: 2025-10-21 15:23:34	info	mcp-gateway/main.go:243	Received ticker signal	{"reload_switch": true}
2025-10-21T23:23:34: 2025-10-21 15:23:34	info	core/server.go:389	Reloading MCP configuration
2025-10-21T23:23:34: 2025-10-21 15:23:34	info	core/server.go:319	Updating MCP configuration
2025-10-21T23:23:34: 2025-10-21 15:23:34	info	core/server.go:343	no updated MCP configurations found, skipping update
2025-10-21T23:23:34: 2025-10-21 15:23:34	info	core/server.go:405	Configuration reloaded successfully
2025-10-21T23:33:34: 2025-10-21 15:33:34	info	mcp-gateway/main.go:243	Received ticker signal	{"reload_switch": true}
2025-10-21T23:33:34: 2025-10-21 15:33:34	info	core/server.go:389	Reloading MCP configuration
2025-10-21T23:33:34: 2025-10-21 15:33:34	info	core/server.go:319	Updating MCP configuration
2025-10-21T23:33:34: 2025-10-21 15:33:34	info	core/server.go:343	no updated MCP configurations found, skipping update
2025-10-21T23:33:34: 2025-10-21 15:33:34	info	core/server.go:405	Configuration reloaded successfully
2025-10-21T23:43:34: 2025-10-21 15:43:34	info	mcp-gateway/main.go:243	Received ticker signal	{"reload_switch": true}
2025-10-21T23:43:34: 2025-10-21 15:43:34	info	core/server.go:389	Reloading MCP configuration
2025-10-21T23:43:34: 2025-10-21 15:43:34	info	core/server.go:319	Updating MCP configuration
2025-10-21T23:43:34: 2025-10-21 15:43:34	info	core/server.go:343	no updated MCP configurations found, skipping update
2025-10-21T23:43:34: 2025-10-21 15:43:34	info	core/server.go:405	Configuration reloaded successfully
2025-10-21T23:53:34: 2025-10-21 15:53:34	info	mcp-gateway/main.go:243	Received ticker signal	{"reload_switch": true}
2025-10-21T23:53:34: 2025-10-21 15:53:34	info	core/server.go:389	Reloading MCP configuration
2025-10-21T23:53:34: 2025-10-21 15:53:34	info	core/server.go:319	Updating MCP configuration
2025-10-21T23:53:34: 2025-10-21 15:53:34	info	core/server.go:343	no updated MCP configurations found, skipping update
2025-10-21T23:53:34: 2025-10-21 15:53:34	info	core/server.go:405	Configuration reloaded successfully
2025-10-22T00:03:34: 2025-10-21 16:03:34	info	mcp-gateway/main.go:243	Received ticker signal	{"reload_switch": true}
2025-10-22T00:03:34: 2025-10-21 16:03:34	info	core/server.go:389	Reloading MCP configuration
2025-10-22T00:03:34: 2025-10-21 16:03:34	info	core/server.go:319	Updating MCP configuration
2025-10-22T00:03:34: 2025-10-21 16:03:34	info	core/server.go:343	no updated MCP configurations found, skipping update
2025-10-22T00:03:34: 2025-10-21 16:03:34	info	core/server.go:405	Configuration reloaded successfully
2025-10-22T00:13:34: 2025-10-21 16:13:34	info	mcp-gateway/main.go:243	Received ticker signal	{"reload_switch": true}
2025-10-22T00:13:34: 2025-10-21 16:13:34	info	core/server.go:389	Reloading MCP configuration
2025-10-22T00:13:34: 2025-10-21 16:13:34	info	core/server.go:319	Updating MCP configuration
2025-10-22T00:13:34: 2025-10-21 16:13:34	info	core/server.go:343	no updated MCP configurations found, skipping update
2025-10-22T00:13:34: 2025-10-21 16:13:34	info	core/server.go:405	Configuration reloaded successfully
2025-10-22T00:23:34: 2025-10-21 16:23:34	info	mcp-gateway/main.go:243	Received ticker signal	{"reload_switch": true}
2025-10-22T00:23:34: 2025-10-21 16:23:34	info	core/server.go:389	Reloading MCP configuration
2025-10-22T00:23:34: 2025-10-21 16:23:34	info	core/server.go:319	Updating MCP configuration
2025-10-22T00:23:34: 2025-10-21 16:23:34	info	core/server.go:343	no updated MCP configurations found, skipping update
2025-10-22T00:23:34: 2025-10-21 16:23:34	info	core/server.go:405	Configuration reloaded successfully
2025-10-22T00:33:34: 2025-10-21 16:33:34	info	mcp-gateway/main.go:243	Received ticker signal	{"reload_switch": true}
2025-10-22T00:33:34: 2025-10-21 16:33:34	info	core/server.go:389	Reloading MCP configuration
2025-10-22T00:33:34: 2025-10-21 16:33:34	info	core/server.go:319	Updating MCP configuration
2025-10-22T00:33:34: 2025-10-21 16:33:34	info	core/server.go:343	no updated MCP configurations found, skipping update
2025-10-22T00:33:34: 2025-10-21 16:33:34	info	core/server.go:405	Configuration reloaded successfully
2025-10-22T00:43:34: 2025-10-21 16:43:34	info	mcp-gateway/main.go:243	Received ticker signal	{"reload_switch": true}
2025-10-22T00:43:34: 2025-10-21 16:43:34	info	core/server.go:389	Reloading MCP configuration
2025-10-22T00:43:34: 2025-10-21 16:43:34	info	core/server.go:319	Updating MCP configuration
2025-10-22T00:43:34: 2025-10-21 16:43:34	info	core/server.go:343	no updated MCP configurations found, skipping update
2025-10-22T00:43:34: 2025-10-21 16:43:34	info	core/server.go:405	Configuration reloaded successfully
2025-10-22T00:53:34: 2025-10-21 16:53:34	info	mcp-gateway/main.go:243	Received ticker signal	{"reload_switch": true}
2025-10-22T00:53:34: 2025-10-21 16:53:34	info	core/server.go:389	Reloading MCP configuration
2025-10-22T00:53:34: 2025-10-21 16:53:34	info	core/server.go:319	Updating MCP configuration
2025-10-22T00:53:34: 2025-10-21 16:53:34	info	core/server.go:343	no updated MCP configurations found, skipping update
2025-10-22T00:53:34: 2025-10-21 16:53:34	info	core/server.go:405	Configuration reloaded successfully
2025-10-22T01:03:34: 2025-10-21 17:03:34	info	mcp-gateway/main.go:243	Received ticker signal	{"reload_switch": true}
2025-10-22T01:03:34: 2025-10-21 17:03:34	info	core/server.go:389	Reloading MCP configuration
2025-10-22T01:03:34: 2025-10-21 17:03:34	info	core/server.go:319	Updating MCP configuration
2025-10-22T01:03:34: 2025-10-21 17:03:34	info	core/server.go:343	no updated MCP configurations found, skipping update
2025-10-22T01:03:34: 2025-10-21 17:03:34	info	core/server.go:405	Configuration reloaded successfully
2025-10-22T09:04:15: 2025-10-22 01:04:15	info	mcp-gateway/main.go:243	Received ticker signal	{"reload_switch": true}
2025-10-22T09:04:15: 2025-10-22 01:04:15	info	core/server.go:389	Reloading MCP configuration
2025-10-22T09:04:15: 2025-10-22 01:04:15	info	core/server.go:319	Updating MCP configuration
2025-10-22T09:04:15: 2025-10-22 01:04:15	info	core/server.go:343	no updated MCP configurations found, skipping update
2025-10-22T09:04:15: 2025-10-22 01:04:15	info	core/server.go:405	Configuration reloaded successfully
2025-10-22T09:14:15: 2025-10-22 01:14:15	info	mcp-gateway/main.go:243	Received ticker signal	{"reload_switch": true}
2025-10-22T09:14:15: 2025-10-22 01:14:15	info	core/server.go:389	Reloading MCP configuration
2025-10-22T09:14:15: 2025-10-22 01:14:15	info	core/server.go:319	Updating MCP configuration
2025-10-22T09:14:15: 2025-10-22 01:14:15	info	core/server.go:343	no updated MCP configurations found, skipping update
2025-10-22T09:14:15: 2025-10-22 01:14:15	info	core/server.go:405	Configuration reloaded successfully
2025-10-22T09:24:15: 2025-10-22 01:24:15	info	mcp-gateway/main.go:243	Received ticker signal	{"reload_switch": true}
2025-10-22T09:24:15: 2025-10-22 01:24:15	info	core/server.go:389	Reloading MCP configuration
2025-10-22T09:24:15: 2025-10-22 01:24:15	info	core/server.go:319	Updating MCP configuration
2025-10-22T09:24:15: 2025-10-22 01:24:15	info	core/server.go:343	no updated MCP configurations found, skipping update
2025-10-22T09:24:15: 2025-10-22 01:24:15	info	core/server.go:405	Configuration reloaded successfully
2025-10-22T09:34:15: 2025-10-22 01:34:15	info	mcp-gateway/main.go:243	Received ticker signal	{"reload_switch": true}
2025-10-22T09:34:15: 2025-10-22 01:34:15	info	core/server.go:389	Reloading MCP configuration
2025-10-22T09:34:15: 2025-10-22 01:34:15	info	core/server.go:319	Updating MCP configuration
2025-10-22T09:34:15: 2025-10-22 01:34:15	info	core/server.go:343	no updated MCP configurations found, skipping update
2025-10-22T09:34:15: 2025-10-22 01:34:15	info	core/server.go:405	Configuration reloaded successfully
2025-10-22T09:44:15: 2025-10-22 01:44:15	info	mcp-gateway/main.go:243	Received ticker signal	{"reload_switch": true}
2025-10-22T09:44:15: 2025-10-22 01:44:15	info	core/server.go:389	Reloading MCP configuration
2025-10-22T09:44:15: 2025-10-22 01:44:15	info	core/server.go:319	Updating MCP configuration
2025-10-22T09:44:15: 2025-10-22 01:44:15	info	core/server.go:343	no updated MCP configurations found, skipping update
2025-10-22T09:44:15: 2025-10-22 01:44:15	info	core/server.go:405	Configuration reloaded successfully
2025-10-22T09:54:15: 2025-10-22 01:54:15	info	mcp-gateway/main.go:243	Received ticker signal	{"reload_switch": true}
2025-10-22T09:54:15: 2025-10-22 01:54:15	info	core/server.go:389	Reloading MCP configuration
2025-10-22T09:54:15: 2025-10-22 01:54:15	info	core/server.go:319	Updating MCP configuration
2025-10-22T09:54:15: 2025-10-22 01:54:15	info	core/server.go:343	no updated MCP configurations found, skipping update
2025-10-22T09:54:15: 2025-10-22 01:54:15	info	core/server.go:405	Configuration reloaded successfully
2025-10-22T10:04:15: 2025-10-22 02:04:15	info	mcp-gateway/main.go:243	Received ticker signal	{"reload_switch": true}
2025-10-22T10:04:15: 2025-10-22 02:04:15	info	core/server.go:389	Reloading MCP configuration
2025-10-22T10:04:15: 2025-10-22 02:04:15	info	core/server.go:319	Updating MCP configuration
2025-10-22T10:04:15: 2025-10-22 02:04:15	info	core/server.go:343	no updated MCP configurations found, skipping update
2025-10-22T10:04:15: 2025-10-22 02:04:15	info	core/server.go:405	Configuration reloaded successfully
2025-10-22T10:14:15: 2025-10-22 02:14:15	info	mcp-gateway/main.go:243	Received ticker signal	{"reload_switch": true}
2025-10-22T10:14:15: 2025-10-22 02:14:15	info	core/server.go:389	Reloading MCP configuration
2025-10-22T10:14:15: 2025-10-22 02:14:15	info	core/server.go:319	Updating MCP configuration
2025-10-22T10:14:15: 2025-10-22 02:14:15	info	core/server.go:343	no updated MCP configurations found, skipping update
2025-10-22T10:14:15: 2025-10-22 02:14:15	info	core/server.go:405	Configuration reloaded successfully
2025-10-22T10:24:15: 2025-10-22 02:24:15	info	mcp-gateway/main.go:243	Received ticker signal	{"reload_switch": true}
2025-10-22T10:24:15: 2025-10-22 02:24:15	info	core/server.go:389	Reloading MCP configuration
2025-10-22T10:24:15: 2025-10-22 02:24:15	info	core/server.go:319	Updating MCP configuration
2025-10-22T10:24:15: 2025-10-22 02:24:15	info	core/server.go:343	no updated MCP configurations found, skipping update
2025-10-22T10:24:15: 2025-10-22 02:24:15	info	core/server.go:405	Configuration reloaded successfully
2025-10-22T10:34:15: 2025-10-22 02:34:15	info	mcp-gateway/main.go:243	Received ticker signal	{"reload_switch": true}
2025-10-22T10:34:15: 2025-10-22 02:34:15	info	core/server.go:389	Reloading MCP configuration
2025-10-22T10:34:15: 2025-10-22 02:34:15	info	core/server.go:319	Updating MCP configuration
2025-10-22T10:34:15: 2025-10-22 02:34:15	info	core/server.go:343	no updated MCP configurations found, skipping update
2025-10-22T10:34:15: 2025-10-22 02:34:15	info	core/server.go:405	Configuration reloaded successfully
2025-10-22T10:36:29: 2025-10-22 02:36:29	info	mcp-gateway/main.go:218	Received shutdown signal, starting graceful shutdown
2025-10-22T10:36:29: 2025-10-22 02:36:29	info	core/server.go:290	shutting down server
2025-10-22T10:36:29: 2025-10-22 02:36:29	info	mcp-gateway/main.go:229	MCP server shutdown completed successfully
2025-10-22T10:36:29: 2025-10-22 02:36:29	info	notifier.signal	notifier/signal.go:61	Signal handler stopped
2025-10-22T10:36:29: 2025-10-22 02:36:29	info	mcp-gateway/main.go:143	Loaded configuration	{"path": "/Users/wxn/Desktop/NextAgentLite/services/configs/unla-configs/mcp-gateway.yaml"}
2025-10-22T10:36:29: 2025-10-22 02:36:29	info	mcp-gateway/main.go:159	Starting mcp-gateway	{"version": "v0.8.6"}
2025-10-22T10:36:29: 2025-10-22 02:36:29	info	storage/factory.go:13	Initializing storage	{"type": "db"}
2025-10-22T10:36:30: 2025-10-22 02:36:30	info	session/factory.go:23	Initializing session store	{"type": "memory"}
2025-10-22T10:36:30: 2025-10-22 02:36:30	info	storage/factory.go:13	Initializing auth storage	{"type": "memory"}
2025-10-22T10:36:30: [GIN-debug] [WARNING] Creating an Engine instance with the Logger and Recovery middleware already attached.
2025-10-22T10:36:30: 
2025-10-22T10:36:30: [GIN-debug] [WARNING] Running in "debug" mode. Switch to "release" mode in production.
2025-10-22T10:36:30:  - using env:	export GIN_MODE=release
2025-10-22T10:36:30:  - using code:	gin.SetMode(gin.ReleaseMode)
2025-10-22T10:36:30: 
2025-10-22T10:36:30: [GIN-debug] Loaded HTML Templates (2): 
2025-10-22T10:36:30: 	- 
2025-10-22T10:36:30: 	- authorize.html
2025-10-22T10:36:30: 
2025-10-22T10:36:30: [GIN-debug] GET    /static/*filepath         --> github.com/gin-gonic/gin.(*RouterGroup).createStaticHandler.func1 (3 handlers)
2025-10-22T10:36:30: [GIN-debug] HEAD   /static/*filepath         --> github.com/gin-gonic/gin.(*RouterGroup).createStaticHandler.func1 (3 handlers)
2025-10-22T10:36:30: [GIN-debug] GET    /health_check             --> github.com/amoylab/unla/internal/core.(*Server).RegisterRoutes.func1 (5 handlers)
2025-10-22T10:36:30: [GIN-debug] OPTIONS /*path                    --> github.com/amoylab/unla/internal/core.(*Server).RegisterRoutes.(*Server).corsMiddleware.func2 (5 handlers)
2025-10-22T10:36:30: [GIN-debug] GET    /.well-known/oauth-authorization-server --> github.com/amoylab/unla/internal/core.(*Server).handleOAuthServerMetadata-fm (6 handlers)
2025-10-22T10:36:30: [GIN-debug] GET    /authorize                --> github.com/amoylab/unla/internal/core.(*Server).handleOAuthAuthorize-fm (6 handlers)
2025-10-22T10:36:30: [GIN-debug] POST   /authorize                --> github.com/amoylab/unla/internal/core.(*Server).handleOAuthAuthorize-fm (6 handlers)
2025-10-22T10:36:30: [GIN-debug] POST   /token                    --> github.com/amoylab/unla/internal/core.(*Server).handleOAuthToken-fm (6 handlers)
2025-10-22T10:36:30: [GIN-debug] POST   /register                 --> github.com/amoylab/unla/internal/core.(*Server).handleOAuthRegister-fm (6 handlers)
2025-10-22T10:36:30: [GIN-debug] POST   /revoke                   --> github.com/amoylab/unla/internal/core.(*Server).handleOAuthRevoke-fm (6 handlers)
2025-10-22T10:36:30: 2025-10-22 02:36:30	info	core/server.go:319	Updating MCP configuration
2025-10-22T10:36:30: 2025-10-22 02:36:30	info	core/server.go:333	loading all MCP configurations	{"count": 3}
2025-10-22T10:36:30: 2025-10-22 02:36:30	info	core/server.go:371	initializing server state
2025-10-22T10:36:30: 2025-10-22 02:36:30	warn	state/state.go:144	failed to find prefix for mcp server	{"server": "playwright"}
2025-10-22T10:36:30: 2025-10-22 02:36:30	info	state/state.go:81	registered router	{"tenant": "default", "prefix": "/gateway/ntcx", "server": "server-test"}
2025-10-22T10:36:30: 2025-10-22 02:36:30	warn	state/state.go:144	failed to find prefix for mcp server	{"server": "vchart-mcp-server"}
2025-10-22T10:36:30: 2025-10-22 02:36:30	info	core/server.go:379	server configuration loaded	{"server_count": 1, "tool_count": 1, "router_count": 1}
2025-10-22T10:36:30: [GIN-debug] [WARNING] You trusted all proxies, this is NOT safe. We recommend you to set a value.
2025-10-22T10:36:30: Please check https://pkg.go.dev/github.com/gin-gonic/gin#readme-don-t-trust-all-proxies for details.
2025-10-22T10:36:30: [GIN-debug] Listening and serving HTTP on :5235
2025-10-22T10:46:30: 2025-10-22 02:46:30	info	mcp-gateway/main.go:243	Received ticker signal	{"reload_switch": true}
2025-10-22T10:46:30: 2025-10-22 02:46:30	info	core/server.go:389	Reloading MCP configuration
2025-10-22T10:46:30: 2025-10-22 02:46:30	info	core/server.go:319	Updating MCP configuration
2025-10-22T10:46:30: 2025-10-22 02:46:30	info	core/server.go:343	no updated MCP configurations found, skipping update
2025-10-22T10:46:30: 2025-10-22 02:46:30	info	core/server.go:405	Configuration reloaded successfully
2025-10-22T10:56:30: 2025-10-22 02:56:30	info	mcp-gateway/main.go:243	Received ticker signal	{"reload_switch": true}
2025-10-22T10:56:30: 2025-10-22 02:56:30	info	core/server.go:389	Reloading MCP configuration
2025-10-22T10:56:30: 2025-10-22 02:56:30	info	core/server.go:319	Updating MCP configuration
2025-10-22T10:56:30: 2025-10-22 02:56:30	info	core/server.go:343	no updated MCP configurations found, skipping update
2025-10-22T10:56:30: 2025-10-22 02:56:30	info	core/server.go:405	Configuration reloaded successfully
2025-10-22T11:06:30: 2025-10-22 03:06:30	info	mcp-gateway/main.go:243	Received ticker signal	{"reload_switch": true}
2025-10-22T11:06:30: 2025-10-22 03:06:30	info	core/server.go:389	Reloading MCP configuration
2025-10-22T11:06:30: 2025-10-22 03:06:30	info	core/server.go:319	Updating MCP configuration
2025-10-22T11:06:30: 2025-10-22 03:06:30	info	core/server.go:343	no updated MCP configurations found, skipping update
2025-10-22T11:06:30: 2025-10-22 03:06:30	info	core/server.go:405	Configuration reloaded successfully
2025-10-22T11:16:30: 2025-10-22 03:16:30	info	mcp-gateway/main.go:243	Received ticker signal	{"reload_switch": true}
2025-10-22T11:16:30: 2025-10-22 03:16:30	info	core/server.go:389	Reloading MCP configuration
2025-10-22T11:16:30: 2025-10-22 03:16:30	info	core/server.go:319	Updating MCP configuration
2025-10-22T11:16:30: 2025-10-22 03:16:30	info	core/server.go:343	no updated MCP configurations found, skipping update
2025-10-22T11:16:30: 2025-10-22 03:16:30	info	core/server.go:405	Configuration reloaded successfully
2025-10-22T11:26:30: 2025-10-22 03:26:30	info	mcp-gateway/main.go:243	Received ticker signal	{"reload_switch": true}
2025-10-22T11:26:30: 2025-10-22 03:26:30	info	core/server.go:389	Reloading MCP configuration
2025-10-22T11:26:30: 2025-10-22 03:26:30	info	core/server.go:319	Updating MCP configuration
2025-10-22T11:26:30: 2025-10-22 03:26:30	info	core/server.go:343	no updated MCP configurations found, skipping update
2025-10-22T11:26:30: 2025-10-22 03:26:30	info	core/server.go:405	Configuration reloaded successfully
2025-10-22T11:27:59: 2025-10-22 03:27:59	info	mcp-gateway/main.go:218	Received shutdown signal, starting graceful shutdown
2025-10-22T11:27:59: 2025-10-22 03:27:59	info	core/server.go:290	shutting down server
2025-10-22T11:27:59: 2025-10-22 03:27:59	info	mcp-gateway/main.go:229	MCP server shutdown completed successfully
2025-10-22T11:27:59: 2025-10-22 03:27:59	info	notifier.signal	notifier/signal.go:61	Signal handler stopped
2025-10-22T11:27:59: 2025-10-22 03:27:59	info	mcp-gateway/main.go:143	Loaded configuration	{"path": "/Users/wxn/Desktop/NextAgentLite/services/configs/unla-configs/mcp-gateway.yaml"}
2025-10-22T11:27:59: 2025-10-22 03:27:59	info	mcp-gateway/main.go:159	Starting mcp-gateway	{"version": "v0.8.6"}
2025-10-22T11:27:59: 2025-10-22 03:27:59	info	storage/factory.go:13	Initializing storage	{"type": "db"}
2025-10-22T11:28:00: 2025-10-22 03:28:00	info	session/factory.go:23	Initializing session store	{"type": "memory"}
2025-10-22T11:28:00: 2025-10-22 03:28:00	info	storage/factory.go:13	Initializing auth storage	{"type": "memory"}
2025-10-22T11:28:00: [GIN-debug] [WARNING] Creating an Engine instance with the Logger and Recovery middleware already attached.
2025-10-22T11:28:00: 
2025-10-22T11:28:00: [GIN-debug] [WARNING] Running in "debug" mode. Switch to "release" mode in production.
2025-10-22T11:28:00:  - using env:	export GIN_MODE=release
2025-10-22T11:28:00:  - using code:	gin.SetMode(gin.ReleaseMode)
2025-10-22T11:28:00: 
2025-10-22T11:28:00: [GIN-debug] Loaded HTML Templates (2): 
2025-10-22T11:28:00: 	- 
2025-10-22T11:28:00: 	- authorize.html
2025-10-22T11:28:00: 
2025-10-22T11:28:00: [GIN-debug] GET    /static/*filepath         --> github.com/gin-gonic/gin.(*RouterGroup).createStaticHandler.func1 (3 handlers)
2025-10-22T11:28:00: [GIN-debug] HEAD   /static/*filepath         --> github.com/gin-gonic/gin.(*RouterGroup).createStaticHandler.func1 (3 handlers)
2025-10-22T11:28:00: [GIN-debug] GET    /health_check             --> github.com/amoylab/unla/internal/core.(*Server).RegisterRoutes.func1 (5 handlers)
2025-10-22T11:28:00: [GIN-debug] OPTIONS /*path                    --> github.com/amoylab/unla/internal/core.(*Server).RegisterRoutes.(*Server).corsMiddleware.func2 (5 handlers)
2025-10-22T11:28:00: [GIN-debug] GET    /.well-known/oauth-authorization-server --> github.com/amoylab/unla/internal/core.(*Server).handleOAuthServerMetadata-fm (6 handlers)
2025-10-22T11:28:00: [GIN-debug] GET    /authorize                --> github.com/amoylab/unla/internal/core.(*Server).handleOAuthAuthorize-fm (6 handlers)
2025-10-22T11:28:00: [GIN-debug] POST   /authorize                --> github.com/amoylab/unla/internal/core.(*Server).handleOAuthAuthorize-fm (6 handlers)
2025-10-22T11:28:00: [GIN-debug] POST   /token                    --> github.com/amoylab/unla/internal/core.(*Server).handleOAuthToken-fm (6 handlers)
2025-10-22T11:28:00: [GIN-debug] POST   /register                 --> github.com/amoylab/unla/internal/core.(*Server).handleOAuthRegister-fm (6 handlers)
2025-10-22T11:28:00: [GIN-debug] POST   /revoke                   --> github.com/amoylab/unla/internal/core.(*Server).handleOAuthRevoke-fm (6 handlers)
2025-10-22T11:28:00: 2025-10-22 03:28:00	info	core/server.go:319	Updating MCP configuration
2025-10-22T11:28:00: 2025-10-22 03:28:00	info	core/server.go:333	loading all MCP configurations	{"count": 3}
2025-10-22T11:28:00: 2025-10-22 03:28:00	info	core/server.go:371	initializing server state
2025-10-22T11:28:00: 2025-10-22 03:28:00	warn	state/state.go:144	failed to find prefix for mcp server	{"server": "playwright"}
2025-10-22T11:28:00: 2025-10-22 03:28:00	info	state/state.go:81	registered router	{"tenant": "default", "prefix": "/gateway/ntcx", "server": "server-test"}
2025-10-22T11:28:00: 2025-10-22 03:28:00	warn	state/state.go:144	failed to find prefix for mcp server	{"server": "vchart-mcp-server"}
2025-10-22T11:28:00: 2025-10-22 03:28:00	info	core/server.go:379	server configuration loaded	{"server_count": 1, "tool_count": 1, "router_count": 1}
2025-10-22T11:28:00: [GIN-debug] [WARNING] You trusted all proxies, this is NOT safe. We recommend you to set a value.
2025-10-22T11:28:00: Please check https://pkg.go.dev/github.com/gin-gonic/gin#readme-don-t-trust-all-proxies for details.
2025-10-22T11:28:00: [GIN-debug] Listening and serving HTTP on :5235
2025-10-22T11:38:00: 2025-10-22 03:38:00	info	mcp-gateway/main.go:243	Received ticker signal	{"reload_switch": true}
2025-10-22T11:38:00: 2025-10-22 03:38:00	info	core/server.go:389	Reloading MCP configuration
2025-10-22T11:38:00: 2025-10-22 03:38:00	info	core/server.go:319	Updating MCP configuration
2025-10-22T11:38:00: 2025-10-22 03:38:00	info	core/server.go:343	no updated MCP configurations found, skipping update
2025-10-22T11:38:00: 2025-10-22 03:38:00	info	core/server.go:405	Configuration reloaded successfully
2025-10-22T11:48:00: 2025-10-22 03:48:00	info	mcp-gateway/main.go:243	Received ticker signal	{"reload_switch": true}
2025-10-22T11:48:00: 2025-10-22 03:48:00	info	core/server.go:389	Reloading MCP configuration
2025-10-22T11:48:00: 2025-10-22 03:48:00	info	core/server.go:319	Updating MCP configuration
2025-10-22T11:48:00: 2025-10-22 03:48:00	info	core/server.go:343	no updated MCP configurations found, skipping update
2025-10-22T11:48:00: 2025-10-22 03:48:00	info	core/server.go:405	Configuration reloaded successfully
2025-10-22T11:58:00: 2025-10-22 03:58:00	info	mcp-gateway/main.go:243	Received ticker signal	{"reload_switch": true}
2025-10-22T11:58:00: 2025-10-22 03:58:00	info	core/server.go:389	Reloading MCP configuration
2025-10-22T11:58:00: 2025-10-22 03:58:00	info	core/server.go:319	Updating MCP configuration
2025-10-22T11:58:00: 2025-10-22 03:58:00	info	core/server.go:343	no updated MCP configurations found, skipping update
2025-10-22T11:58:00: 2025-10-22 03:58:00	info	core/server.go:405	Configuration reloaded successfully
2025-10-22T12:08:00: 2025-10-22 04:08:00	info	mcp-gateway/main.go:243	Received ticker signal	{"reload_switch": true}
2025-10-22T12:08:00: 2025-10-22 04:08:00	info	core/server.go:389	Reloading MCP configuration
2025-10-22T12:08:00: 2025-10-22 04:08:00	info	core/server.go:319	Updating MCP configuration
2025-10-22T12:08:00: 2025-10-22 04:08:00	info	core/server.go:343	no updated MCP configurations found, skipping update
2025-10-22T12:08:00: 2025-10-22 04:08:00	info	core/server.go:405	Configuration reloaded successfully
2025-10-22T12:18:00: 2025-10-22 04:18:00	info	mcp-gateway/main.go:243	Received ticker signal	{"reload_switch": true}
2025-10-22T12:18:00: 2025-10-22 04:18:00	info	core/server.go:389	Reloading MCP configuration
2025-10-22T12:18:00: 2025-10-22 04:18:00	info	core/server.go:319	Updating MCP configuration
2025-10-22T12:18:00: 2025-10-22 04:18:00	info	core/server.go:343	no updated MCP configurations found, skipping update
2025-10-22T12:18:00: 2025-10-22 04:18:00	info	core/server.go:405	Configuration reloaded successfully
2025-10-22T12:28:00: 2025-10-22 04:28:00	info	mcp-gateway/main.go:243	Received ticker signal	{"reload_switch": true}
2025-10-22T12:28:00: 2025-10-22 04:28:00	info	core/server.go:389	Reloading MCP configuration
2025-10-22T12:28:00: 2025-10-22 04:28:00	info	core/server.go:319	Updating MCP configuration
2025-10-22T12:28:00: 2025-10-22 04:28:00	info	core/server.go:343	no updated MCP configurations found, skipping update
2025-10-22T12:28:00: 2025-10-22 04:28:00	info	core/server.go:405	Configuration reloaded successfully
2025-10-22T12:38:00: 2025-10-22 04:38:00	info	mcp-gateway/main.go:243	Received ticker signal	{"reload_switch": true}
2025-10-22T12:38:00: 2025-10-22 04:38:00	info	core/server.go:389	Reloading MCP configuration
2025-10-22T12:38:00: 2025-10-22 04:38:00	info	core/server.go:319	Updating MCP configuration
2025-10-22T12:38:00: 2025-10-22 04:38:00	info	core/server.go:343	no updated MCP configurations found, skipping update
2025-10-22T12:38:00: 2025-10-22 04:38:00	info	core/server.go:405	Configuration reloaded successfully
2025-10-22T12:48:00: 2025-10-22 04:48:00	info	mcp-gateway/main.go:243	Received ticker signal	{"reload_switch": true}
2025-10-22T12:48:00: 2025-10-22 04:48:00	info	core/server.go:389	Reloading MCP configuration
2025-10-22T12:48:00: 2025-10-22 04:48:00	info	core/server.go:319	Updating MCP configuration
2025-10-22T12:48:00: 2025-10-22 04:48:00	info	core/server.go:343	no updated MCP configurations found, skipping update
2025-10-22T12:48:00: 2025-10-22 04:48:00	info	core/server.go:405	Configuration reloaded successfully
2025-10-22T12:58:00: 2025-10-22 04:58:00	info	mcp-gateway/main.go:243	Received ticker signal	{"reload_switch": true}
2025-10-22T12:58:00: 2025-10-22 04:58:00	info	core/server.go:389	Reloading MCP configuration
2025-10-22T12:58:00: 2025-10-22 04:58:00	info	core/server.go:319	Updating MCP configuration
2025-10-22T12:58:00: 2025-10-22 04:58:00	info	core/server.go:343	no updated MCP configurations found, skipping update
2025-10-22T12:58:00: 2025-10-22 04:58:00	info	core/server.go:405	Configuration reloaded successfully
2025-10-22T13:08:00: 2025-10-22 05:08:00	info	mcp-gateway/main.go:243	Received ticker signal	{"reload_switch": true}
2025-10-22T13:08:00: 2025-10-22 05:08:00	info	core/server.go:389	Reloading MCP configuration
2025-10-22T13:08:00: 2025-10-22 05:08:00	info	core/server.go:319	Updating MCP configuration
2025-10-22T13:08:00: 2025-10-22 05:08:00	info	core/server.go:343	no updated MCP configurations found, skipping update
2025-10-22T13:08:00: 2025-10-22 05:08:00	info	core/server.go:405	Configuration reloaded successfully
2025-10-22T13:18:00: 2025-10-22 05:18:00	info	mcp-gateway/main.go:243	Received ticker signal	{"reload_switch": true}
2025-10-22T13:18:00: 2025-10-22 05:18:00	info	core/server.go:389	Reloading MCP configuration
2025-10-22T13:18:00: 2025-10-22 05:18:00	info	core/server.go:319	Updating MCP configuration
2025-10-22T13:18:00: 2025-10-22 05:18:00	info	core/server.go:343	no updated MCP configurations found, skipping update
2025-10-22T13:18:00: 2025-10-22 05:18:00	info	core/server.go:405	Configuration reloaded successfully
2025-10-22T13:21:33: 2025-10-22 05:21:33	info	core/middleware.go:48	request started	{"method": "GET", "path": "/mcp/registry", "remote_addr": "[::1]:59866", "user_agent": "curl/8.9.1"}
2025-10-22T13:21:33: 2025-10-22 05:21:33	warn	core/server.go:250	invalid prefix	{"prefix": "/mcp", "remote_addr": "[::1]:59866"}
2025-10-22T13:21:33: 2025-10-22 05:21:33	warn	core/response.go:18	sending protocol error	{"method": "GET", "path": "/mcp/registry", "remote_addr": "[::1]:59866", "user_agent": "curl/8.9.1", "id": null, "message": "Invalid prefix", "status_code": 404, "error_code": -32600, "remote_addr": "[::1]:59866"}
2025-10-22T13:21:33: 2025-10-22 05:21:33	warn	core/middleware.go:70	request completed with client error	{"method": "GET", "path": "/mcp/registry", "remote_addr": "[::1]:59866", "user_agent": "curl/8.9.1", "status": 404, "size": 78, "latency": 0.000442732, "client_ip": "::1"}
2025-10-22T13:21:33: [GIN] 2025/10/22 - 05:21:33 | 404 |      515.43µs |             ::1 | GET      "/mcp/registry"
2025-10-22T13:21:45: 2025-10-22 05:21:45	info	core/middleware.go:48	request started	{"method": "GET", "path": "/playwright/tools", "remote_addr": "[::1]:59882", "user_agent": "curl/8.9.1"}
2025-10-22T13:21:45: 2025-10-22 05:21:45	warn	core/server.go:250	invalid prefix	{"prefix": "/playwright", "remote_addr": "[::1]:59882"}
2025-10-22T13:21:45: 2025-10-22 05:21:45	warn	core/response.go:18	sending protocol error	{"method": "GET", "path": "/playwright/tools", "remote_addr": "[::1]:59882", "user_agent": "curl/8.9.1", "id": null, "message": "Invalid prefix", "status_code": 404, "error_code": -32600, "remote_addr": "[::1]:59882"}
2025-10-22T13:21:45: 2025-10-22 05:21:45	warn	core/middleware.go:70	request completed with client error	{"method": "GET", "path": "/playwright/tools", "remote_addr": "[::1]:59882", "user_agent": "curl/8.9.1", "status": 404, "size": 78, "latency": 0.000100586, "client_ip": "::1"}
2025-10-22T13:21:45: [GIN] 2025/10/22 - 05:21:45 | 404 |     114.463µs |             ::1 | GET      "/playwright/tools"
2025-10-22T13:25:05: 2025-10-22 05:25:05	info	mcp-gateway/main.go:218	Received shutdown signal, starting graceful shutdown
2025-10-22T13:25:05: 2025-10-22 05:25:05	info	core/server.go:290	shutting down server
2025-10-22T13:25:05: 2025-10-22 05:25:05	info	mcp-gateway/main.go:229	MCP server shutdown completed successfully
2025-10-22T13:25:05: 2025-10-22 05:25:05	info	notifier.signal	notifier/signal.go:61	Signal handler stopped
2025-10-22T13:25:05: 2025-10-22 05:25:05	info	mcp-gateway/main.go:143	Loaded configuration	{"path": "/Users/wxn/Desktop/NextAgentLite/services/configs/unla-configs/mcp-gateway.yaml"}
2025-10-22T13:25:05: 2025-10-22 05:25:05	info	mcp-gateway/main.go:159	Starting mcp-gateway	{"version": "v0.8.6"}
2025-10-22T13:25:05: 2025-10-22 05:25:05	info	storage/factory.go:13	Initializing storage	{"type": "db"}
2025-10-22T13:25:05: 2025-10-22 05:25:05	info	session/factory.go:23	Initializing session store	{"type": "memory"}
2025-10-22T13:25:05: 2025-10-22 05:25:05	info	storage/factory.go:13	Initializing auth storage	{"type": "memory"}
2025-10-22T13:25:05: [GIN-debug] [WARNING] Creating an Engine instance with the Logger and Recovery middleware already attached.
2025-10-22T13:25:05: 
2025-10-22T13:25:05: [GIN-debug] [WARNING] Running in "debug" mode. Switch to "release" mode in production.
2025-10-22T13:25:05:  - using env:	export GIN_MODE=release
2025-10-22T13:25:05:  - using code:	gin.SetMode(gin.ReleaseMode)
2025-10-22T13:25:05: 
2025-10-22T13:25:05: [GIN-debug] Loaded HTML Templates (2): 
2025-10-22T13:25:05: 	- 
2025-10-22T13:25:05: 	- authorize.html
2025-10-22T13:25:05: 
2025-10-22T13:25:05: [GIN-debug] GET    /static/*filepath         --> github.com/gin-gonic/gin.(*RouterGroup).createStaticHandler.func1 (3 handlers)
2025-10-22T13:25:05: [GIN-debug] HEAD   /static/*filepath         --> github.com/gin-gonic/gin.(*RouterGroup).createStaticHandler.func1 (3 handlers)
2025-10-22T13:25:05: [GIN-debug] GET    /health_check             --> github.com/amoylab/unla/internal/core.(*Server).RegisterRoutes.func1 (5 handlers)
2025-10-22T13:25:05: [GIN-debug] OPTIONS /*path                    --> github.com/amoylab/unla/internal/core.(*Server).RegisterRoutes.(*Server).corsMiddleware.func2 (5 handlers)
2025-10-22T13:25:05: [GIN-debug] GET    /.well-known/oauth-authorization-server --> github.com/amoylab/unla/internal/core.(*Server).handleOAuthServerMetadata-fm (6 handlers)
2025-10-22T13:25:05: [GIN-debug] GET    /authorize                --> github.com/amoylab/unla/internal/core.(*Server).handleOAuthAuthorize-fm (6 handlers)
2025-10-22T13:25:05: [GIN-debug] POST   /authorize                --> github.com/amoylab/unla/internal/core.(*Server).handleOAuthAuthorize-fm (6 handlers)
2025-10-22T13:25:05: [GIN-debug] POST   /token                    --> github.com/amoylab/unla/internal/core.(*Server).handleOAuthToken-fm (6 handlers)
2025-10-22T13:25:05: [GIN-debug] POST   /register                 --> github.com/amoylab/unla/internal/core.(*Server).handleOAuthRegister-fm (6 handlers)
2025-10-22T13:25:05: [GIN-debug] POST   /revoke                   --> github.com/amoylab/unla/internal/core.(*Server).handleOAuthRevoke-fm (6 handlers)
2025-10-22T13:25:05: 2025-10-22 05:25:05	info	core/server.go:319	Updating MCP configuration
2025-10-22T13:25:05: 2025-10-22 05:25:05	info	core/server.go:333	loading all MCP configurations	{"count": 3}
2025-10-22T13:25:05: 2025-10-22 05:25:05	info	core/server.go:371	initializing server state
2025-10-22T13:25:05: 2025-10-22 05:25:05	warn	state/state.go:144	failed to find prefix for mcp server	{"server": "playwright"}
2025-10-22T13:25:05: 2025-10-22 05:25:05	info	state/state.go:81	registered router	{"tenant": "default", "prefix": "/gateway/ntcx", "server": "server-test"}
2025-10-22T13:25:05: 2025-10-22 05:25:05	warn	state/state.go:144	failed to find prefix for mcp server	{"server": "vchart-mcp-server"}
2025-10-22T13:25:05: 2025-10-22 05:25:05	info	core/server.go:379	server configuration loaded	{"server_count": 1, "tool_count": 1, "router_count": 1}
2025-10-22T13:25:05: [GIN-debug] [WARNING] You trusted all proxies, this is NOT safe. We recommend you to set a value.
2025-10-22T13:25:05: Please check https://pkg.go.dev/github.com/gin-gonic/gin#readme-don-t-trust-all-proxies for details.
2025-10-22T13:25:05: [GIN-debug] Listening and serving HTTP on :5235
2025-10-22T13:35:05: 2025-10-22 05:35:05	info	mcp-gateway/main.go:243	Received ticker signal	{"reload_switch": true}
2025-10-22T13:35:05: 2025-10-22 05:35:05	info	core/server.go:389	Reloading MCP configuration
2025-10-22T13:35:05: 2025-10-22 05:35:05	info	core/server.go:319	Updating MCP configuration
2025-10-22T13:35:05: 2025-10-22 05:35:05	info	core/server.go:343	no updated MCP configurations found, skipping update
2025-10-22T13:35:05: 2025-10-22 05:35:05	info	core/server.go:405	Configuration reloaded successfully
2025-10-22T13:45:05: 2025-10-22 05:45:05	info	mcp-gateway/main.go:243	Received ticker signal	{"reload_switch": true}
2025-10-22T13:45:05: 2025-10-22 05:45:05	info	core/server.go:389	Reloading MCP configuration
2025-10-22T13:45:05: 2025-10-22 05:45:05	info	core/server.go:319	Updating MCP configuration
2025-10-22T13:45:05: 2025-10-22 05:45:05	info	core/server.go:343	no updated MCP configurations found, skipping update
2025-10-22T13:45:05: 2025-10-22 05:45:05	info	core/server.go:405	Configuration reloaded successfully
2025-10-22T13:55:05: 2025-10-22 05:55:05	info	mcp-gateway/main.go:243	Received ticker signal	{"reload_switch": true}
2025-10-22T13:55:05: 2025-10-22 05:55:05	info	core/server.go:389	Reloading MCP configuration
2025-10-22T13:55:05: 2025-10-22 05:55:05	info	core/server.go:319	Updating MCP configuration
2025-10-22T13:55:05: 2025-10-22 05:55:05	info	core/server.go:343	no updated MCP configurations found, skipping update
2025-10-22T13:55:05: 2025-10-22 05:55:05	info	core/server.go:405	Configuration reloaded successfully
2025-10-22T14:05:05: 2025-10-22 06:05:05	info	mcp-gateway/main.go:243	Received ticker signal	{"reload_switch": true}
2025-10-22T14:05:05: 2025-10-22 06:05:05	info	core/server.go:389	Reloading MCP configuration
2025-10-22T14:05:05: 2025-10-22 06:05:05	info	core/server.go:319	Updating MCP configuration
2025-10-22T14:05:05: 2025-10-22 06:05:05	info	core/server.go:343	no updated MCP configurations found, skipping update
2025-10-22T14:05:05: 2025-10-22 06:05:05	info	core/server.go:405	Configuration reloaded successfully
2025-10-22T14:15:05: 2025-10-22 06:15:05	info	mcp-gateway/main.go:243	Received ticker signal	{"reload_switch": true}
2025-10-22T14:15:05: 2025-10-22 06:15:05	info	core/server.go:389	Reloading MCP configuration
2025-10-22T14:15:05: 2025-10-22 06:15:05	info	core/server.go:319	Updating MCP configuration
2025-10-22T14:15:05: 2025-10-22 06:15:05	info	core/server.go:343	no updated MCP configurations found, skipping update
2025-10-22T14:15:05: 2025-10-22 06:15:05	info	core/server.go:405	Configuration reloaded successfully
2025-10-22T14:25:05: 2025-10-22 06:25:05	info	mcp-gateway/main.go:243	Received ticker signal	{"reload_switch": true}
2025-10-22T14:25:05: 2025-10-22 06:25:05	info	core/server.go:389	Reloading MCP configuration
2025-10-22T14:25:05: 2025-10-22 06:25:05	info	core/server.go:319	Updating MCP configuration
2025-10-22T14:25:05: 2025-10-22 06:25:05	info	core/server.go:343	no updated MCP configurations found, skipping update
2025-10-22T14:25:05: 2025-10-22 06:25:05	info	core/server.go:405	Configuration reloaded successfully
2025-10-22T14:35:05: 2025-10-22 06:35:05	info	mcp-gateway/main.go:243	Received ticker signal	{"reload_switch": true}
2025-10-22T14:35:05: 2025-10-22 06:35:05	info	core/server.go:389	Reloading MCP configuration
2025-10-22T14:35:05: 2025-10-22 06:35:05	info	core/server.go:319	Updating MCP configuration
2025-10-22T14:35:05: 2025-10-22 06:35:05	info	core/server.go:343	no updated MCP configurations found, skipping update
2025-10-22T14:35:05: 2025-10-22 06:35:05	info	core/server.go:405	Configuration reloaded successfully
2025-10-22T14:45:05: 2025-10-22 06:45:05	info	mcp-gateway/main.go:243	Received ticker signal	{"reload_switch": true}
2025-10-22T14:45:05: 2025-10-22 06:45:05	info	core/server.go:389	Reloading MCP configuration
2025-10-22T14:45:05: 2025-10-22 06:45:05	info	core/server.go:319	Updating MCP configuration
2025-10-22T14:45:05: 2025-10-22 06:45:05	info	core/server.go:343	no updated MCP configurations found, skipping update
2025-10-22T14:45:05: 2025-10-22 06:45:05	info	core/server.go:405	Configuration reloaded successfully
2025-10-22T14:55:05: 2025-10-22 06:55:05	info	mcp-gateway/main.go:243	Received ticker signal	{"reload_switch": true}
2025-10-22T14:55:05: 2025-10-22 06:55:05	info	core/server.go:389	Reloading MCP configuration
2025-10-22T14:55:05: 2025-10-22 06:55:05	info	core/server.go:319	Updating MCP configuration
2025-10-22T14:55:05: 2025-10-22 06:55:05	info	core/server.go:343	no updated MCP configurations found, skipping update
2025-10-22T14:55:05: 2025-10-22 06:55:05	info	core/server.go:405	Configuration reloaded successfully
2025-10-22T15:05:05: 2025-10-22 07:05:05	info	mcp-gateway/main.go:243	Received ticker signal	{"reload_switch": true}
2025-10-22T15:05:05: 2025-10-22 07:05:05	info	core/server.go:389	Reloading MCP configuration
2025-10-22T15:05:05: 2025-10-22 07:05:05	info	core/server.go:319	Updating MCP configuration
2025-10-22T15:05:05: 2025-10-22 07:05:05	info	core/server.go:343	no updated MCP configurations found, skipping update
2025-10-22T15:05:05: 2025-10-22 07:05:05	info	core/server.go:405	Configuration reloaded successfully
2025-10-22T15:13:44: 2025-10-22 07:13:44	info	mcp-gateway/main.go:218	Received shutdown signal, starting graceful shutdown
2025-10-22T15:13:44: 2025-10-22 07:13:44	info	core/server.go:290	shutting down server
2025-10-22T15:13:44: 2025-10-22 07:13:44	info	mcp-gateway/main.go:229	MCP server shutdown completed successfully
2025-10-22T15:13:44: 2025-10-22 07:13:44	info	notifier.signal	notifier/signal.go:61	Signal handler stopped
2025-10-22T15:13:44: 2025-10-22 07:13:44	info	mcp-gateway/main.go:143	Loaded configuration	{"path": "/Users/wxn/Desktop/NextAgentLite/services/configs/unla-configs/mcp-gateway.yaml"}
2025-10-22T15:13:44: 2025-10-22 07:13:44	info	mcp-gateway/main.go:159	Starting mcp-gateway	{"version": "v0.8.6"}
2025-10-22T15:13:44: 2025-10-22 07:13:44	info	storage/factory.go:13	Initializing storage	{"type": "db"}
2025-10-22T15:13:44: 2025-10-22 07:13:44	info	session/factory.go:23	Initializing session store	{"type": "memory"}
2025-10-22T15:13:44: 2025-10-22 07:13:44	info	storage/factory.go:13	Initializing auth storage	{"type": "memory"}
2025-10-22T15:13:44: [GIN-debug] [WARNING] Creating an Engine instance with the Logger and Recovery middleware already attached.
2025-10-22T15:13:44: 
2025-10-22T15:13:44: [GIN-debug] [WARNING] Running in "debug" mode. Switch to "release" mode in production.
2025-10-22T15:13:44:  - using env:	export GIN_MODE=release
2025-10-22T15:13:44:  - using code:	gin.SetMode(gin.ReleaseMode)
2025-10-22T15:13:44: 
2025-10-22T15:13:44: [GIN-debug] Loaded HTML Templates (2): 
2025-10-22T15:13:44: 	- 
2025-10-22T15:13:44: 	- authorize.html
2025-10-22T15:13:44: 
2025-10-22T15:13:44: [GIN-debug] GET    /static/*filepath         --> github.com/gin-gonic/gin.(*RouterGroup).createStaticHandler.func1 (3 handlers)
2025-10-22T15:13:44: [GIN-debug] HEAD   /static/*filepath         --> github.com/gin-gonic/gin.(*RouterGroup).createStaticHandler.func1 (3 handlers)
2025-10-22T15:13:44: [GIN-debug] GET    /health_check             --> github.com/amoylab/unla/internal/core.(*Server).RegisterRoutes.func1 (5 handlers)
2025-10-22T15:13:44: [GIN-debug] OPTIONS /*path                    --> github.com/amoylab/unla/internal/core.(*Server).RegisterRoutes.(*Server).corsMiddleware.func2 (5 handlers)
2025-10-22T15:13:44: [GIN-debug] GET    /.well-known/oauth-authorization-server --> github.com/amoylab/unla/internal/core.(*Server).handleOAuthServerMetadata-fm (6 handlers)
2025-10-22T15:13:44: [GIN-debug] GET    /authorize                --> github.com/amoylab/unla/internal/core.(*Server).handleOAuthAuthorize-fm (6 handlers)
2025-10-22T15:13:44: [GIN-debug] POST   /authorize                --> github.com/amoylab/unla/internal/core.(*Server).handleOAuthAuthorize-fm (6 handlers)
2025-10-22T15:13:44: [GIN-debug] POST   /token                    --> github.com/amoylab/unla/internal/core.(*Server).handleOAuthToken-fm (6 handlers)
2025-10-22T15:13:44: [GIN-debug] POST   /register                 --> github.com/amoylab/unla/internal/core.(*Server).handleOAuthRegister-fm (6 handlers)
2025-10-22T15:13:44: [GIN-debug] POST   /revoke                   --> github.com/amoylab/unla/internal/core.(*Server).handleOAuthRevoke-fm (6 handlers)
2025-10-22T15:13:44: 2025-10-22 07:13:44	info	core/server.go:319	Updating MCP configuration
2025-10-22T15:13:44: 2025-10-22 07:13:44	info	core/server.go:333	loading all MCP configurations	{"count": 3}
2025-10-22T15:13:44: 2025-10-22 07:13:44	info	core/server.go:371	initializing server state
2025-10-22T15:13:44: 2025-10-22 07:13:44	warn	state/state.go:144	failed to find prefix for mcp server	{"server": "playwright"}
2025-10-22T15:13:44: 2025-10-22 07:13:44	info	state/state.go:81	registered router	{"tenant": "default", "prefix": "/gateway/ntcx", "server": "server-test"}
2025-10-22T15:13:44: 2025-10-22 07:13:44	warn	state/state.go:144	failed to find prefix for mcp server	{"server": "vchart-mcp-server"}
2025-10-22T15:13:44: 2025-10-22 07:13:44	info	core/server.go:379	server configuration loaded	{"server_count": 1, "tool_count": 1, "router_count": 1}
2025-10-22T15:13:44: [GIN-debug] [WARNING] You trusted all proxies, this is NOT safe. We recommend you to set a value.
2025-10-22T15:13:44: Please check https://pkg.go.dev/github.com/gin-gonic/gin#readme-don-t-trust-all-proxies for details.
2025-10-22T15:13:44: [GIN-debug] Listening and serving HTTP on :5235
2025-10-22T15:23:44: 2025-10-22 07:23:44	info	mcp-gateway/main.go:243	Received ticker signal	{"reload_switch": true}
2025-10-22T15:23:44: 2025-10-22 07:23:44	info	core/server.go:389	Reloading MCP configuration
2025-10-22T15:23:44: 2025-10-22 07:23:44	info	core/server.go:319	Updating MCP configuration
2025-10-22T15:23:44: 2025-10-22 07:23:44	info	core/server.go:343	no updated MCP configurations found, skipping update
2025-10-22T15:23:44: 2025-10-22 07:23:44	info	core/server.go:405	Configuration reloaded successfully
2025-10-22T15:33:44: 2025-10-22 07:33:44	info	mcp-gateway/main.go:243	Received ticker signal	{"reload_switch": true}
2025-10-22T15:33:44: 2025-10-22 07:33:44	info	core/server.go:389	Reloading MCP configuration
2025-10-22T15:33:44: 2025-10-22 07:33:44	info	core/server.go:319	Updating MCP configuration
2025-10-22T15:33:44: 2025-10-22 07:33:44	info	core/server.go:343	no updated MCP configurations found, skipping update
2025-10-22T15:33:44: 2025-10-22 07:33:44	info	core/server.go:405	Configuration reloaded successfully
2025-10-22T15:43:44: 2025-10-22 07:43:44	info	mcp-gateway/main.go:243	Received ticker signal	{"reload_switch": true}
2025-10-22T15:43:44: 2025-10-22 07:43:44	info	core/server.go:389	Reloading MCP configuration
2025-10-22T15:43:44: 2025-10-22 07:43:44	info	core/server.go:319	Updating MCP configuration
2025-10-22T15:43:44: 2025-10-22 07:43:44	info	core/server.go:343	no updated MCP configurations found, skipping update
2025-10-22T15:43:44: 2025-10-22 07:43:44	info	core/server.go:405	Configuration reloaded successfully
2025-10-22T15:53:44: 2025-10-22 07:53:44	info	mcp-gateway/main.go:243	Received ticker signal	{"reload_switch": true}
2025-10-22T15:53:44: 2025-10-22 07:53:44	info	core/server.go:389	Reloading MCP configuration
2025-10-22T15:53:44: 2025-10-22 07:53:44	info	core/server.go:319	Updating MCP configuration
2025-10-22T15:53:44: 2025-10-22 07:53:44	info	core/server.go:343	no updated MCP configurations found, skipping update
2025-10-22T15:53:44: 2025-10-22 07:53:44	info	core/server.go:405	Configuration reloaded successfully
2025-10-22T16:03:44: 2025-10-22 08:03:44	info	mcp-gateway/main.go:243	Received ticker signal	{"reload_switch": true}
2025-10-22T16:03:44: 2025-10-22 08:03:44	info	core/server.go:389	Reloading MCP configuration
2025-10-22T16:03:44: 2025-10-22 08:03:44	info	core/server.go:319	Updating MCP configuration
2025-10-22T16:03:44: 2025-10-22 08:03:44	info	core/server.go:343	no updated MCP configurations found, skipping update
2025-10-22T16:03:44: 2025-10-22 08:03:44	info	core/server.go:405	Configuration reloaded successfully
2025-10-22T16:13:44: 2025-10-22 08:13:44	info	mcp-gateway/main.go:243	Received ticker signal	{"reload_switch": true}
2025-10-22T16:13:44: 2025-10-22 08:13:44	info	core/server.go:389	Reloading MCP configuration
2025-10-22T16:13:44: 2025-10-22 08:13:44	info	core/server.go:319	Updating MCP configuration
2025-10-22T16:13:44: 2025-10-22 08:13:44	info	core/server.go:343	no updated MCP configurations found, skipping update
2025-10-22T16:13:44: 2025-10-22 08:13:44	info	core/server.go:405	Configuration reloaded successfully
2025-10-22T16:23:44: 2025-10-22 08:23:44	info	mcp-gateway/main.go:243	Received ticker signal	{"reload_switch": true}
2025-10-22T16:23:44: 2025-10-22 08:23:44	info	core/server.go:389	Reloading MCP configuration
2025-10-22T16:23:44: 2025-10-22 08:23:44	info	core/server.go:319	Updating MCP configuration
2025-10-22T16:23:44: 2025-10-22 08:23:44	info	core/server.go:343	no updated MCP configurations found, skipping update
2025-10-22T16:23:44: 2025-10-22 08:23:44	info	core/server.go:405	Configuration reloaded successfully
2025-10-22T16:33:44: 2025-10-22 08:33:44	info	mcp-gateway/main.go:243	Received ticker signal	{"reload_switch": true}
2025-10-22T16:33:44: 2025-10-22 08:33:44	info	core/server.go:389	Reloading MCP configuration
2025-10-22T16:33:44: 2025-10-22 08:33:44	info	core/server.go:319	Updating MCP configuration
2025-10-22T16:33:44: 2025-10-22 08:33:44	info	core/server.go:343	no updated MCP configurations found, skipping update
2025-10-22T16:33:44: 2025-10-22 08:33:44	info	core/server.go:405	Configuration reloaded successfully
2025-10-22T16:43:44: 2025-10-22 08:43:44	info	mcp-gateway/main.go:243	Received ticker signal	{"reload_switch": true}
2025-10-22T16:43:44: 2025-10-22 08:43:44	info	core/server.go:389	Reloading MCP configuration
2025-10-22T16:43:44: 2025-10-22 08:43:44	info	core/server.go:319	Updating MCP configuration
2025-10-22T16:43:44: 2025-10-22 08:43:44	info	core/server.go:343	no updated MCP configurations found, skipping update
2025-10-22T16:43:44: 2025-10-22 08:43:44	info	core/server.go:405	Configuration reloaded successfully
2025-10-22T16:53:44: 2025-10-22 08:53:44	info	mcp-gateway/main.go:243	Received ticker signal	{"reload_switch": true}
2025-10-22T16:53:44: 2025-10-22 08:53:44	info	core/server.go:389	Reloading MCP configuration
2025-10-22T16:53:44: 2025-10-22 08:53:44	info	core/server.go:319	Updating MCP configuration
2025-10-22T16:53:44: 2025-10-22 08:53:44	info	core/server.go:343	no updated MCP configurations found, skipping update
2025-10-22T16:53:44: 2025-10-22 08:53:44	info	core/server.go:405	Configuration reloaded successfully
2025-10-22T17:03:44: 2025-10-22 09:03:44	info	mcp-gateway/main.go:243	Received ticker signal	{"reload_switch": true}
2025-10-22T17:03:44: 2025-10-22 09:03:44	info	core/server.go:389	Reloading MCP configuration
2025-10-22T17:03:44: 2025-10-22 09:03:44	info	core/server.go:319	Updating MCP configuration
2025-10-22T17:03:44: 2025-10-22 09:03:44	info	core/server.go:343	no updated MCP configurations found, skipping update
2025-10-22T17:03:44: 2025-10-22 09:03:44	info	core/server.go:405	Configuration reloaded successfully
2025-10-22T17:13:44: 2025-10-22 09:13:44	info	mcp-gateway/main.go:243	Received ticker signal	{"reload_switch": true}
2025-10-22T17:13:44: 2025-10-22 09:13:44	info	core/server.go:389	Reloading MCP configuration
2025-10-22T17:13:44: 2025-10-22 09:13:44	info	core/server.go:319	Updating MCP configuration
2025-10-22T17:13:44: 2025-10-22 09:13:44	info	core/server.go:343	no updated MCP configurations found, skipping update
2025-10-22T17:13:44: 2025-10-22 09:13:44	info	core/server.go:405	Configuration reloaded successfully
2025-10-22T17:23:44: 2025-10-22 09:23:44	info	mcp-gateway/main.go:243	Received ticker signal	{"reload_switch": true}
2025-10-22T17:23:44: 2025-10-22 09:23:44	info	core/server.go:389	Reloading MCP configuration
2025-10-22T17:23:44: 2025-10-22 09:23:44	info	core/server.go:319	Updating MCP configuration
2025-10-22T17:23:44: 2025-10-22 09:23:44	info	core/server.go:343	no updated MCP configurations found, skipping update
2025-10-22T17:23:44: 2025-10-22 09:23:44	info	core/server.go:405	Configuration reloaded successfully
2025-10-22T17:33:44: 2025-10-22 09:33:44	info	mcp-gateway/main.go:243	Received ticker signal	{"reload_switch": true}
2025-10-22T17:33:44: 2025-10-22 09:33:44	info	core/server.go:389	Reloading MCP configuration
2025-10-22T17:33:44: 2025-10-22 09:33:44	info	core/server.go:319	Updating MCP configuration
2025-10-22T17:33:44: 2025-10-22 09:33:44	info	core/server.go:343	no updated MCP configurations found, skipping update
2025-10-22T17:33:44: 2025-10-22 09:33:44	info	core/server.go:405	Configuration reloaded successfully
2025-10-22T17:34:15: 2025-10-22 09:34:15	info	mcp-gateway/main.go:218	Received shutdown signal, starting graceful shutdown
2025-10-22T17:34:15: 2025-10-22 09:34:15	info	core/server.go:290	shutting down server
2025-10-22T17:34:15: 2025-10-22 09:34:15	info	mcp-gateway/main.go:229	MCP server shutdown completed successfully
2025-10-22T17:34:15: 2025-10-22 09:34:15	info	notifier.signal	notifier/signal.go:61	Signal handler stopped
2025-10-22T17:34:16: 2025-10-22 09:34:16	info	mcp-gateway/main.go:143	Loaded configuration	{"path": "/Users/wxn/Desktop/NextAgentLite/services/configs/unla-configs/mcp-gateway.yaml"}
2025-10-22T17:34:16: 2025-10-22 09:34:16	info	mcp-gateway/main.go:159	Starting mcp-gateway	{"version": "v0.8.6"}
2025-10-22T17:34:16: 2025-10-22 09:34:16	info	storage/factory.go:13	Initializing storage	{"type": "db"}
2025-10-22T17:34:16: 2025-10-22 09:34:16	info	session/factory.go:23	Initializing session store	{"type": "memory"}
2025-10-22T17:34:16: 2025-10-22 09:34:16	info	storage/factory.go:13	Initializing auth storage	{"type": "memory"}
2025-10-22T17:34:16: [GIN-debug] [WARNING] Creating an Engine instance with the Logger and Recovery middleware already attached.
2025-10-22T17:34:16: 
2025-10-22T17:34:16: [GIN-debug] [WARNING] Running in "debug" mode. Switch to "release" mode in production.
2025-10-22T17:34:16:  - using env:	export GIN_MODE=release
2025-10-22T17:34:16:  - using code:	gin.SetMode(gin.ReleaseMode)
2025-10-22T17:34:16: 
2025-10-22T17:34:16: [GIN-debug] Loaded HTML Templates (2): 
2025-10-22T17:34:16: 	- 
2025-10-22T17:34:16: 	- authorize.html
2025-10-22T17:34:16: 
2025-10-22T17:34:16: [GIN-debug] GET    /static/*filepath         --> github.com/gin-gonic/gin.(*RouterGroup).createStaticHandler.func1 (3 handlers)
2025-10-22T17:34:16: [GIN-debug] HEAD   /static/*filepath         --> github.com/gin-gonic/gin.(*RouterGroup).createStaticHandler.func1 (3 handlers)
2025-10-22T17:34:16: [GIN-debug] GET    /health_check             --> github.com/amoylab/unla/internal/core.(*Server).RegisterRoutes.func1 (5 handlers)
2025-10-22T17:34:16: [GIN-debug] OPTIONS /*path                    --> github.com/amoylab/unla/internal/core.(*Server).RegisterRoutes.(*Server).corsMiddleware.func2 (5 handlers)
2025-10-22T17:34:16: [GIN-debug] GET    /.well-known/oauth-authorization-server --> github.com/amoylab/unla/internal/core.(*Server).handleOAuthServerMetadata-fm (6 handlers)
2025-10-22T17:34:16: [GIN-debug] GET    /authorize                --> github.com/amoylab/unla/internal/core.(*Server).handleOAuthAuthorize-fm (6 handlers)
2025-10-22T17:34:16: [GIN-debug] POST   /authorize                --> github.com/amoylab/unla/internal/core.(*Server).handleOAuthAuthorize-fm (6 handlers)
2025-10-22T17:34:16: [GIN-debug] POST   /token                    --> github.com/amoylab/unla/internal/core.(*Server).handleOAuthToken-fm (6 handlers)
2025-10-22T17:34:16: [GIN-debug] POST   /register                 --> github.com/amoylab/unla/internal/core.(*Server).handleOAuthRegister-fm (6 handlers)
2025-10-22T17:34:16: [GIN-debug] POST   /revoke                   --> github.com/amoylab/unla/internal/core.(*Server).handleOAuthRevoke-fm (6 handlers)
2025-10-22T17:34:16: 2025-10-22 09:34:16	info	core/server.go:319	Updating MCP configuration
2025-10-22T17:34:16: 2025-10-22 09:34:16	info	core/server.go:333	loading all MCP configurations	{"count": 3}
2025-10-22T17:34:16: 2025-10-22 09:34:16	info	core/server.go:371	initializing server state
2025-10-22T17:34:16: 2025-10-22 09:34:16	warn	state/state.go:144	failed to find prefix for mcp server	{"server": "playwright"}
2025-10-22T17:34:16: 2025-10-22 09:34:16	info	state/state.go:81	registered router	{"tenant": "default", "prefix": "/gateway/ntcx", "server": "server-test"}
2025-10-22T17:34:16: 2025-10-22 09:34:16	warn	state/state.go:144	failed to find prefix for mcp server	{"server": "vchart-mcp-server"}
2025-10-22T17:34:16: 2025-10-22 09:34:16	info	core/server.go:379	server configuration loaded	{"server_count": 1, "tool_count": 1, "router_count": 1}
2025-10-22T17:34:16: [GIN-debug] [WARNING] You trusted all proxies, this is NOT safe. We recommend you to set a value.
2025-10-22T17:34:16: Please check https://pkg.go.dev/github.com/gin-gonic/gin#readme-don-t-trust-all-proxies for details.
2025-10-22T17:34:16: [GIN-debug] Listening and serving HTTP on :5235
2025-10-22T17:44:16: 2025-10-22 09:44:16	info	mcp-gateway/main.go:243	Received ticker signal	{"reload_switch": true}
2025-10-22T17:44:16: 2025-10-22 09:44:16	info	core/server.go:389	Reloading MCP configuration
2025-10-22T17:44:16: 2025-10-22 09:44:16	info	core/server.go:319	Updating MCP configuration
2025-10-22T17:44:16: 2025-10-22 09:44:16	info	core/server.go:343	no updated MCP configurations found, skipping update
2025-10-22T17:44:16: 2025-10-22 09:44:16	info	core/server.go:405	Configuration reloaded successfully
2025-10-22T17:54:16: 2025-10-22 09:54:16	info	mcp-gateway/main.go:243	Received ticker signal	{"reload_switch": true}
2025-10-22T17:54:16: 2025-10-22 09:54:16	info	core/server.go:389	Reloading MCP configuration
2025-10-22T17:54:16: 2025-10-22 09:54:16	info	core/server.go:319	Updating MCP configuration
2025-10-22T17:54:16: 2025-10-22 09:54:16	info	core/server.go:343	no updated MCP configurations found, skipping update
2025-10-22T17:54:16: 2025-10-22 09:54:16	info	core/server.go:405	Configuration reloaded successfully
2025-10-22T18:04:16: 2025-10-22 10:04:16	info	mcp-gateway/main.go:243	Received ticker signal	{"reload_switch": true}
2025-10-22T18:04:16: 2025-10-22 10:04:16	info	core/server.go:389	Reloading MCP configuration
2025-10-22T18:04:16: 2025-10-22 10:04:16	info	core/server.go:319	Updating MCP configuration
2025-10-22T18:04:16: 2025-10-22 10:04:16	info	core/server.go:343	no updated MCP configurations found, skipping update
2025-10-22T18:04:16: 2025-10-22 10:04:16	info	core/server.go:405	Configuration reloaded successfully
2025-10-22T18:14:16: 2025-10-22 10:14:16	info	mcp-gateway/main.go:243	Received ticker signal	{"reload_switch": true}
2025-10-22T18:14:16: 2025-10-22 10:14:16	info	core/server.go:389	Reloading MCP configuration
2025-10-22T18:14:16: 2025-10-22 10:14:16	info	core/server.go:319	Updating MCP configuration
2025-10-22T18:14:16: 2025-10-22 10:14:16	info	core/server.go:343	no updated MCP configurations found, skipping update
2025-10-22T18:14:16: 2025-10-22 10:14:16	info	core/server.go:405	Configuration reloaded successfully
2025-10-22T20:47:29: 2025-10-22 12:47:29	info	mcp-gateway/main.go:243	Received ticker signal	{"reload_switch": true}
2025-10-22T20:47:29: 2025-10-22 12:47:29	info	core/server.go:389	Reloading MCP configuration
2025-10-22T20:47:29: 2025-10-22 12:47:29	info	core/server.go:319	Updating MCP configuration
2025-10-22T20:47:29: 2025-10-22 12:47:29	info	core/server.go:343	no updated MCP configurations found, skipping update
2025-10-22T20:47:29: 2025-10-22 12:47:29	info	core/server.go:405	Configuration reloaded successfully
2025-10-22T20:57:29: 2025-10-22 12:57:29	info	mcp-gateway/main.go:243	Received ticker signal	{"reload_switch": true}
2025-10-22T20:57:29: 2025-10-22 12:57:29	info	core/server.go:389	Reloading MCP configuration
2025-10-22T20:57:29: 2025-10-22 12:57:29	info	core/server.go:319	Updating MCP configuration
2025-10-22T20:57:29: 2025-10-22 12:57:29	info	core/server.go:343	no updated MCP configurations found, skipping update
2025-10-22T20:57:29: 2025-10-22 12:57:29	info	core/server.go:405	Configuration reloaded successfully
2025-10-22T21:07:29: 2025-10-22 13:07:29	info	mcp-gateway/main.go:243	Received ticker signal	{"reload_switch": true}
2025-10-22T21:07:29: 2025-10-22 13:07:29	info	core/server.go:389	Reloading MCP configuration
2025-10-22T21:07:29: 2025-10-22 13:07:29	info	core/server.go:319	Updating MCP configuration
2025-10-22T21:07:29: 2025-10-22 13:07:29	info	core/server.go:343	no updated MCP configurations found, skipping update
2025-10-22T21:07:29: 2025-10-22 13:07:29	info	core/server.go:405	Configuration reloaded successfully
2025-10-22T21:17:29: 2025-10-22 13:17:29	info	mcp-gateway/main.go:243	Received ticker signal	{"reload_switch": true}
2025-10-22T21:17:29: 2025-10-22 13:17:29	info	core/server.go:389	Reloading MCP configuration
2025-10-22T21:17:29: 2025-10-22 13:17:29	info	core/server.go:319	Updating MCP configuration
2025-10-22T21:17:29: 2025-10-22 13:17:29	info	core/server.go:343	no updated MCP configurations found, skipping update
2025-10-22T21:17:29: 2025-10-22 13:17:29	info	core/server.go:405	Configuration reloaded successfully
2025-10-22T21:27:29: 2025-10-22 13:27:29	info	mcp-gateway/main.go:243	Received ticker signal	{"reload_switch": true}
2025-10-22T21:27:29: 2025-10-22 13:27:29	info	core/server.go:389	Reloading MCP configuration
2025-10-22T21:27:29: 2025-10-22 13:27:29	info	core/server.go:319	Updating MCP configuration
2025-10-22T21:27:29: 2025-10-22 13:27:29	info	core/server.go:343	no updated MCP configurations found, skipping update
2025-10-22T21:27:29: 2025-10-22 13:27:29	info	core/server.go:405	Configuration reloaded successfully
2025-10-22T21:37:29: 2025-10-22 13:37:29	info	mcp-gateway/main.go:243	Received ticker signal	{"reload_switch": true}
2025-10-22T21:37:29: 2025-10-22 13:37:29	info	core/server.go:389	Reloading MCP configuration
2025-10-22T21:37:29: 2025-10-22 13:37:29	info	core/server.go:319	Updating MCP configuration
2025-10-22T21:37:29: 2025-10-22 13:37:29	info	core/server.go:343	no updated MCP configurations found, skipping update
2025-10-22T21:37:29: 2025-10-22 13:37:29	info	core/server.go:405	Configuration reloaded successfully
2025-10-22T21:47:29: 2025-10-22 13:47:29	info	mcp-gateway/main.go:243	Received ticker signal	{"reload_switch": true}
2025-10-22T21:47:29: 2025-10-22 13:47:29	info	core/server.go:389	Reloading MCP configuration
2025-10-22T21:47:29: 2025-10-22 13:47:29	info	core/server.go:319	Updating MCP configuration
2025-10-22T21:47:29: 2025-10-22 13:47:29	info	core/server.go:343	no updated MCP configurations found, skipping update
2025-10-22T21:47:29: 2025-10-22 13:47:29	info	core/server.go:405	Configuration reloaded successfully
2025-10-22T21:57:29: 2025-10-22 13:57:29	info	mcp-gateway/main.go:243	Received ticker signal	{"reload_switch": true}
2025-10-22T21:57:29: 2025-10-22 13:57:29	info	core/server.go:389	Reloading MCP configuration
2025-10-22T21:57:29: 2025-10-22 13:57:29	info	core/server.go:319	Updating MCP configuration
2025-10-22T21:57:29: 2025-10-22 13:57:29	info	core/server.go:343	no updated MCP configurations found, skipping update
2025-10-22T21:57:29: 2025-10-22 13:57:29	info	core/server.go:405	Configuration reloaded successfully
2025-10-22T22:07:29: 2025-10-22 14:07:29	info	mcp-gateway/main.go:243	Received ticker signal	{"reload_switch": true}
2025-10-22T22:07:29: 2025-10-22 14:07:29	info	core/server.go:389	Reloading MCP configuration
2025-10-22T22:07:29: 2025-10-22 14:07:29	info	core/server.go:319	Updating MCP configuration
2025-10-22T22:07:29: 2025-10-22 14:07:29	info	core/server.go:343	no updated MCP configurations found, skipping update
2025-10-22T22:07:29: 2025-10-22 14:07:29	info	core/server.go:405	Configuration reloaded successfully
2025-10-22T22:17:29: 2025-10-22 14:17:29	info	mcp-gateway/main.go:243	Received ticker signal	{"reload_switch": true}
2025-10-22T22:17:29: 2025-10-22 14:17:29	info	core/server.go:389	Reloading MCP configuration
2025-10-22T22:17:29: 2025-10-22 14:17:29	info	core/server.go:319	Updating MCP configuration
2025-10-22T22:17:29: 2025-10-22 14:17:29	info	core/server.go:343	no updated MCP configurations found, skipping update
2025-10-22T22:17:29: 2025-10-22 14:17:29	info	core/server.go:405	Configuration reloaded successfully
2025-10-22T22:27:29: 2025-10-22 14:27:29	info	mcp-gateway/main.go:243	Received ticker signal	{"reload_switch": true}
2025-10-22T22:27:29: 2025-10-22 14:27:29	info	core/server.go:389	Reloading MCP configuration
2025-10-22T22:27:29: 2025-10-22 14:27:29	info	core/server.go:319	Updating MCP configuration
2025-10-22T22:27:29: 2025-10-22 14:27:29	info	core/server.go:343	no updated MCP configurations found, skipping update
2025-10-22T22:27:29: 2025-10-22 14:27:29	info	core/server.go:405	Configuration reloaded successfully
2025-10-22T22:37:29: 2025-10-22 14:37:29	info	mcp-gateway/main.go:243	Received ticker signal	{"reload_switch": true}
2025-10-22T22:37:29: 2025-10-22 14:37:29	info	core/server.go:389	Reloading MCP configuration
2025-10-22T22:37:29: 2025-10-22 14:37:29	info	core/server.go:319	Updating MCP configuration
2025-10-22T22:37:29: 2025-10-22 14:37:29	info	core/server.go:343	no updated MCP configurations found, skipping update
2025-10-22T22:37:29: 2025-10-22 14:37:29	info	core/server.go:405	Configuration reloaded successfully
2025-10-22T22:47:29: 2025-10-22 14:47:29	info	mcp-gateway/main.go:243	Received ticker signal	{"reload_switch": true}
2025-10-22T22:47:29: 2025-10-22 14:47:29	info	core/server.go:389	Reloading MCP configuration
2025-10-22T22:47:29: 2025-10-22 14:47:29	info	core/server.go:319	Updating MCP configuration
2025-10-22T22:47:29: 2025-10-22 14:47:29	info	core/server.go:343	no updated MCP configurations found, skipping update
2025-10-22T22:47:29: 2025-10-22 14:47:29	info	core/server.go:405	Configuration reloaded successfully
2025-10-22T22:57:29: 2025-10-22 14:57:29	info	mcp-gateway/main.go:243	Received ticker signal	{"reload_switch": true}
2025-10-22T22:57:29: 2025-10-22 14:57:29	info	core/server.go:389	Reloading MCP configuration
2025-10-22T22:57:29: 2025-10-22 14:57:29	info	core/server.go:319	Updating MCP configuration
2025-10-22T22:57:29: 2025-10-22 14:57:29	info	core/server.go:343	no updated MCP configurations found, skipping update
2025-10-22T22:57:29: 2025-10-22 14:57:29	info	core/server.go:405	Configuration reloaded successfully
2025-10-22T23:07:29: 2025-10-22 15:07:29	info	mcp-gateway/main.go:243	Received ticker signal	{"reload_switch": true}
2025-10-22T23:07:29: 2025-10-22 15:07:29	info	core/server.go:389	Reloading MCP configuration
2025-10-22T23:07:29: 2025-10-22 15:07:29	info	core/server.go:319	Updating MCP configuration
2025-10-22T23:07:29: 2025-10-22 15:07:29	info	core/server.go:343	no updated MCP configurations found, skipping update
2025-10-22T23:07:29: 2025-10-22 15:07:29	info	core/server.go:405	Configuration reloaded successfully
2025-10-22T23:17:29: 2025-10-22 15:17:29	info	mcp-gateway/main.go:243	Received ticker signal	{"reload_switch": true}
2025-10-22T23:17:29: 2025-10-22 15:17:29	info	core/server.go:389	Reloading MCP configuration
2025-10-22T23:17:29: 2025-10-22 15:17:29	info	core/server.go:319	Updating MCP configuration
2025-10-22T23:17:29: 2025-10-22 15:17:29	info	core/server.go:343	no updated MCP configurations found, skipping update
2025-10-22T23:17:29: 2025-10-22 15:17:29	info	core/server.go:405	Configuration reloaded successfully
2025-10-22T23:27:29: 2025-10-22 15:27:29	info	mcp-gateway/main.go:243	Received ticker signal	{"reload_switch": true}
2025-10-22T23:27:29: 2025-10-22 15:27:29	info	core/server.go:389	Reloading MCP configuration
2025-10-22T23:27:29: 2025-10-22 15:27:29	info	core/server.go:319	Updating MCP configuration
2025-10-22T23:27:29: 2025-10-22 15:27:29	info	core/server.go:343	no updated MCP configurations found, skipping update
2025-10-22T23:27:29: 2025-10-22 15:27:29	info	core/server.go:405	Configuration reloaded successfully
2025-10-22T23:37:29: 2025-10-22 15:37:29	info	mcp-gateway/main.go:243	Received ticker signal	{"reload_switch": true}
2025-10-22T23:37:29: 2025-10-22 15:37:29	info	core/server.go:389	Reloading MCP configuration
2025-10-22T23:37:29: 2025-10-22 15:37:29	info	core/server.go:319	Updating MCP configuration
2025-10-22T23:37:29: 2025-10-22 15:37:29	info	core/server.go:343	no updated MCP configurations found, skipping update
2025-10-22T23:37:29: 2025-10-22 15:37:29	info	core/server.go:405	Configuration reloaded successfully
2025-10-22T23:47:29: 2025-10-22 15:47:29	info	mcp-gateway/main.go:243	Received ticker signal	{"reload_switch": true}
2025-10-22T23:47:29: 2025-10-22 15:47:29	info	core/server.go:389	Reloading MCP configuration
2025-10-22T23:47:29: 2025-10-22 15:47:29	info	core/server.go:319	Updating MCP configuration
2025-10-22T23:47:29: 2025-10-22 15:47:29	info	core/server.go:343	no updated MCP configurations found, skipping update
2025-10-22T23:47:29: 2025-10-22 15:47:29	info	core/server.go:405	Configuration reloaded successfully
2025-10-22T23:57:29: 2025-10-22 15:57:29	info	mcp-gateway/main.go:243	Received ticker signal	{"reload_switch": true}
2025-10-22T23:57:29: 2025-10-22 15:57:29	info	core/server.go:389	Reloading MCP configuration
2025-10-22T23:57:29: 2025-10-22 15:57:29	info	core/server.go:319	Updating MCP configuration
2025-10-22T23:57:29: 2025-10-22 15:57:29	info	core/server.go:343	no updated MCP configurations found, skipping update
2025-10-22T23:57:29: 2025-10-22 15:57:29	info	core/server.go:405	Configuration reloaded successfully
2025-10-23T00:07:29: 2025-10-22 16:07:29	info	mcp-gateway/main.go:243	Received ticker signal	{"reload_switch": true}
2025-10-23T00:07:29: 2025-10-22 16:07:29	info	core/server.go:389	Reloading MCP configuration
2025-10-23T00:07:29: 2025-10-22 16:07:29	info	core/server.go:319	Updating MCP configuration
2025-10-23T00:07:29: 2025-10-22 16:07:29	info	core/server.go:343	no updated MCP configurations found, skipping update
2025-10-23T00:07:29: 2025-10-22 16:07:29	info	core/server.go:405	Configuration reloaded successfully
2025-10-23T00:17:29: 2025-10-22 16:17:29	info	mcp-gateway/main.go:243	Received ticker signal	{"reload_switch": true}
2025-10-23T00:17:29: 2025-10-22 16:17:29	info	core/server.go:389	Reloading MCP configuration
2025-10-23T00:17:29: 2025-10-22 16:17:29	info	core/server.go:319	Updating MCP configuration
2025-10-23T00:17:29: 2025-10-22 16:17:29	info	core/server.go:343	no updated MCP configurations found, skipping update
2025-10-23T00:17:29: 2025-10-22 16:17:29	info	core/server.go:405	Configuration reloaded successfully
2025-10-23T00:27:29: 2025-10-22 16:27:29	info	mcp-gateway/main.go:243	Received ticker signal	{"reload_switch": true}
2025-10-23T00:27:29: 2025-10-22 16:27:29	info	core/server.go:389	Reloading MCP configuration
2025-10-23T00:27:29: 2025-10-22 16:27:29	info	core/server.go:319	Updating MCP configuration
2025-10-23T00:27:29: 2025-10-22 16:27:29	info	core/server.go:343	no updated MCP configurations found, skipping update
2025-10-23T00:27:29: 2025-10-22 16:27:29	info	core/server.go:405	Configuration reloaded successfully
2025-10-23T00:37:29: 2025-10-22 16:37:29	info	mcp-gateway/main.go:243	Received ticker signal	{"reload_switch": true}
2025-10-23T00:37:29: 2025-10-22 16:37:29	info	core/server.go:389	Reloading MCP configuration
2025-10-23T00:37:29: 2025-10-22 16:37:29	info	core/server.go:319	Updating MCP configuration
2025-10-23T00:37:29: 2025-10-22 16:37:29	info	core/server.go:343	no updated MCP configurations found, skipping update
2025-10-23T00:37:29: 2025-10-22 16:37:29	info	core/server.go:405	Configuration reloaded successfully
2025-10-23T00:47:29: 2025-10-22 16:47:29	info	mcp-gateway/main.go:243	Received ticker signal	{"reload_switch": true}
2025-10-23T00:47:29: 2025-10-22 16:47:29	info	core/server.go:389	Reloading MCP configuration
2025-10-23T00:47:29: 2025-10-22 16:47:29	info	core/server.go:319	Updating MCP configuration
2025-10-23T00:47:29: 2025-10-22 16:47:29	info	core/server.go:343	no updated MCP configurations found, skipping update
2025-10-23T00:47:29: 2025-10-22 16:47:29	info	core/server.go:405	Configuration reloaded successfully
2025-10-23T00:57:29: 2025-10-22 16:57:29	info	mcp-gateway/main.go:243	Received ticker signal	{"reload_switch": true}
2025-10-23T00:57:29: 2025-10-22 16:57:29	info	core/server.go:389	Reloading MCP configuration
2025-10-23T00:57:29: 2025-10-22 16:57:29	info	core/server.go:319	Updating MCP configuration
2025-10-23T00:57:29: 2025-10-22 16:57:29	info	core/server.go:343	no updated MCP configurations found, skipping update
2025-10-23T00:57:29: 2025-10-22 16:57:29	info	core/server.go:405	Configuration reloaded successfully
2025-10-23T01:07:29: 2025-10-22 17:07:29	info	mcp-gateway/main.go:243	Received ticker signal	{"reload_switch": true}
2025-10-23T01:07:29: 2025-10-22 17:07:29	info	core/server.go:389	Reloading MCP configuration
2025-10-23T01:07:29: 2025-10-22 17:07:29	info	core/server.go:319	Updating MCP configuration
2025-10-23T01:07:29: 2025-10-22 17:07:29	info	core/server.go:343	no updated MCP configurations found, skipping update
2025-10-23T01:07:29: 2025-10-22 17:07:29	info	core/server.go:405	Configuration reloaded successfully
2025-10-23T01:17:29: 2025-10-22 17:17:29	info	mcp-gateway/main.go:243	Received ticker signal	{"reload_switch": true}
2025-10-23T01:17:29: 2025-10-22 17:17:29	info	core/server.go:389	Reloading MCP configuration
2025-10-23T01:17:29: 2025-10-22 17:17:29	info	core/server.go:319	Updating MCP configuration
2025-10-23T01:17:29: 2025-10-22 17:17:29	info	core/server.go:343	no updated MCP configurations found, skipping update
2025-10-23T01:17:29: 2025-10-22 17:17:29	info	core/server.go:405	Configuration reloaded successfully
2025-10-23T01:27:29: 2025-10-22 17:27:29	info	mcp-gateway/main.go:243	Received ticker signal	{"reload_switch": true}
2025-10-23T01:27:29: 2025-10-22 17:27:29	info	core/server.go:389	Reloading MCP configuration
2025-10-23T01:27:29: 2025-10-22 17:27:29	info	core/server.go:319	Updating MCP configuration
2025-10-23T01:27:29: 2025-10-22 17:27:29	info	core/server.go:343	no updated MCP configurations found, skipping update
2025-10-23T01:27:29: 2025-10-22 17:27:29	info	core/server.go:405	Configuration reloaded successfully
2025-10-23T01:37:29: 2025-10-22 17:37:29	info	mcp-gateway/main.go:243	Received ticker signal	{"reload_switch": true}
2025-10-23T01:37:29: 2025-10-22 17:37:29	info	core/server.go:389	Reloading MCP configuration
2025-10-23T01:37:29: 2025-10-22 17:37:29	info	core/server.go:319	Updating MCP configuration
2025-10-23T01:37:29: 2025-10-22 17:37:29	info	core/server.go:343	no updated MCP configurations found, skipping update
2025-10-23T01:37:29: 2025-10-22 17:37:29	info	core/server.go:405	Configuration reloaded successfully
2025-10-23T01:47:29: 2025-10-22 17:47:29	info	mcp-gateway/main.go:243	Received ticker signal	{"reload_switch": true}
2025-10-23T01:47:29: 2025-10-22 17:47:29	info	core/server.go:389	Reloading MCP configuration
2025-10-23T01:47:29: 2025-10-22 17:47:29	info	core/server.go:319	Updating MCP configuration
2025-10-23T01:47:29: 2025-10-22 17:47:29	info	core/server.go:343	no updated MCP configurations found, skipping update
2025-10-23T01:47:29: 2025-10-22 17:47:29	info	core/server.go:405	Configuration reloaded successfully
2025-10-23T08:32:48: 2025-10-23 00:32:48	info	mcp-gateway/main.go:243	Received ticker signal	{"reload_switch": true}
2025-10-23T08:32:48: 2025-10-23 00:32:48	info	core/server.go:389	Reloading MCP configuration
2025-10-23T08:32:48: 2025-10-23 00:32:48	info	core/server.go:319	Updating MCP configuration
2025-10-23T08:32:48: 2025-10-23 00:32:48	info	core/server.go:343	no updated MCP configurations found, skipping update
2025-10-23T08:32:48: 2025-10-23 00:32:48	info	core/server.go:405	Configuration reloaded successfully
2025-10-23T09:10:39: 2025-10-23 01:10:39	info	mcp-gateway/main.go:243	Received ticker signal	{"reload_switch": true}
2025-10-23T09:10:39: 2025-10-23 01:10:39	info	core/server.go:389	Reloading MCP configuration
2025-10-23T09:10:39: 2025-10-23 01:10:39	info	core/server.go:319	Updating MCP configuration
2025-10-23T09:10:39: 2025-10-23 01:10:39	info	core/server.go:343	no updated MCP configurations found, skipping update
2025-10-23T09:10:39: 2025-10-23 01:10:39	info	core/server.go:405	Configuration reloaded successfully
2025-10-23T09:20:39: 2025-10-23 01:20:39	info	mcp-gateway/main.go:243	Received ticker signal	{"reload_switch": true}
2025-10-23T09:20:39: 2025-10-23 01:20:39	info	core/server.go:389	Reloading MCP configuration
2025-10-23T09:20:39: 2025-10-23 01:20:39	info	core/server.go:319	Updating MCP configuration
2025-10-23T09:20:39: 2025-10-23 01:20:39	info	core/server.go:343	no updated MCP configurations found, skipping update
2025-10-23T09:20:39: 2025-10-23 01:20:39	info	core/server.go:405	Configuration reloaded successfully
2025-10-23T09:29:12: 2025-10-23 01:29:12	info	mcp-gateway/main.go:218	Received shutdown signal, starting graceful shutdown
2025-10-23T09:29:12: 2025-10-23 01:29:12	info	core/server.go:290	shutting down server
2025-10-23T09:29:12: 2025-10-23 01:29:12	info	mcp-gateway/main.go:229	MCP server shutdown completed successfully
2025-10-23T09:29:12: 2025-10-23 01:29:12	info	notifier.signal	notifier/signal.go:61	Signal handler stopped
2025-10-23T09:29:13: 2025-10-23 01:29:13	info	mcp-gateway/main.go:143	Loaded configuration	{"path": "/Users/wxn/Desktop/NextAgentLite/services/configs/unla-configs/mcp-gateway.yaml"}
2025-10-23T09:29:13: 2025-10-23 01:29:13	info	mcp-gateway/main.go:159	Starting mcp-gateway	{"version": "v0.8.6"}
2025-10-23T09:29:13: 2025-10-23 01:29:13	info	storage/factory.go:13	Initializing storage	{"type": "db"}
2025-10-23T09:29:13: 2025-10-23 01:29:13	info	session/factory.go:23	Initializing session store	{"type": "memory"}
2025-10-23T09:29:13: 2025-10-23 01:29:13	info	storage/factory.go:13	Initializing auth storage	{"type": "memory"}
2025-10-23T09:29:13: [GIN-debug] [WARNING] Creating an Engine instance with the Logger and Recovery middleware already attached.
2025-10-23T09:29:13: 
2025-10-23T09:29:13: [GIN-debug] [WARNING] Running in "debug" mode. Switch to "release" mode in production.
2025-10-23T09:29:13:  - using env:	export GIN_MODE=release
2025-10-23T09:29:13:  - using code:	gin.SetMode(gin.ReleaseMode)
2025-10-23T09:29:13: 
2025-10-23T09:29:13: [GIN-debug] Loaded HTML Templates (2): 
2025-10-23T09:29:13: 	- 
2025-10-23T09:29:13: 	- authorize.html
2025-10-23T09:29:13: 
2025-10-23T09:29:13: [GIN-debug] GET    /static/*filepath         --> github.com/gin-gonic/gin.(*RouterGroup).createStaticHandler.func1 (3 handlers)
2025-10-23T09:29:13: [GIN-debug] HEAD   /static/*filepath         --> github.com/gin-gonic/gin.(*RouterGroup).createStaticHandler.func1 (3 handlers)
2025-10-23T09:29:13: [GIN-debug] GET    /health_check             --> github.com/amoylab/unla/internal/core.(*Server).RegisterRoutes.func1 (5 handlers)
2025-10-23T09:29:13: [GIN-debug] OPTIONS /*path                    --> github.com/amoylab/unla/internal/core.(*Server).RegisterRoutes.(*Server).corsMiddleware.func2 (5 handlers)
2025-10-23T09:29:13: [GIN-debug] GET    /.well-known/oauth-authorization-server --> github.com/amoylab/unla/internal/core.(*Server).handleOAuthServerMetadata-fm (6 handlers)
2025-10-23T09:29:13: [GIN-debug] GET    /authorize                --> github.com/amoylab/unla/internal/core.(*Server).handleOAuthAuthorize-fm (6 handlers)
2025-10-23T09:29:13: [GIN-debug] POST   /authorize                --> github.com/amoylab/unla/internal/core.(*Server).handleOAuthAuthorize-fm (6 handlers)
2025-10-23T09:29:13: [GIN-debug] POST   /token                    --> github.com/amoylab/unla/internal/core.(*Server).handleOAuthToken-fm (6 handlers)
2025-10-23T09:29:13: [GIN-debug] POST   /register                 --> github.com/amoylab/unla/internal/core.(*Server).handleOAuthRegister-fm (6 handlers)
2025-10-23T09:29:13: [GIN-debug] POST   /revoke                   --> github.com/amoylab/unla/internal/core.(*Server).handleOAuthRevoke-fm (6 handlers)
2025-10-23T09:29:13: 2025-10-23 01:29:13	info	core/server.go:319	Updating MCP configuration
2025-10-23T09:29:13: 2025-10-23 01:29:13	info	core/server.go:333	loading all MCP configurations	{"count": 3}
2025-10-23T09:29:13: 2025-10-23 01:29:13	info	core/server.go:371	initializing server state
2025-10-23T09:29:13: 2025-10-23 01:29:13	warn	state/state.go:144	failed to find prefix for mcp server	{"server": "playwright"}
2025-10-23T09:29:13: 2025-10-23 01:29:13	info	state/state.go:81	registered router	{"tenant": "default", "prefix": "/gateway/ntcx", "server": "server-test"}
2025-10-23T09:29:13: 2025-10-23 01:29:13	warn	state/state.go:144	failed to find prefix for mcp server	{"server": "vchart-mcp-server"}
2025-10-23T09:29:13: 2025-10-23 01:29:13	info	core/server.go:379	server configuration loaded	{"server_count": 1, "tool_count": 1, "router_count": 1}
2025-10-23T09:29:13: [GIN-debug] [WARNING] You trusted all proxies, this is NOT safe. We recommend you to set a value.
2025-10-23T09:29:13: Please check https://pkg.go.dev/github.com/gin-gonic/gin#readme-don-t-trust-all-proxies for details.
2025-10-23T09:29:13: [GIN-debug] Listening and serving HTTP on :5235
2025-10-23T09:39:13: 2025-10-23 01:39:13	info	mcp-gateway/main.go:243	Received ticker signal	{"reload_switch": true}
2025-10-23T09:39:13: 2025-10-23 01:39:13	info	core/server.go:389	Reloading MCP configuration
2025-10-23T09:39:13: 2025-10-23 01:39:13	info	core/server.go:319	Updating MCP configuration
2025-10-23T09:39:13: 2025-10-23 01:39:13	info	core/server.go:343	no updated MCP configurations found, skipping update
2025-10-23T09:39:13: 2025-10-23 01:39:13	info	core/server.go:405	Configuration reloaded successfully
2025-10-23T09:49:13: 2025-10-23 01:49:13	info	mcp-gateway/main.go:243	Received ticker signal	{"reload_switch": true}
2025-10-23T09:49:13: 2025-10-23 01:49:13	info	core/server.go:389	Reloading MCP configuration
2025-10-23T09:49:13: 2025-10-23 01:49:13	info	core/server.go:319	Updating MCP configuration
2025-10-23T09:49:13: 2025-10-23 01:49:13	info	core/server.go:343	no updated MCP configurations found, skipping update
2025-10-23T09:49:13: 2025-10-23 01:49:13	info	core/server.go:405	Configuration reloaded successfully
2025-10-23T09:59:13: 2025-10-23 01:59:13	info	mcp-gateway/main.go:243	Received ticker signal	{"reload_switch": true}
2025-10-23T09:59:13: 2025-10-23 01:59:13	info	core/server.go:389	Reloading MCP configuration
2025-10-23T09:59:13: 2025-10-23 01:59:13	info	core/server.go:319	Updating MCP configuration
2025-10-23T09:59:13: 2025-10-23 01:59:13	info	core/server.go:343	no updated MCP configurations found, skipping update
2025-10-23T09:59:13: 2025-10-23 01:59:13	info	core/server.go:405	Configuration reloaded successfully
2025-10-23T10:09:13: 2025-10-23 02:09:13	info	mcp-gateway/main.go:243	Received ticker signal	{"reload_switch": true}
2025-10-23T10:09:13: 2025-10-23 02:09:13	info	core/server.go:389	Reloading MCP configuration
2025-10-23T10:09:13: 2025-10-23 02:09:13	info	core/server.go:319	Updating MCP configuration
2025-10-23T10:09:13: 2025-10-23 02:09:13	info	core/server.go:343	no updated MCP configurations found, skipping update
2025-10-23T10:09:13: 2025-10-23 02:09:13	info	core/server.go:405	Configuration reloaded successfully
2025-10-23T10:19:13: 2025-10-23 02:19:13	info	mcp-gateway/main.go:243	Received ticker signal	{"reload_switch": true}
2025-10-23T10:19:13: 2025-10-23 02:19:13	info	core/server.go:389	Reloading MCP configuration
2025-10-23T10:19:13: 2025-10-23 02:19:13	info	core/server.go:319	Updating MCP configuration
2025-10-23T10:19:13: 2025-10-23 02:19:13	info	core/server.go:343	no updated MCP configurations found, skipping update
2025-10-23T10:19:13: 2025-10-23 02:19:13	info	core/server.go:405	Configuration reloaded successfully
2025-10-23T10:29:13: 2025-10-23 02:29:13	info	mcp-gateway/main.go:243	Received ticker signal	{"reload_switch": true}
2025-10-23T10:29:13: 2025-10-23 02:29:13	info	core/server.go:389	Reloading MCP configuration
2025-10-23T10:29:13: 2025-10-23 02:29:13	info	core/server.go:319	Updating MCP configuration
2025-10-23T10:29:13: 2025-10-23 02:29:13	info	core/server.go:343	no updated MCP configurations found, skipping update
2025-10-23T10:29:13: 2025-10-23 02:29:13	info	core/server.go:405	Configuration reloaded successfully
2025-10-23T10:39:13: 2025-10-23 02:39:13	info	mcp-gateway/main.go:243	Received ticker signal	{"reload_switch": true}
2025-10-23T10:39:13: 2025-10-23 02:39:13	info	core/server.go:389	Reloading MCP configuration
2025-10-23T10:39:13: 2025-10-23 02:39:13	info	core/server.go:319	Updating MCP configuration
2025-10-23T10:39:13: 2025-10-23 02:39:13	info	core/server.go:343	no updated MCP configurations found, skipping update
2025-10-23T10:39:13: 2025-10-23 02:39:13	info	core/server.go:405	Configuration reloaded successfully
2025-10-23T10:49:13: 2025-10-23 02:49:13	info	mcp-gateway/main.go:243	Received ticker signal	{"reload_switch": true}
2025-10-23T10:49:13: 2025-10-23 02:49:13	info	core/server.go:389	Reloading MCP configuration
2025-10-23T10:49:13: 2025-10-23 02:49:13	info	core/server.go:319	Updating MCP configuration
2025-10-23T10:49:13: 2025-10-23 02:49:13	info	core/server.go:343	no updated MCP configurations found, skipping update
2025-10-23T10:49:13: 2025-10-23 02:49:13	info	core/server.go:405	Configuration reloaded successfully
2025-10-23T10:59:13: 2025-10-23 02:59:13	info	mcp-gateway/main.go:243	Received ticker signal	{"reload_switch": true}
2025-10-23T10:59:13: 2025-10-23 02:59:13	info	core/server.go:389	Reloading MCP configuration
2025-10-23T10:59:13: 2025-10-23 02:59:13	info	core/server.go:319	Updating MCP configuration
2025-10-23T10:59:13: 2025-10-23 02:59:13	info	core/server.go:343	no updated MCP configurations found, skipping update
2025-10-23T10:59:13: 2025-10-23 02:59:13	info	core/server.go:405	Configuration reloaded successfully
2025-10-23T11:09:13: 2025-10-23 03:09:13	info	mcp-gateway/main.go:243	Received ticker signal	{"reload_switch": true}
2025-10-23T11:09:13: 2025-10-23 03:09:13	info	core/server.go:389	Reloading MCP configuration
2025-10-23T11:09:13: 2025-10-23 03:09:13	info	core/server.go:319	Updating MCP configuration
2025-10-23T11:09:13: 2025-10-23 03:09:13	info	core/server.go:343	no updated MCP configurations found, skipping update
2025-10-23T11:09:13: 2025-10-23 03:09:13	info	core/server.go:405	Configuration reloaded successfully
2025-10-23T11:19:13: 2025-10-23 03:19:13	info	mcp-gateway/main.go:243	Received ticker signal	{"reload_switch": true}
2025-10-23T11:19:13: 2025-10-23 03:19:13	info	core/server.go:389	Reloading MCP configuration
2025-10-23T11:19:13: 2025-10-23 03:19:13	info	core/server.go:319	Updating MCP configuration
2025-10-23T11:19:13: 2025-10-23 03:19:13	info	core/server.go:343	no updated MCP configurations found, skipping update
2025-10-23T11:19:13: 2025-10-23 03:19:13	info	core/server.go:405	Configuration reloaded successfully
2025-10-23T11:29:13: 2025-10-23 03:29:13	info	mcp-gateway/main.go:243	Received ticker signal	{"reload_switch": true}
2025-10-23T11:29:13: 2025-10-23 03:29:13	info	core/server.go:389	Reloading MCP configuration
2025-10-23T11:29:13: 2025-10-23 03:29:13	info	core/server.go:319	Updating MCP configuration
2025-10-23T11:29:13: 2025-10-23 03:29:13	info	core/server.go:343	no updated MCP configurations found, skipping update
2025-10-23T11:29:13: 2025-10-23 03:29:13	info	core/server.go:405	Configuration reloaded successfully
2025-10-23T11:39:13: 2025-10-23 03:39:13	info	mcp-gateway/main.go:243	Received ticker signal	{"reload_switch": true}
2025-10-23T11:39:13: 2025-10-23 03:39:13	info	core/server.go:389	Reloading MCP configuration
2025-10-23T11:39:13: 2025-10-23 03:39:13	info	core/server.go:319	Updating MCP configuration
2025-10-23T11:39:13: 2025-10-23 03:39:13	info	core/server.go:343	no updated MCP configurations found, skipping update
2025-10-23T11:39:13: 2025-10-23 03:39:13	info	core/server.go:405	Configuration reloaded successfully
2025-10-23T11:49:13: 2025-10-23 03:49:13	info	mcp-gateway/main.go:243	Received ticker signal	{"reload_switch": true}
2025-10-23T11:49:13: 2025-10-23 03:49:13	info	core/server.go:389	Reloading MCP configuration
2025-10-23T11:49:13: 2025-10-23 03:49:13	info	core/server.go:319	Updating MCP configuration
2025-10-23T11:49:13: 2025-10-23 03:49:13	info	core/server.go:343	no updated MCP configurations found, skipping update
2025-10-23T11:49:13: 2025-10-23 03:49:13	info	core/server.go:405	Configuration reloaded successfully
2025-10-23T11:59:13: 2025-10-23 03:59:13	info	mcp-gateway/main.go:243	Received ticker signal	{"reload_switch": true}
2025-10-23T11:59:13: 2025-10-23 03:59:13	info	core/server.go:389	Reloading MCP configuration
2025-10-23T11:59:13: 2025-10-23 03:59:13	info	core/server.go:319	Updating MCP configuration
2025-10-23T11:59:13: 2025-10-23 03:59:13	info	core/server.go:343	no updated MCP configurations found, skipping update
2025-10-23T11:59:13: 2025-10-23 03:59:13	info	core/server.go:405	Configuration reloaded successfully
2025-10-23T12:09:13: 2025-10-23 04:09:13	info	mcp-gateway/main.go:243	Received ticker signal	{"reload_switch": true}
2025-10-23T12:09:13: 2025-10-23 04:09:13	info	core/server.go:389	Reloading MCP configuration
2025-10-23T12:09:13: 2025-10-23 04:09:13	info	core/server.go:319	Updating MCP configuration
2025-10-23T12:09:13: 2025-10-23 04:09:13	info	core/server.go:343	no updated MCP configurations found, skipping update
2025-10-23T12:09:13: 2025-10-23 04:09:13	info	core/server.go:405	Configuration reloaded successfully
2025-10-23T12:19:13: 2025-10-23 04:19:13	info	mcp-gateway/main.go:243	Received ticker signal	{"reload_switch": true}
2025-10-23T12:19:13: 2025-10-23 04:19:13	info	core/server.go:389	Reloading MCP configuration
2025-10-23T12:19:13: 2025-10-23 04:19:13	info	core/server.go:319	Updating MCP configuration
2025-10-23T12:19:13: 2025-10-23 04:19:13	info	core/server.go:343	no updated MCP configurations found, skipping update
2025-10-23T12:19:13: 2025-10-23 04:19:13	info	core/server.go:405	Configuration reloaded successfully
2025-10-23T12:29:13: 2025-10-23 04:29:13	info	mcp-gateway/main.go:243	Received ticker signal	{"reload_switch": true}
2025-10-23T12:29:13: 2025-10-23 04:29:13	info	core/server.go:389	Reloading MCP configuration
2025-10-23T12:29:13: 2025-10-23 04:29:13	info	core/server.go:319	Updating MCP configuration
2025-10-23T12:29:13: 2025-10-23 04:29:13	info	core/server.go:343	no updated MCP configurations found, skipping update
2025-10-23T12:29:13: 2025-10-23 04:29:13	info	core/server.go:405	Configuration reloaded successfully
2025-10-23T12:39:13: 2025-10-23 04:39:13	info	mcp-gateway/main.go:243	Received ticker signal	{"reload_switch": true}
2025-10-23T12:39:13: 2025-10-23 04:39:13	info	core/server.go:389	Reloading MCP configuration
2025-10-23T12:39:13: 2025-10-23 04:39:13	info	core/server.go:319	Updating MCP configuration
2025-10-23T12:39:13: 2025-10-23 04:39:13	info	core/server.go:343	no updated MCP configurations found, skipping update
2025-10-23T12:39:13: 2025-10-23 04:39:13	info	core/server.go:405	Configuration reloaded successfully
2025-10-23T12:49:13: 2025-10-23 04:49:13	info	mcp-gateway/main.go:243	Received ticker signal	{"reload_switch": true}
2025-10-23T12:49:13: 2025-10-23 04:49:13	info	core/server.go:389	Reloading MCP configuration
2025-10-23T12:49:13: 2025-10-23 04:49:13	info	core/server.go:319	Updating MCP configuration
2025-10-23T12:49:13: 2025-10-23 04:49:13	info	core/server.go:343	no updated MCP configurations found, skipping update
2025-10-23T12:49:13: 2025-10-23 04:49:13	info	core/server.go:405	Configuration reloaded successfully
2025-10-23T12:59:13: 2025-10-23 04:59:13	info	mcp-gateway/main.go:243	Received ticker signal	{"reload_switch": true}
2025-10-23T12:59:13: 2025-10-23 04:59:13	info	core/server.go:389	Reloading MCP configuration
2025-10-23T12:59:13: 2025-10-23 04:59:13	info	core/server.go:319	Updating MCP configuration
2025-10-23T12:59:13: 2025-10-23 04:59:13	info	core/server.go:343	no updated MCP configurations found, skipping update
2025-10-23T12:59:13: 2025-10-23 04:59:13	info	core/server.go:405	Configuration reloaded successfully
2025-10-23T13:09:13: 2025-10-23 05:09:13	info	mcp-gateway/main.go:243	Received ticker signal	{"reload_switch": true}
2025-10-23T13:09:13: 2025-10-23 05:09:13	info	core/server.go:389	Reloading MCP configuration
2025-10-23T13:09:13: 2025-10-23 05:09:13	info	core/server.go:319	Updating MCP configuration
2025-10-23T13:09:13: 2025-10-23 05:09:13	info	core/server.go:343	no updated MCP configurations found, skipping update
2025-10-23T13:09:13: 2025-10-23 05:09:13	info	core/server.go:405	Configuration reloaded successfully
2025-10-23T13:19:13: 2025-10-23 05:19:13	info	mcp-gateway/main.go:243	Received ticker signal	{"reload_switch": true}
2025-10-23T13:19:13: 2025-10-23 05:19:13	info	core/server.go:389	Reloading MCP configuration
2025-10-23T13:19:13: 2025-10-23 05:19:13	info	core/server.go:319	Updating MCP configuration
2025-10-23T13:19:13: 2025-10-23 05:19:13	info	core/server.go:343	no updated MCP configurations found, skipping update
2025-10-23T13:19:13: 2025-10-23 05:19:13	info	core/server.go:405	Configuration reloaded successfully
2025-10-23T13:29:13: 2025-10-23 05:29:13	info	mcp-gateway/main.go:243	Received ticker signal	{"reload_switch": true}
2025-10-23T13:29:13: 2025-10-23 05:29:13	info	core/server.go:389	Reloading MCP configuration
2025-10-23T13:29:13: 2025-10-23 05:29:13	info	core/server.go:319	Updating MCP configuration
2025-10-23T13:29:13: 2025-10-23 05:29:13	info	core/server.go:343	no updated MCP configurations found, skipping update
2025-10-23T13:29:13: 2025-10-23 05:29:13	info	core/server.go:405	Configuration reloaded successfully
2025-10-23T13:39:13: 2025-10-23 05:39:13	info	mcp-gateway/main.go:243	Received ticker signal	{"reload_switch": true}
2025-10-23T13:39:13: 2025-10-23 05:39:13	info	core/server.go:389	Reloading MCP configuration
2025-10-23T13:39:13: 2025-10-23 05:39:13	info	core/server.go:319	Updating MCP configuration
2025-10-23T13:39:13: 2025-10-23 05:39:13	info	core/server.go:343	no updated MCP configurations found, skipping update
2025-10-23T13:39:13: 2025-10-23 05:39:13	info	core/server.go:405	Configuration reloaded successfully
2025-10-23T13:49:13: 2025-10-23 05:49:13	info	mcp-gateway/main.go:243	Received ticker signal	{"reload_switch": true}
2025-10-23T13:49:13: 2025-10-23 05:49:13	info	core/server.go:389	Reloading MCP configuration
2025-10-23T13:49:13: 2025-10-23 05:49:13	info	core/server.go:319	Updating MCP configuration
2025-10-23T13:49:13: 2025-10-23 05:49:13	info	core/server.go:343	no updated MCP configurations found, skipping update
2025-10-23T13:49:13: 2025-10-23 05:49:13	info	core/server.go:405	Configuration reloaded successfully
2025-10-23T13:59:13: 2025-10-23 05:59:13	info	mcp-gateway/main.go:243	Received ticker signal	{"reload_switch": true}
2025-10-23T13:59:13: 2025-10-23 05:59:13	info	core/server.go:389	Reloading MCP configuration
2025-10-23T13:59:13: 2025-10-23 05:59:13	info	core/server.go:319	Updating MCP configuration
2025-10-23T13:59:13: 2025-10-23 05:59:13	info	core/server.go:343	no updated MCP configurations found, skipping update
2025-10-23T13:59:13: 2025-10-23 05:59:13	info	core/server.go:405	Configuration reloaded successfully
2025-10-23T14:09:13: 2025-10-23 06:09:13	info	mcp-gateway/main.go:243	Received ticker signal	{"reload_switch": true}
2025-10-23T14:09:13: 2025-10-23 06:09:13	info	core/server.go:389	Reloading MCP configuration
2025-10-23T14:09:13: 2025-10-23 06:09:13	info	core/server.go:319	Updating MCP configuration
2025-10-23T14:09:13: 2025-10-23 06:09:13	info	core/server.go:343	no updated MCP configurations found, skipping update
2025-10-23T14:09:13: 2025-10-23 06:09:13	info	core/server.go:405	Configuration reloaded successfully
2025-10-23T14:19:13: 2025-10-23 06:19:13	info	mcp-gateway/main.go:243	Received ticker signal	{"reload_switch": true}
2025-10-23T14:19:13: 2025-10-23 06:19:13	info	core/server.go:389	Reloading MCP configuration
2025-10-23T14:19:13: 2025-10-23 06:19:13	info	core/server.go:319	Updating MCP configuration
2025-10-23T14:19:13: 2025-10-23 06:19:13	info	core/server.go:343	no updated MCP configurations found, skipping update
2025-10-23T14:19:13: 2025-10-23 06:19:13	info	core/server.go:405	Configuration reloaded successfully
2025-10-23T14:29:13: 2025-10-23 06:29:13	info	mcp-gateway/main.go:243	Received ticker signal	{"reload_switch": true}
2025-10-23T14:29:13: 2025-10-23 06:29:13	info	core/server.go:389	Reloading MCP configuration
2025-10-23T14:29:13: 2025-10-23 06:29:13	info	core/server.go:319	Updating MCP configuration
2025-10-23T14:29:13: 2025-10-23 06:29:13	info	core/server.go:343	no updated MCP configurations found, skipping update
2025-10-23T14:29:13: 2025-10-23 06:29:13	info	core/server.go:405	Configuration reloaded successfully
2025-10-23T14:39:13: 2025-10-23 06:39:13	info	mcp-gateway/main.go:243	Received ticker signal	{"reload_switch": true}
2025-10-23T14:39:13: 2025-10-23 06:39:13	info	core/server.go:389	Reloading MCP configuration
2025-10-23T14:39:13: 2025-10-23 06:39:13	info	core/server.go:319	Updating MCP configuration
2025-10-23T14:39:13: 2025-10-23 06:39:13	info	core/server.go:343	no updated MCP configurations found, skipping update
2025-10-23T14:39:13: 2025-10-23 06:39:13	info	core/server.go:405	Configuration reloaded successfully
2025-10-23T14:49:13: 2025-10-23 06:49:13	info	mcp-gateway/main.go:243	Received ticker signal	{"reload_switch": true}
2025-10-23T14:49:13: 2025-10-23 06:49:13	info	core/server.go:389	Reloading MCP configuration
2025-10-23T14:49:13: 2025-10-23 06:49:13	info	core/server.go:319	Updating MCP configuration
2025-10-23T14:49:13: 2025-10-23 06:49:13	info	core/server.go:343	no updated MCP configurations found, skipping update
2025-10-23T14:49:13: 2025-10-23 06:49:13	info	core/server.go:405	Configuration reloaded successfully
2025-10-23T14:59:13: 2025-10-23 06:59:13	info	mcp-gateway/main.go:243	Received ticker signal	{"reload_switch": true}
2025-10-23T14:59:13: 2025-10-23 06:59:13	info	core/server.go:389	Reloading MCP configuration
2025-10-23T14:59:13: 2025-10-23 06:59:13	info	core/server.go:319	Updating MCP configuration
2025-10-23T14:59:13: 2025-10-23 06:59:13	info	core/server.go:343	no updated MCP configurations found, skipping update
2025-10-23T14:59:13: 2025-10-23 06:59:13	info	core/server.go:405	Configuration reloaded successfully
2025-10-23T15:09:13: 2025-10-23 07:09:13	info	mcp-gateway/main.go:243	Received ticker signal	{"reload_switch": true}
2025-10-23T15:09:13: 2025-10-23 07:09:13	info	core/server.go:389	Reloading MCP configuration
2025-10-23T15:09:13: 2025-10-23 07:09:13	info	core/server.go:319	Updating MCP configuration
2025-10-23T15:09:13: 2025-10-23 07:09:13	info	core/server.go:343	no updated MCP configurations found, skipping update
2025-10-23T15:09:13: 2025-10-23 07:09:13	info	core/server.go:405	Configuration reloaded successfully
2025-10-23T15:19:13: 2025-10-23 07:19:13	info	mcp-gateway/main.go:243	Received ticker signal	{"reload_switch": true}
2025-10-23T15:19:13: 2025-10-23 07:19:13	info	core/server.go:389	Reloading MCP configuration
2025-10-23T15:19:13: 2025-10-23 07:19:13	info	core/server.go:319	Updating MCP configuration
2025-10-23T15:19:13: 2025-10-23 07:19:13	info	core/server.go:343	no updated MCP configurations found, skipping update
2025-10-23T15:19:13: 2025-10-23 07:19:13	info	core/server.go:405	Configuration reloaded successfully
2025-10-23T15:29:13: 2025-10-23 07:29:13	info	mcp-gateway/main.go:243	Received ticker signal	{"reload_switch": true}
2025-10-23T15:29:13: 2025-10-23 07:29:13	info	core/server.go:389	Reloading MCP configuration
2025-10-23T15:29:13: 2025-10-23 07:29:13	info	core/server.go:319	Updating MCP configuration
2025-10-23T15:29:13: 2025-10-23 07:29:13	info	core/server.go:343	no updated MCP configurations found, skipping update
2025-10-23T15:29:13: 2025-10-23 07:29:13	info	core/server.go:405	Configuration reloaded successfully
2025-10-23T15:39:13: 2025-10-23 07:39:13	info	mcp-gateway/main.go:243	Received ticker signal	{"reload_switch": true}
2025-10-23T15:39:13: 2025-10-23 07:39:13	info	core/server.go:389	Reloading MCP configuration
2025-10-23T15:39:13: 2025-10-23 07:39:13	info	core/server.go:319	Updating MCP configuration
2025-10-23T15:39:13: 2025-10-23 07:39:13	info	core/server.go:343	no updated MCP configurations found, skipping update
2025-10-23T15:39:13: 2025-10-23 07:39:13	info	core/server.go:405	Configuration reloaded successfully
2025-10-23T15:49:13: 2025-10-23 07:49:13	info	mcp-gateway/main.go:243	Received ticker signal	{"reload_switch": true}
2025-10-23T15:49:13: 2025-10-23 07:49:13	info	core/server.go:389	Reloading MCP configuration
2025-10-23T15:49:13: 2025-10-23 07:49:13	info	core/server.go:319	Updating MCP configuration
2025-10-23T15:49:13: 2025-10-23 07:49:13	info	core/server.go:343	no updated MCP configurations found, skipping update
2025-10-23T15:49:13: 2025-10-23 07:49:13	info	core/server.go:405	Configuration reloaded successfully
2025-10-23T15:59:13: 2025-10-23 07:59:13	info	mcp-gateway/main.go:243	Received ticker signal	{"reload_switch": true}
2025-10-23T15:59:13: 2025-10-23 07:59:13	info	core/server.go:389	Reloading MCP configuration
2025-10-23T15:59:13: 2025-10-23 07:59:13	info	core/server.go:319	Updating MCP configuration
2025-10-23T15:59:13: 2025-10-23 07:59:13	info	core/server.go:343	no updated MCP configurations found, skipping update
2025-10-23T15:59:13: 2025-10-23 07:59:13	info	core/server.go:405	Configuration reloaded successfully
2025-10-23T16:09:13: 2025-10-23 08:09:13	info	mcp-gateway/main.go:243	Received ticker signal	{"reload_switch": true}
2025-10-23T16:09:13: 2025-10-23 08:09:13	info	core/server.go:389	Reloading MCP configuration
2025-10-23T16:09:13: 2025-10-23 08:09:13	info	core/server.go:319	Updating MCP configuration
2025-10-23T16:09:13: 2025-10-23 08:09:13	info	core/server.go:343	no updated MCP configurations found, skipping update
2025-10-23T16:09:13: 2025-10-23 08:09:13	info	core/server.go:405	Configuration reloaded successfully
2025-10-23T16:19:13: 2025-10-23 08:19:13	info	mcp-gateway/main.go:243	Received ticker signal	{"reload_switch": true}
2025-10-23T16:19:13: 2025-10-23 08:19:13	info	core/server.go:389	Reloading MCP configuration
2025-10-23T16:19:13: 2025-10-23 08:19:13	info	core/server.go:319	Updating MCP configuration
2025-10-23T16:19:13: 2025-10-23 08:19:13	info	core/server.go:343	no updated MCP configurations found, skipping update
2025-10-23T16:19:13: 2025-10-23 08:19:13	info	core/server.go:405	Configuration reloaded successfully
2025-10-23T16:29:13: 2025-10-23 08:29:13	info	mcp-gateway/main.go:243	Received ticker signal	{"reload_switch": true}
2025-10-23T16:29:13: 2025-10-23 08:29:13	info	core/server.go:389	Reloading MCP configuration
2025-10-23T16:29:13: 2025-10-23 08:29:13	info	core/server.go:319	Updating MCP configuration
2025-10-23T16:29:13: 2025-10-23 08:29:13	info	core/server.go:343	no updated MCP configurations found, skipping update
2025-10-23T16:29:13: 2025-10-23 08:29:13	info	core/server.go:405	Configuration reloaded successfully
2025-10-23T16:39:13: 2025-10-23 08:39:13	info	mcp-gateway/main.go:243	Received ticker signal	{"reload_switch": true}
2025-10-23T16:39:13: 2025-10-23 08:39:13	info	core/server.go:389	Reloading MCP configuration
2025-10-23T16:39:13: 2025-10-23 08:39:13	info	core/server.go:319	Updating MCP configuration
2025-10-23T16:39:13: 2025-10-23 08:39:13	info	core/server.go:343	no updated MCP configurations found, skipping update
2025-10-23T16:39:13: 2025-10-23 08:39:13	info	core/server.go:405	Configuration reloaded successfully
2025-10-23T16:49:13: 2025-10-23 08:49:13	info	mcp-gateway/main.go:243	Received ticker signal	{"reload_switch": true}
2025-10-23T16:49:13: 2025-10-23 08:49:13	info	core/server.go:389	Reloading MCP configuration
2025-10-23T16:49:13: 2025-10-23 08:49:13	info	core/server.go:319	Updating MCP configuration
2025-10-23T16:49:13: 2025-10-23 08:49:13	info	core/server.go:343	no updated MCP configurations found, skipping update
2025-10-23T16:49:13: 2025-10-23 08:49:13	info	core/server.go:405	Configuration reloaded successfully
2025-10-23T16:59:13: 2025-10-23 08:59:13	info	mcp-gateway/main.go:243	Received ticker signal	{"reload_switch": true}
2025-10-23T16:59:13: 2025-10-23 08:59:13	info	core/server.go:389	Reloading MCP configuration
2025-10-23T16:59:13: 2025-10-23 08:59:13	info	core/server.go:319	Updating MCP configuration
2025-10-23T16:59:13: 2025-10-23 08:59:13	info	core/server.go:343	no updated MCP configurations found, skipping update
2025-10-23T16:59:13: 2025-10-23 08:59:13	info	core/server.go:405	Configuration reloaded successfully
2025-10-23T17:09:13: 2025-10-23 09:09:13	info	mcp-gateway/main.go:243	Received ticker signal	{"reload_switch": true}
2025-10-23T17:09:13: 2025-10-23 09:09:13	info	core/server.go:389	Reloading MCP configuration
2025-10-23T17:09:13: 2025-10-23 09:09:13	info	core/server.go:319	Updating MCP configuration
2025-10-23T17:09:13: 2025-10-23 09:09:13	info	core/server.go:343	no updated MCP configurations found, skipping update
2025-10-23T17:09:13: 2025-10-23 09:09:13	info	core/server.go:405	Configuration reloaded successfully
2025-10-23T17:19:13: 2025-10-23 09:19:13	info	mcp-gateway/main.go:243	Received ticker signal	{"reload_switch": true}
2025-10-23T17:19:13: 2025-10-23 09:19:13	info	core/server.go:389	Reloading MCP configuration
2025-10-23T17:19:13: 2025-10-23 09:19:13	info	core/server.go:319	Updating MCP configuration
2025-10-23T17:19:13: 2025-10-23 09:19:13	info	core/server.go:343	no updated MCP configurations found, skipping update
2025-10-23T17:19:13: 2025-10-23 09:19:13	info	core/server.go:405	Configuration reloaded successfully
2025-10-23T17:29:13: 2025-10-23 09:29:13	info	mcp-gateway/main.go:243	Received ticker signal	{"reload_switch": true}
2025-10-23T17:29:13: 2025-10-23 09:29:13	info	core/server.go:389	Reloading MCP configuration
2025-10-23T17:29:13: 2025-10-23 09:29:13	info	core/server.go:319	Updating MCP configuration
2025-10-23T17:29:13: 2025-10-23 09:29:13	info	core/server.go:343	no updated MCP configurations found, skipping update
2025-10-23T17:29:13: 2025-10-23 09:29:13	info	core/server.go:405	Configuration reloaded successfully
2025-10-23T17:39:13: 2025-10-23 09:39:13	info	mcp-gateway/main.go:243	Received ticker signal	{"reload_switch": true}
2025-10-23T17:39:13: 2025-10-23 09:39:13	info	core/server.go:389	Reloading MCP configuration
2025-10-23T17:39:13: 2025-10-23 09:39:13	info	core/server.go:319	Updating MCP configuration
2025-10-23T17:39:13: 2025-10-23 09:39:13	info	core/server.go:343	no updated MCP configurations found, skipping update
2025-10-23T17:39:13: 2025-10-23 09:39:13	info	core/server.go:405	Configuration reloaded successfully
2025-10-23T17:49:13: 2025-10-23 09:49:13	info	mcp-gateway/main.go:243	Received ticker signal	{"reload_switch": true}
2025-10-23T17:49:13: 2025-10-23 09:49:13	info	core/server.go:389	Reloading MCP configuration
2025-10-23T17:49:13: 2025-10-23 09:49:13	info	core/server.go:319	Updating MCP configuration
2025-10-23T17:49:13: 2025-10-23 09:49:13	info	core/server.go:343	no updated MCP configurations found, skipping update
2025-10-23T17:49:13: 2025-10-23 09:49:13	info	core/server.go:405	Configuration reloaded successfully
2025-10-23T17:59:13: 2025-10-23 09:59:13	info	mcp-gateway/main.go:243	Received ticker signal	{"reload_switch": true}
2025-10-23T17:59:13: 2025-10-23 09:59:13	info	core/server.go:389	Reloading MCP configuration
2025-10-23T17:59:13: 2025-10-23 09:59:13	info	core/server.go:319	Updating MCP configuration
2025-10-23T17:59:13: 2025-10-23 09:59:13	info	core/server.go:343	no updated MCP configurations found, skipping update
2025-10-23T17:59:13: 2025-10-23 09:59:13	info	core/server.go:405	Configuration reloaded successfully
2025-10-23T19:09:50: 2025-10-23 11:09:50	info	mcp-gateway/main.go:243	Received ticker signal	{"reload_switch": true}
2025-10-23T19:09:50: 2025-10-23 11:09:50	info	core/server.go:389	Reloading MCP configuration
2025-10-23T19:09:50: 2025-10-23 11:09:50	info	core/server.go:319	Updating MCP configuration
2025-10-23T19:09:50: 2025-10-23 11:09:50	info	core/server.go:343	no updated MCP configurations found, skipping update
2025-10-23T19:09:50: 2025-10-23 11:09:50	info	core/server.go:405	Configuration reloaded successfully
2025-10-23T19:19:50: 2025-10-23 11:19:50	info	mcp-gateway/main.go:243	Received ticker signal	{"reload_switch": true}
2025-10-23T19:19:50: 2025-10-23 11:19:50	info	core/server.go:389	Reloading MCP configuration
2025-10-23T19:19:50: 2025-10-23 11:19:50	info	core/server.go:319	Updating MCP configuration
2025-10-23T19:19:50: 2025-10-23 11:19:50	info	core/server.go:343	no updated MCP configurations found, skipping update
2025-10-23T19:19:50: 2025-10-23 11:19:50	info	core/server.go:405	Configuration reloaded successfully
2025-10-23T19:29:50: 2025-10-23 11:29:50	info	mcp-gateway/main.go:243	Received ticker signal	{"reload_switch": true}
2025-10-23T19:29:50: 2025-10-23 11:29:50	info	core/server.go:389	Reloading MCP configuration
2025-10-23T19:29:50: 2025-10-23 11:29:50	info	core/server.go:319	Updating MCP configuration
2025-10-23T19:29:50: 2025-10-23 11:29:50	info	core/server.go:343	no updated MCP configurations found, skipping update
2025-10-23T19:29:50: 2025-10-23 11:29:50	info	core/server.go:405	Configuration reloaded successfully
2025-10-23T19:39:50: 2025-10-23 11:39:50	info	mcp-gateway/main.go:243	Received ticker signal	{"reload_switch": true}
2025-10-23T19:39:50: 2025-10-23 11:39:50	info	core/server.go:389	Reloading MCP configuration
2025-10-23T19:39:50: 2025-10-23 11:39:50	info	core/server.go:319	Updating MCP configuration
2025-10-23T19:39:50: 2025-10-23 11:39:50	info	core/server.go:343	no updated MCP configurations found, skipping update
2025-10-23T19:39:50: 2025-10-23 11:39:50	info	core/server.go:405	Configuration reloaded successfully
2025-10-23T19:49:50: 2025-10-23 11:49:50	info	mcp-gateway/main.go:243	Received ticker signal	{"reload_switch": true}
2025-10-23T19:49:50: 2025-10-23 11:49:50	info	core/server.go:389	Reloading MCP configuration
2025-10-23T19:49:50: 2025-10-23 11:49:50	info	core/server.go:319	Updating MCP configuration
2025-10-23T19:49:50: 2025-10-23 11:49:50	info	core/server.go:343	no updated MCP configurations found, skipping update
2025-10-23T19:49:50: 2025-10-23 11:49:50	info	core/server.go:405	Configuration reloaded successfully
2025-10-23T19:59:50: 2025-10-23 11:59:50	info	mcp-gateway/main.go:243	Received ticker signal	{"reload_switch": true}
2025-10-23T19:59:50: 2025-10-23 11:59:50	info	core/server.go:389	Reloading MCP configuration
2025-10-23T19:59:50: 2025-10-23 11:59:50	info	core/server.go:319	Updating MCP configuration
2025-10-23T19:59:50: 2025-10-23 11:59:50	info	core/server.go:343	no updated MCP configurations found, skipping update
2025-10-23T19:59:50: 2025-10-23 11:59:50	info	core/server.go:405	Configuration reloaded successfully
2025-10-23T20:09:50: 2025-10-23 12:09:50	info	mcp-gateway/main.go:243	Received ticker signal	{"reload_switch": true}
2025-10-23T20:09:50: 2025-10-23 12:09:50	info	core/server.go:389	Reloading MCP configuration
2025-10-23T20:09:50: 2025-10-23 12:09:50	info	core/server.go:319	Updating MCP configuration
2025-10-23T20:09:50: 2025-10-23 12:09:50	info	core/server.go:343	no updated MCP configurations found, skipping update
2025-10-23T20:09:50: 2025-10-23 12:09:50	info	core/server.go:405	Configuration reloaded successfully
2025-10-23T20:19:50: 2025-10-23 12:19:50	info	mcp-gateway/main.go:243	Received ticker signal	{"reload_switch": true}
2025-10-23T20:19:50: 2025-10-23 12:19:50	info	core/server.go:389	Reloading MCP configuration
2025-10-23T20:19:50: 2025-10-23 12:19:50	info	core/server.go:319	Updating MCP configuration
2025-10-23T20:19:50: 2025-10-23 12:19:50	info	core/server.go:343	no updated MCP configurations found, skipping update
2025-10-23T20:19:50: 2025-10-23 12:19:50	info	core/server.go:405	Configuration reloaded successfully
2025-10-23T20:29:50: 2025-10-23 12:29:50	info	mcp-gateway/main.go:243	Received ticker signal	{"reload_switch": true}
2025-10-23T20:29:50: 2025-10-23 12:29:50	info	core/server.go:389	Reloading MCP configuration
2025-10-23T20:29:50: 2025-10-23 12:29:50	info	core/server.go:319	Updating MCP configuration
2025-10-23T20:29:50: 2025-10-23 12:29:50	info	core/server.go:343	no updated MCP configurations found, skipping update
2025-10-23T20:29:50: 2025-10-23 12:29:50	info	core/server.go:405	Configuration reloaded successfully
2025-10-23T20:39:50: 2025-10-23 12:39:50	info	mcp-gateway/main.go:243	Received ticker signal	{"reload_switch": true}
2025-10-23T20:39:50: 2025-10-23 12:39:50	info	core/server.go:389	Reloading MCP configuration
2025-10-23T20:39:50: 2025-10-23 12:39:50	info	core/server.go:319	Updating MCP configuration
2025-10-23T20:39:50: 2025-10-23 12:39:50	info	core/server.go:343	no updated MCP configurations found, skipping update
2025-10-23T20:39:50: 2025-10-23 12:39:50	info	core/server.go:405	Configuration reloaded successfully
2025-10-23T20:49:50: 2025-10-23 12:49:50	info	mcp-gateway/main.go:243	Received ticker signal	{"reload_switch": true}
2025-10-23T20:49:50: 2025-10-23 12:49:50	info	core/server.go:389	Reloading MCP configuration
2025-10-23T20:49:50: 2025-10-23 12:49:50	info	core/server.go:319	Updating MCP configuration
2025-10-23T20:49:50: 2025-10-23 12:49:50	info	core/server.go:343	no updated MCP configurations found, skipping update
2025-10-23T20:49:50: 2025-10-23 12:49:50	info	core/server.go:405	Configuration reloaded successfully
2025-10-23T20:59:50: 2025-10-23 12:59:50	info	mcp-gateway/main.go:243	Received ticker signal	{"reload_switch": true}
2025-10-23T20:59:50: 2025-10-23 12:59:50	info	core/server.go:389	Reloading MCP configuration
2025-10-23T20:59:50: 2025-10-23 12:59:50	info	core/server.go:319	Updating MCP configuration
2025-10-23T20:59:50: 2025-10-23 12:59:50	info	core/server.go:343	no updated MCP configurations found, skipping update
2025-10-23T20:59:50: 2025-10-23 12:59:50	info	core/server.go:405	Configuration reloaded successfully
2025-10-23T21:09:50: 2025-10-23 13:09:50	info	mcp-gateway/main.go:243	Received ticker signal	{"reload_switch": true}
2025-10-23T21:09:50: 2025-10-23 13:09:50	info	core/server.go:389	Reloading MCP configuration
2025-10-23T21:09:50: 2025-10-23 13:09:50	info	core/server.go:319	Updating MCP configuration
2025-10-23T21:09:50: 2025-10-23 13:09:50	info	core/server.go:343	no updated MCP configurations found, skipping update
2025-10-23T21:09:50: 2025-10-23 13:09:50	info	core/server.go:405	Configuration reloaded successfully
2025-10-23T21:19:50: 2025-10-23 13:19:50	info	mcp-gateway/main.go:243	Received ticker signal	{"reload_switch": true}
2025-10-23T21:19:50: 2025-10-23 13:19:50	info	core/server.go:389	Reloading MCP configuration
2025-10-23T21:19:50: 2025-10-23 13:19:50	info	core/server.go:319	Updating MCP configuration
2025-10-23T21:19:50: 2025-10-23 13:19:50	info	core/server.go:343	no updated MCP configurations found, skipping update
2025-10-23T21:19:50: 2025-10-23 13:19:50	info	core/server.go:405	Configuration reloaded successfully
2025-10-23T21:29:50: 2025-10-23 13:29:50	info	mcp-gateway/main.go:243	Received ticker signal	{"reload_switch": true}
2025-10-23T21:29:50: 2025-10-23 13:29:50	info	core/server.go:389	Reloading MCP configuration
2025-10-23T21:29:50: 2025-10-23 13:29:50	info	core/server.go:319	Updating MCP configuration
2025-10-23T21:29:50: 2025-10-23 13:29:50	info	core/server.go:343	no updated MCP configurations found, skipping update
2025-10-23T21:29:50: 2025-10-23 13:29:50	info	core/server.go:405	Configuration reloaded successfully
2025-10-23T21:39:50: 2025-10-23 13:39:50	info	mcp-gateway/main.go:243	Received ticker signal	{"reload_switch": true}
2025-10-23T21:39:50: 2025-10-23 13:39:50	info	core/server.go:389	Reloading MCP configuration
2025-10-23T21:39:50: 2025-10-23 13:39:50	info	core/server.go:319	Updating MCP configuration
2025-10-23T21:39:50: 2025-10-23 13:39:50	info	core/server.go:343	no updated MCP configurations found, skipping update
2025-10-23T21:39:50: 2025-10-23 13:39:50	info	core/server.go:405	Configuration reloaded successfully
2025-10-23T21:49:50: 2025-10-23 13:49:50	info	mcp-gateway/main.go:243	Received ticker signal	{"reload_switch": true}
2025-10-23T21:49:50: 2025-10-23 13:49:50	info	core/server.go:389	Reloading MCP configuration
2025-10-23T21:49:50: 2025-10-23 13:49:50	info	core/server.go:319	Updating MCP configuration
2025-10-23T21:49:50: 2025-10-23 13:49:50	info	core/server.go:343	no updated MCP configurations found, skipping update
2025-10-23T21:49:50: 2025-10-23 13:49:50	info	core/server.go:405	Configuration reloaded successfully
2025-10-23T21:59:50: 2025-10-23 13:59:50	info	mcp-gateway/main.go:243	Received ticker signal	{"reload_switch": true}
2025-10-23T21:59:50: 2025-10-23 13:59:50	info	core/server.go:389	Reloading MCP configuration
2025-10-23T21:59:50: 2025-10-23 13:59:50	info	core/server.go:319	Updating MCP configuration
2025-10-23T21:59:50: 2025-10-23 13:59:50	info	core/server.go:343	no updated MCP configurations found, skipping update
2025-10-23T21:59:50: 2025-10-23 13:59:50	info	core/server.go:405	Configuration reloaded successfully
2025-10-23T22:09:50: 2025-10-23 14:09:50	info	mcp-gateway/main.go:243	Received ticker signal	{"reload_switch": true}
2025-10-23T22:09:50: 2025-10-23 14:09:50	info	core/server.go:389	Reloading MCP configuration
2025-10-23T22:09:50: 2025-10-23 14:09:50	info	core/server.go:319	Updating MCP configuration
2025-10-23T22:09:50: 2025-10-23 14:09:50	info	core/server.go:343	no updated MCP configurations found, skipping update
2025-10-23T22:09:50: 2025-10-23 14:09:50	info	core/server.go:405	Configuration reloaded successfully
2025-10-23T22:19:50: 2025-10-23 14:19:50	info	mcp-gateway/main.go:243	Received ticker signal	{"reload_switch": true}
2025-10-23T22:19:50: 2025-10-23 14:19:50	info	core/server.go:389	Reloading MCP configuration
2025-10-23T22:19:50: 2025-10-23 14:19:50	info	core/server.go:319	Updating MCP configuration
2025-10-23T22:19:50: 2025-10-23 14:19:50	info	core/server.go:343	no updated MCP configurations found, skipping update
2025-10-23T22:19:50: 2025-10-23 14:19:50	info	core/server.go:405	Configuration reloaded successfully
2025-10-23T22:29:50: 2025-10-23 14:29:50	info	mcp-gateway/main.go:243	Received ticker signal	{"reload_switch": true}
2025-10-23T22:29:50: 2025-10-23 14:29:50	info	core/server.go:389	Reloading MCP configuration
2025-10-23T22:29:50: 2025-10-23 14:29:50	info	core/server.go:319	Updating MCP configuration
2025-10-23T22:29:50: 2025-10-23 14:29:50	info	core/server.go:343	no updated MCP configurations found, skipping update
2025-10-23T22:29:50: 2025-10-23 14:29:50	info	core/server.go:405	Configuration reloaded successfully
2025-10-23T22:39:50: 2025-10-23 14:39:50	info	mcp-gateway/main.go:243	Received ticker signal	{"reload_switch": true}
2025-10-23T22:39:50: 2025-10-23 14:39:50	info	core/server.go:389	Reloading MCP configuration
2025-10-23T22:39:50: 2025-10-23 14:39:50	info	core/server.go:319	Updating MCP configuration
2025-10-23T22:39:50: 2025-10-23 14:39:50	info	core/server.go:343	no updated MCP configurations found, skipping update
2025-10-23T22:39:50: 2025-10-23 14:39:50	info	core/server.go:405	Configuration reloaded successfully
2025-10-23T22:49:50: 2025-10-23 14:49:50	info	mcp-gateway/main.go:243	Received ticker signal	{"reload_switch": true}
2025-10-23T22:49:50: 2025-10-23 14:49:50	info	core/server.go:389	Reloading MCP configuration
2025-10-23T22:49:50: 2025-10-23 14:49:50	info	core/server.go:319	Updating MCP configuration
2025-10-23T22:49:50: 2025-10-23 14:49:50	info	core/server.go:343	no updated MCP configurations found, skipping update
2025-10-23T22:49:50: 2025-10-23 14:49:50	info	core/server.go:405	Configuration reloaded successfully
2025-10-23T22:59:50: 2025-10-23 14:59:50	info	mcp-gateway/main.go:243	Received ticker signal	{"reload_switch": true}
2025-10-23T22:59:50: 2025-10-23 14:59:50	info	core/server.go:389	Reloading MCP configuration
2025-10-23T22:59:50: 2025-10-23 14:59:50	info	core/server.go:319	Updating MCP configuration
2025-10-23T22:59:50: 2025-10-23 14:59:50	info	core/server.go:343	no updated MCP configurations found, skipping update
2025-10-23T22:59:50: 2025-10-23 14:59:50	info	core/server.go:405	Configuration reloaded successfully
2025-10-23T23:05:23: 2025-10-23 15:05:23	info	mcp-gateway/main.go:218	Received shutdown signal, starting graceful shutdown
2025-10-23T23:05:23: 2025-10-23 15:05:23	info	core/server.go:290	shutting down server
2025-10-23T23:05:23: 2025-10-23 15:05:23	info	mcp-gateway/main.go:229	MCP server shutdown completed successfully
2025-10-23T23:05:23: 2025-10-23 15:05:23	info	notifier.signal	notifier/signal.go:61	Signal handler stopped
2025-10-23T23:05:23: 2025-10-23 15:05:23	info	mcp-gateway/main.go:143	Loaded configuration	{"path": "/Users/wxn/Desktop/NextAgentLite/services/configs/unla-configs/mcp-gateway.yaml"}
2025-10-23T23:05:23: 2025-10-23 15:05:23	info	mcp-gateway/main.go:159	Starting mcp-gateway	{"version": "v0.8.6"}
2025-10-23T23:05:23: 2025-10-23 15:05:23	info	storage/factory.go:13	Initializing storage	{"type": "db"}
2025-10-23T23:05:23: 2025-10-23 15:05:23	info	session/factory.go:23	Initializing session store	{"type": "memory"}
2025-10-23T23:05:23: 2025-10-23 15:05:23	info	storage/factory.go:13	Initializing auth storage	{"type": "memory"}
2025-10-23T23:05:23: [GIN-debug] [WARNING] Creating an Engine instance with the Logger and Recovery middleware already attached.
2025-10-23T23:05:23: 
2025-10-23T23:05:23: [GIN-debug] [WARNING] Running in "debug" mode. Switch to "release" mode in production.
2025-10-23T23:05:23:  - using env:	export GIN_MODE=release
2025-10-23T23:05:23:  - using code:	gin.SetMode(gin.ReleaseMode)
2025-10-23T23:05:23: 
2025-10-23T23:05:23: [GIN-debug] Loaded HTML Templates (2): 
2025-10-23T23:05:23: 	- 
2025-10-23T23:05:23: 	- authorize.html
2025-10-23T23:05:23: 
2025-10-23T23:05:23: [GIN-debug] GET    /static/*filepath         --> github.com/gin-gonic/gin.(*RouterGroup).createStaticHandler.func1 (3 handlers)
2025-10-23T23:05:23: [GIN-debug] HEAD   /static/*filepath         --> github.com/gin-gonic/gin.(*RouterGroup).createStaticHandler.func1 (3 handlers)
2025-10-23T23:05:23: [GIN-debug] GET    /health_check             --> github.com/amoylab/unla/internal/core.(*Server).RegisterRoutes.func1 (5 handlers)
2025-10-23T23:05:23: [GIN-debug] OPTIONS /*path                    --> github.com/amoylab/unla/internal/core.(*Server).RegisterRoutes.(*Server).corsMiddleware.func2 (5 handlers)
2025-10-23T23:05:23: [GIN-debug] GET    /.well-known/oauth-authorization-server --> github.com/amoylab/unla/internal/core.(*Server).handleOAuthServerMetadata-fm (6 handlers)
2025-10-23T23:05:23: [GIN-debug] GET    /authorize                --> github.com/amoylab/unla/internal/core.(*Server).handleOAuthAuthorize-fm (6 handlers)
2025-10-23T23:05:23: [GIN-debug] POST   /authorize                --> github.com/amoylab/unla/internal/core.(*Server).handleOAuthAuthorize-fm (6 handlers)
2025-10-23T23:05:23: [GIN-debug] POST   /token                    --> github.com/amoylab/unla/internal/core.(*Server).handleOAuthToken-fm (6 handlers)
2025-10-23T23:05:23: [GIN-debug] POST   /register                 --> github.com/amoylab/unla/internal/core.(*Server).handleOAuthRegister-fm (6 handlers)
2025-10-23T23:05:23: [GIN-debug] POST   /revoke                   --> github.com/amoylab/unla/internal/core.(*Server).handleOAuthRevoke-fm (6 handlers)
2025-10-23T23:05:23: 2025-10-23 15:05:23	info	core/server.go:319	Updating MCP configuration
2025-10-23T23:05:23: 2025-10-23 15:05:23	info	core/server.go:333	loading all MCP configurations	{"count": 3}
2025-10-23T23:05:23: 2025-10-23 15:05:23	info	core/server.go:371	initializing server state
2025-10-23T23:05:23: 2025-10-23 15:05:23	warn	state/state.go:144	failed to find prefix for mcp server	{"server": "playwright"}
2025-10-23T23:05:23: 2025-10-23 15:05:23	info	state/state.go:81	registered router	{"tenant": "default", "prefix": "/gateway/ntcx", "server": "server-test"}
2025-10-23T23:05:23: 2025-10-23 15:05:23	warn	state/state.go:144	failed to find prefix for mcp server	{"server": "vchart-mcp-server"}
2025-10-23T23:05:23: 2025-10-23 15:05:23	info	core/server.go:379	server configuration loaded	{"server_count": 1, "tool_count": 1, "router_count": 1}
2025-10-23T23:05:23: [GIN-debug] [WARNING] You trusted all proxies, this is NOT safe. We recommend you to set a value.
2025-10-23T23:05:23: Please check https://pkg.go.dev/github.com/gin-gonic/gin#readme-don-t-trust-all-proxies for details.
2025-10-23T23:05:23: [GIN-debug] Listening and serving HTTP on :5235
2025-10-23T23:15:23: 2025-10-23 15:15:23	info	mcp-gateway/main.go:243	Received ticker signal	{"reload_switch": true}
2025-10-23T23:15:23: 2025-10-23 15:15:23	info	core/server.go:389	Reloading MCP configuration
2025-10-23T23:15:23: 2025-10-23 15:15:23	info	core/server.go:319	Updating MCP configuration
2025-10-23T23:15:23: 2025-10-23 15:15:23	info	core/server.go:343	no updated MCP configurations found, skipping update
2025-10-23T23:15:23: 2025-10-23 15:15:23	info	core/server.go:405	Configuration reloaded successfully
2025-10-23T23:25:23: 2025-10-23 15:25:23	info	mcp-gateway/main.go:243	Received ticker signal	{"reload_switch": true}
2025-10-23T23:25:23: 2025-10-23 15:25:23	info	core/server.go:389	Reloading MCP configuration
2025-10-23T23:25:23: 2025-10-23 15:25:23	info	core/server.go:319	Updating MCP configuration
2025-10-23T23:25:23: 2025-10-23 15:25:23	info	core/server.go:343	no updated MCP configurations found, skipping update
2025-10-23T23:25:23: 2025-10-23 15:25:23	info	core/server.go:405	Configuration reloaded successfully
2025-10-23T23:35:23: 2025-10-23 15:35:23	info	mcp-gateway/main.go:243	Received ticker signal	{"reload_switch": true}
2025-10-23T23:35:23: 2025-10-23 15:35:23	info	core/server.go:389	Reloading MCP configuration
2025-10-23T23:35:23: 2025-10-23 15:35:23	info	core/server.go:319	Updating MCP configuration
2025-10-23T23:35:23: 2025-10-23 15:35:23	info	core/server.go:343	no updated MCP configurations found, skipping update
2025-10-23T23:35:23: 2025-10-23 15:35:23	info	core/server.go:405	Configuration reloaded successfully
2025-10-23T23:45:23: 2025-10-23 15:45:23	info	mcp-gateway/main.go:243	Received ticker signal	{"reload_switch": true}
2025-10-23T23:45:23: 2025-10-23 15:45:23	info	core/server.go:389	Reloading MCP configuration
2025-10-23T23:45:23: 2025-10-23 15:45:23	info	core/server.go:319	Updating MCP configuration
2025-10-23T23:45:23: 2025-10-23 15:45:23	info	core/server.go:343	no updated MCP configurations found, skipping update
2025-10-23T23:45:23: 2025-10-23 15:45:23	info	core/server.go:405	Configuration reloaded successfully
2025-10-23T23:55:23: 2025-10-23 15:55:23	info	mcp-gateway/main.go:243	Received ticker signal	{"reload_switch": true}
2025-10-23T23:55:23: 2025-10-23 15:55:23	info	core/server.go:389	Reloading MCP configuration
2025-10-23T23:55:23: 2025-10-23 15:55:23	info	core/server.go:319	Updating MCP configuration
2025-10-23T23:55:23: 2025-10-23 15:55:23	info	core/server.go:343	no updated MCP configurations found, skipping update
2025-10-23T23:55:23: 2025-10-23 15:55:23	info	core/server.go:405	Configuration reloaded successfully
2025-10-24T00:05:23: 2025-10-23 16:05:23	info	mcp-gateway/main.go:243	Received ticker signal	{"reload_switch": true}
2025-10-24T00:05:23: 2025-10-23 16:05:23	info	core/server.go:389	Reloading MCP configuration
2025-10-24T00:05:23: 2025-10-23 16:05:23	info	core/server.go:319	Updating MCP configuration
2025-10-24T00:05:23: 2025-10-23 16:05:23	info	core/server.go:343	no updated MCP configurations found, skipping update
2025-10-24T00:05:23: 2025-10-23 16:05:23	info	core/server.go:405	Configuration reloaded successfully
2025-10-24T00:15:23: 2025-10-23 16:15:23	info	mcp-gateway/main.go:243	Received ticker signal	{"reload_switch": true}
2025-10-24T00:15:23: 2025-10-23 16:15:23	info	core/server.go:389	Reloading MCP configuration
2025-10-24T00:15:23: 2025-10-23 16:15:23	info	core/server.go:319	Updating MCP configuration
2025-10-24T00:15:23: 2025-10-23 16:15:23	info	core/server.go:343	no updated MCP configurations found, skipping update
2025-10-24T00:15:23: 2025-10-23 16:15:23	info	core/server.go:405	Configuration reloaded successfully
2025-10-24T00:25:23: 2025-10-23 16:25:23	info	mcp-gateway/main.go:243	Received ticker signal	{"reload_switch": true}
2025-10-24T00:25:23: 2025-10-23 16:25:23	info	core/server.go:389	Reloading MCP configuration
2025-10-24T00:25:23: 2025-10-23 16:25:23	info	core/server.go:319	Updating MCP configuration
2025-10-24T00:25:23: 2025-10-23 16:25:23	info	core/server.go:343	no updated MCP configurations found, skipping update
2025-10-24T00:25:23: 2025-10-23 16:25:23	info	core/server.go:405	Configuration reloaded successfully
2025-10-24T00:35:23: 2025-10-23 16:35:23	info	mcp-gateway/main.go:243	Received ticker signal	{"reload_switch": true}
2025-10-24T00:35:23: 2025-10-23 16:35:23	info	core/server.go:389	Reloading MCP configuration
2025-10-24T00:35:23: 2025-10-23 16:35:23	info	core/server.go:319	Updating MCP configuration
2025-10-24T00:35:23: 2025-10-23 16:35:23	info	core/server.go:343	no updated MCP configurations found, skipping update
2025-10-24T00:35:23: 2025-10-23 16:35:23	info	core/server.go:405	Configuration reloaded successfully
2025-10-24T00:45:23: 2025-10-23 16:45:23	info	mcp-gateway/main.go:243	Received ticker signal	{"reload_switch": true}
2025-10-24T00:45:23: 2025-10-23 16:45:23	info	core/server.go:389	Reloading MCP configuration
2025-10-24T00:45:23: 2025-10-23 16:45:23	info	core/server.go:319	Updating MCP configuration
2025-10-24T00:45:23: 2025-10-23 16:45:23	info	core/server.go:343	no updated MCP configurations found, skipping update
2025-10-24T00:45:23: 2025-10-23 16:45:23	info	core/server.go:405	Configuration reloaded successfully
2025-10-24T00:55:23: 2025-10-23 16:55:23	info	mcp-gateway/main.go:243	Received ticker signal	{"reload_switch": true}
2025-10-24T00:55:23: 2025-10-23 16:55:23	info	core/server.go:389	Reloading MCP configuration
2025-10-24T00:55:23: 2025-10-23 16:55:23	info	core/server.go:319	Updating MCP configuration
2025-10-24T00:55:23: 2025-10-23 16:55:23	info	core/server.go:343	no updated MCP configurations found, skipping update
2025-10-24T00:55:23: 2025-10-23 16:55:23	info	core/server.go:405	Configuration reloaded successfully
2025-10-24T01:05:23: 2025-10-23 17:05:23	info	mcp-gateway/main.go:243	Received ticker signal	{"reload_switch": true}
2025-10-24T01:05:23: 2025-10-23 17:05:23	info	core/server.go:389	Reloading MCP configuration
2025-10-24T01:05:23: 2025-10-23 17:05:23	info	core/server.go:319	Updating MCP configuration
2025-10-24T01:05:23: 2025-10-23 17:05:23	info	core/server.go:343	no updated MCP configurations found, skipping update
2025-10-24T01:05:23: 2025-10-23 17:05:23	info	core/server.go:405	Configuration reloaded successfully
2025-10-24T01:15:23: 2025-10-23 17:15:23	info	mcp-gateway/main.go:243	Received ticker signal	{"reload_switch": true}
2025-10-24T01:15:23: 2025-10-23 17:15:23	info	core/server.go:389	Reloading MCP configuration
2025-10-24T01:15:23: 2025-10-23 17:15:23	info	core/server.go:319	Updating MCP configuration
2025-10-24T01:15:23: 2025-10-23 17:15:23	info	core/server.go:343	no updated MCP configurations found, skipping update
2025-10-24T01:15:23: 2025-10-23 17:15:23	info	core/server.go:405	Configuration reloaded successfully
2025-10-24T06:25:37: 2025-10-23 22:25:37	info	mcp-gateway/main.go:243	Received ticker signal	{"reload_switch": true}
2025-10-24T06:25:37: 2025-10-23 22:25:37	info	core/server.go:389	Reloading MCP configuration
2025-10-24T06:25:37: 2025-10-23 22:25:37	info	core/server.go:319	Updating MCP configuration
2025-10-24T06:25:37: 2025-10-23 22:25:37	info	core/server.go:343	no updated MCP configurations found, skipping update
2025-10-24T06:25:37: 2025-10-23 22:25:37	info	core/server.go:405	Configuration reloaded successfully
2025-10-24T08:59:09: 2025-10-24 00:59:09	info	mcp-gateway/main.go:243	Received ticker signal	{"reload_switch": true}
2025-10-24T08:59:09: 2025-10-24 00:59:09	info	core/server.go:389	Reloading MCP configuration
2025-10-24T08:59:09: 2025-10-24 00:59:09	info	core/server.go:319	Updating MCP configuration
2025-10-24T08:59:09: 2025-10-24 00:59:09	info	core/server.go:343	no updated MCP configurations found, skipping update
2025-10-24T08:59:09: 2025-10-24 00:59:09	info	core/server.go:405	Configuration reloaded successfully
2025-10-24T09:09:09: 2025-10-24 01:09:09	info	mcp-gateway/main.go:243	Received ticker signal	{"reload_switch": true}
2025-10-24T09:09:09: 2025-10-24 01:09:09	info	core/server.go:389	Reloading MCP configuration
2025-10-24T09:09:09: 2025-10-24 01:09:09	info	core/server.go:319	Updating MCP configuration
2025-10-24T09:09:09: 2025-10-24 01:09:09	info	core/server.go:343	no updated MCP configurations found, skipping update
2025-10-24T09:09:09: 2025-10-24 01:09:09	info	core/server.go:405	Configuration reloaded successfully
2025-10-24T09:19:09: 2025-10-24 01:19:09	info	mcp-gateway/main.go:243	Received ticker signal	{"reload_switch": true}
2025-10-24T09:19:09: 2025-10-24 01:19:09	info	core/server.go:389	Reloading MCP configuration
2025-10-24T09:19:09: 2025-10-24 01:19:09	info	core/server.go:319	Updating MCP configuration
2025-10-24T09:19:09: 2025-10-24 01:19:09	info	core/server.go:343	no updated MCP configurations found, skipping update
2025-10-24T09:19:09: 2025-10-24 01:19:09	info	core/server.go:405	Configuration reloaded successfully
2025-10-24T09:29:09: 2025-10-24 01:29:09	info	mcp-gateway/main.go:243	Received ticker signal	{"reload_switch": true}
2025-10-24T09:29:09: 2025-10-24 01:29:09	info	core/server.go:389	Reloading MCP configuration
2025-10-24T09:29:09: 2025-10-24 01:29:09	info	core/server.go:319	Updating MCP configuration
2025-10-24T09:29:09: 2025-10-24 01:29:09	info	core/server.go:343	no updated MCP configurations found, skipping update
2025-10-24T09:29:09: 2025-10-24 01:29:09	info	core/server.go:405	Configuration reloaded successfully
2025-10-24T09:39:09: 2025-10-24 01:39:09	info	mcp-gateway/main.go:243	Received ticker signal	{"reload_switch": true}
2025-10-24T09:39:09: 2025-10-24 01:39:09	info	core/server.go:389	Reloading MCP configuration
2025-10-24T09:39:09: 2025-10-24 01:39:09	info	core/server.go:319	Updating MCP configuration
2025-10-24T09:39:09: 2025-10-24 01:39:09	info	core/server.go:343	no updated MCP configurations found, skipping update
2025-10-24T09:39:09: 2025-10-24 01:39:09	info	core/server.go:405	Configuration reloaded successfully
2025-10-24T09:49:09: 2025-10-24 01:49:09	info	mcp-gateway/main.go:243	Received ticker signal	{"reload_switch": true}
2025-10-24T09:49:09: 2025-10-24 01:49:09	info	core/server.go:389	Reloading MCP configuration
2025-10-24T09:49:09: 2025-10-24 01:49:09	info	core/server.go:319	Updating MCP configuration
2025-10-24T09:49:09: 2025-10-24 01:49:09	info	core/server.go:343	no updated MCP configurations found, skipping update
2025-10-24T09:49:09: 2025-10-24 01:49:09	info	core/server.go:405	Configuration reloaded successfully
2025-10-24T09:59:09: 2025-10-24 01:59:09	info	mcp-gateway/main.go:243	Received ticker signal	{"reload_switch": true}
2025-10-24T09:59:09: 2025-10-24 01:59:09	info	core/server.go:389	Reloading MCP configuration
2025-10-24T09:59:09: 2025-10-24 01:59:09	info	core/server.go:319	Updating MCP configuration
2025-10-24T09:59:09: 2025-10-24 01:59:09	info	core/server.go:343	no updated MCP configurations found, skipping update
2025-10-24T09:59:09: 2025-10-24 01:59:09	info	core/server.go:405	Configuration reloaded successfully
2025-10-24T10:09:09: 2025-10-24 02:09:09	info	mcp-gateway/main.go:243	Received ticker signal	{"reload_switch": true}
2025-10-24T10:09:09: 2025-10-24 02:09:09	info	core/server.go:389	Reloading MCP configuration
2025-10-24T10:09:09: 2025-10-24 02:09:09	info	core/server.go:319	Updating MCP configuration
2025-10-24T10:09:09: 2025-10-24 02:09:09	info	core/server.go:343	no updated MCP configurations found, skipping update
2025-10-24T10:09:09: 2025-10-24 02:09:09	info	core/server.go:405	Configuration reloaded successfully
2025-10-24T10:19:09: 2025-10-24 02:19:09	info	mcp-gateway/main.go:243	Received ticker signal	{"reload_switch": true}
2025-10-24T10:19:09: 2025-10-24 02:19:09	info	core/server.go:389	Reloading MCP configuration
2025-10-24T10:19:09: 2025-10-24 02:19:09	info	core/server.go:319	Updating MCP configuration
2025-10-24T10:19:09: 2025-10-24 02:19:09	info	core/server.go:343	no updated MCP configurations found, skipping update
2025-10-24T10:19:09: 2025-10-24 02:19:09	info	core/server.go:405	Configuration reloaded successfully
2025-10-24T10:29:09: 2025-10-24 02:29:09	info	mcp-gateway/main.go:243	Received ticker signal	{"reload_switch": true}
2025-10-24T10:29:09: 2025-10-24 02:29:09	info	core/server.go:389	Reloading MCP configuration
2025-10-24T10:29:09: 2025-10-24 02:29:09	info	core/server.go:319	Updating MCP configuration
2025-10-24T10:29:09: 2025-10-24 02:29:09	info	core/server.go:343	no updated MCP configurations found, skipping update
2025-10-24T10:29:09: 2025-10-24 02:29:09	info	core/server.go:405	Configuration reloaded successfully
2025-10-24T10:39:09: 2025-10-24 02:39:09	info	mcp-gateway/main.go:243	Received ticker signal	{"reload_switch": true}
2025-10-24T10:39:09: 2025-10-24 02:39:09	info	core/server.go:389	Reloading MCP configuration
2025-10-24T10:39:09: 2025-10-24 02:39:09	info	core/server.go:319	Updating MCP configuration
2025-10-24T10:39:09: 2025-10-24 02:39:09	info	core/server.go:343	no updated MCP configurations found, skipping update
2025-10-24T10:39:09: 2025-10-24 02:39:09	info	core/server.go:405	Configuration reloaded successfully
2025-10-24T10:49:09: 2025-10-24 02:49:09	info	mcp-gateway/main.go:243	Received ticker signal	{"reload_switch": true}
2025-10-24T10:49:09: 2025-10-24 02:49:09	info	core/server.go:389	Reloading MCP configuration
2025-10-24T10:49:09: 2025-10-24 02:49:09	info	core/server.go:319	Updating MCP configuration
2025-10-24T10:49:09: 2025-10-24 02:49:09	info	core/server.go:343	no updated MCP configurations found, skipping update
2025-10-24T10:49:09: 2025-10-24 02:49:09	info	core/server.go:405	Configuration reloaded successfully
2025-10-24T10:59:09: 2025-10-24 02:59:09	info	mcp-gateway/main.go:243	Received ticker signal	{"reload_switch": true}
2025-10-24T10:59:09: 2025-10-24 02:59:09	info	core/server.go:389	Reloading MCP configuration
2025-10-24T10:59:09: 2025-10-24 02:59:09	info	core/server.go:319	Updating MCP configuration
2025-10-24T10:59:09: 2025-10-24 02:59:09	info	core/server.go:343	no updated MCP configurations found, skipping update
2025-10-24T10:59:09: 2025-10-24 02:59:09	info	core/server.go:405	Configuration reloaded successfully
2025-10-24T11:09:09: 2025-10-24 03:09:09	info	mcp-gateway/main.go:243	Received ticker signal	{"reload_switch": true}
2025-10-24T11:09:09: 2025-10-24 03:09:09	info	core/server.go:389	Reloading MCP configuration
2025-10-24T11:09:09: 2025-10-24 03:09:09	info	core/server.go:319	Updating MCP configuration
2025-10-24T11:09:09: 2025-10-24 03:09:09	info	core/server.go:343	no updated MCP configurations found, skipping update
2025-10-24T11:09:09: 2025-10-24 03:09:09	info	core/server.go:405	Configuration reloaded successfully
2025-10-24T11:19:09: 2025-10-24 03:19:09	info	mcp-gateway/main.go:243	Received ticker signal	{"reload_switch": true}
2025-10-24T11:19:09: 2025-10-24 03:19:09	info	core/server.go:389	Reloading MCP configuration
2025-10-24T11:19:09: 2025-10-24 03:19:09	info	core/server.go:319	Updating MCP configuration
2025-10-24T11:19:09: 2025-10-24 03:19:09	info	core/server.go:343	no updated MCP configurations found, skipping update
2025-10-24T11:19:09: 2025-10-24 03:19:09	info	core/server.go:405	Configuration reloaded successfully
2025-10-24T11:29:09: 2025-10-24 03:29:09	info	mcp-gateway/main.go:243	Received ticker signal	{"reload_switch": true}
2025-10-24T11:29:09: 2025-10-24 03:29:09	info	core/server.go:389	Reloading MCP configuration
2025-10-24T11:29:09: 2025-10-24 03:29:09	info	core/server.go:319	Updating MCP configuration
2025-10-24T11:29:09: 2025-10-24 03:29:09	info	core/server.go:343	no updated MCP configurations found, skipping update
2025-10-24T11:29:09: 2025-10-24 03:29:09	info	core/server.go:405	Configuration reloaded successfully
2025-10-24T11:39:09: 2025-10-24 03:39:09	info	mcp-gateway/main.go:243	Received ticker signal	{"reload_switch": true}
2025-10-24T11:39:09: 2025-10-24 03:39:09	info	core/server.go:389	Reloading MCP configuration
2025-10-24T11:39:09: 2025-10-24 03:39:09	info	core/server.go:319	Updating MCP configuration
2025-10-24T11:39:09: 2025-10-24 03:39:09	info	core/server.go:343	no updated MCP configurations found, skipping update
2025-10-24T11:39:09: 2025-10-24 03:39:09	info	core/server.go:405	Configuration reloaded successfully
2025-10-24T11:49:09: 2025-10-24 03:49:09	info	mcp-gateway/main.go:243	Received ticker signal	{"reload_switch": true}
2025-10-24T11:49:09: 2025-10-24 03:49:09	info	core/server.go:389	Reloading MCP configuration
2025-10-24T11:49:09: 2025-10-24 03:49:09	info	core/server.go:319	Updating MCP configuration
2025-10-24T11:49:09: 2025-10-24 03:49:09	info	core/server.go:343	no updated MCP configurations found, skipping update
2025-10-24T11:49:09: 2025-10-24 03:49:09	info	core/server.go:405	Configuration reloaded successfully
2025-10-24T11:59:09: 2025-10-24 03:59:09	info	mcp-gateway/main.go:243	Received ticker signal	{"reload_switch": true}
2025-10-24T11:59:09: 2025-10-24 03:59:09	info	core/server.go:389	Reloading MCP configuration
2025-10-24T11:59:09: 2025-10-24 03:59:09	info	core/server.go:319	Updating MCP configuration
2025-10-24T11:59:09: 2025-10-24 03:59:09	info	core/server.go:343	no updated MCP configurations found, skipping update
2025-10-24T11:59:09: 2025-10-24 03:59:09	info	core/server.go:405	Configuration reloaded successfully
2025-10-24T12:09:09: 2025-10-24 04:09:09	info	mcp-gateway/main.go:243	Received ticker signal	{"reload_switch": true}
2025-10-24T12:09:09: 2025-10-24 04:09:09	info	core/server.go:389	Reloading MCP configuration
2025-10-24T12:09:09: 2025-10-24 04:09:09	info	core/server.go:319	Updating MCP configuration
2025-10-24T12:09:09: 2025-10-24 04:09:09	info	core/server.go:343	no updated MCP configurations found, skipping update
2025-10-24T12:09:09: 2025-10-24 04:09:09	info	core/server.go:405	Configuration reloaded successfully
2025-10-24T12:19:09: 2025-10-24 04:19:09	info	mcp-gateway/main.go:243	Received ticker signal	{"reload_switch": true}
2025-10-24T12:19:09: 2025-10-24 04:19:09	info	core/server.go:389	Reloading MCP configuration
2025-10-24T12:19:09: 2025-10-24 04:19:09	info	core/server.go:319	Updating MCP configuration
2025-10-24T12:19:09: 2025-10-24 04:19:09	info	core/server.go:343	no updated MCP configurations found, skipping update
2025-10-24T12:19:09: 2025-10-24 04:19:09	info	core/server.go:405	Configuration reloaded successfully
2025-10-24T12:29:09: 2025-10-24 04:29:09	info	mcp-gateway/main.go:243	Received ticker signal	{"reload_switch": true}
2025-10-24T12:29:09: 2025-10-24 04:29:09	info	core/server.go:389	Reloading MCP configuration
2025-10-24T12:29:09: 2025-10-24 04:29:09	info	core/server.go:319	Updating MCP configuration
2025-10-24T12:29:09: 2025-10-24 04:29:09	info	core/server.go:343	no updated MCP configurations found, skipping update
2025-10-24T12:29:09: 2025-10-24 04:29:09	info	core/server.go:405	Configuration reloaded successfully
2025-10-24T12:39:09: 2025-10-24 04:39:09	info	mcp-gateway/main.go:243	Received ticker signal	{"reload_switch": true}
2025-10-24T12:39:09: 2025-10-24 04:39:09	info	core/server.go:389	Reloading MCP configuration
2025-10-24T12:39:09: 2025-10-24 04:39:09	info	core/server.go:319	Updating MCP configuration
2025-10-24T12:39:09: 2025-10-24 04:39:09	info	core/server.go:343	no updated MCP configurations found, skipping update
2025-10-24T12:39:09: 2025-10-24 04:39:09	info	core/server.go:405	Configuration reloaded successfully
2025-10-24T12:49:09: 2025-10-24 04:49:09	info	mcp-gateway/main.go:243	Received ticker signal	{"reload_switch": true}
2025-10-24T12:49:09: 2025-10-24 04:49:09	info	core/server.go:389	Reloading MCP configuration
2025-10-24T12:49:09: 2025-10-24 04:49:09	info	core/server.go:319	Updating MCP configuration
2025-10-24T12:49:09: 2025-10-24 04:49:09	info	core/server.go:343	no updated MCP configurations found, skipping update
2025-10-24T12:49:09: 2025-10-24 04:49:09	info	core/server.go:405	Configuration reloaded successfully
2025-10-24T12:59:09: 2025-10-24 04:59:09	info	mcp-gateway/main.go:243	Received ticker signal	{"reload_switch": true}
2025-10-24T12:59:09: 2025-10-24 04:59:09	info	core/server.go:389	Reloading MCP configuration
2025-10-24T12:59:09: 2025-10-24 04:59:09	info	core/server.go:319	Updating MCP configuration
2025-10-24T12:59:09: 2025-10-24 04:59:09	info	core/server.go:343	no updated MCP configurations found, skipping update
2025-10-24T12:59:09: 2025-10-24 04:59:09	info	core/server.go:405	Configuration reloaded successfully
2025-10-24T13:03:17: 2025-10-24 05:03:17	info	mcp-gateway/main.go:218	Received shutdown signal, starting graceful shutdown
2025-10-24T13:03:17: 2025-10-24 05:03:17	info	core/server.go:290	shutting down server
2025-10-24T13:03:17: 2025-10-24 05:03:17	info	mcp-gateway/main.go:229	MCP server shutdown completed successfully
2025-10-24T13:03:17: 2025-10-24 05:03:17	info	notifier.signal	notifier/signal.go:61	Signal handler stopped
2025-10-24T13:03:17: 2025-10-24 05:03:17	info	mcp-gateway/main.go:143	Loaded configuration	{"path": "/Users/wxn/Desktop/NextAgentLite/services/configs/unla-configs/mcp-gateway.yaml"}
2025-10-24T13:03:17: 2025-10-24 05:03:17	info	mcp-gateway/main.go:159	Starting mcp-gateway	{"version": "v0.8.6"}
2025-10-24T13:03:17: 2025-10-24 05:03:17	info	storage/factory.go:13	Initializing storage	{"type": "db"}
2025-10-24T13:03:17: 2025-10-24 05:03:17	info	session/factory.go:23	Initializing session store	{"type": "memory"}
2025-10-24T13:03:17: 2025-10-24 05:03:17	info	storage/factory.go:13	Initializing auth storage	{"type": "memory"}
2025-10-24T13:03:17: [GIN-debug] [WARNING] Creating an Engine instance with the Logger and Recovery middleware already attached.
2025-10-24T13:03:17: 
2025-10-24T13:03:17: [GIN-debug] [WARNING] Running in "debug" mode. Switch to "release" mode in production.
2025-10-24T13:03:17:  - using env:	export GIN_MODE=release
2025-10-24T13:03:17:  - using code:	gin.SetMode(gin.ReleaseMode)
2025-10-24T13:03:17: 
2025-10-24T13:03:17: [GIN-debug] Loaded HTML Templates (2): 
2025-10-24T13:03:17: 	- authorize.html
2025-10-24T13:03:17: 	- 
2025-10-24T13:03:17: 
2025-10-24T13:03:17: [GIN-debug] GET    /static/*filepath         --> github.com/gin-gonic/gin.(*RouterGroup).createStaticHandler.func1 (3 handlers)
2025-10-24T13:03:17: [GIN-debug] HEAD   /static/*filepath         --> github.com/gin-gonic/gin.(*RouterGroup).createStaticHandler.func1 (3 handlers)
2025-10-24T13:03:17: [GIN-debug] GET    /health_check             --> github.com/amoylab/unla/internal/core.(*Server).RegisterRoutes.func1 (5 handlers)
2025-10-24T13:03:17: [GIN-debug] OPTIONS /*path                    --> github.com/amoylab/unla/internal/core.(*Server).RegisterRoutes.(*Server).corsMiddleware.func2 (5 handlers)
2025-10-24T13:03:17: [GIN-debug] GET    /.well-known/oauth-authorization-server --> github.com/amoylab/unla/internal/core.(*Server).handleOAuthServerMetadata-fm (6 handlers)
2025-10-24T13:03:17: [GIN-debug] GET    /authorize                --> github.com/amoylab/unla/internal/core.(*Server).handleOAuthAuthorize-fm (6 handlers)
2025-10-24T13:03:17: [GIN-debug] POST   /authorize                --> github.com/amoylab/unla/internal/core.(*Server).handleOAuthAuthorize-fm (6 handlers)
2025-10-24T13:03:17: [GIN-debug] POST   /token                    --> github.com/amoylab/unla/internal/core.(*Server).handleOAuthToken-fm (6 handlers)
2025-10-24T13:03:17: [GIN-debug] POST   /register                 --> github.com/amoylab/unla/internal/core.(*Server).handleOAuthRegister-fm (6 handlers)
2025-10-24T13:03:17: [GIN-debug] POST   /revoke                   --> github.com/amoylab/unla/internal/core.(*Server).handleOAuthRevoke-fm (6 handlers)
2025-10-24T13:03:17: 2025-10-24 05:03:17	info	core/server.go:319	Updating MCP configuration
2025-10-24T13:03:17: 2025-10-24 05:03:17	info	core/server.go:333	loading all MCP configurations	{"count": 3}
2025-10-24T13:03:17: 2025-10-24 05:03:17	info	core/server.go:371	initializing server state
2025-10-24T13:03:17: 2025-10-24 05:03:17	warn	state/state.go:144	failed to find prefix for mcp server	{"server": "playwright"}
2025-10-24T13:03:17: 2025-10-24 05:03:17	info	state/state.go:81	registered router	{"tenant": "default", "prefix": "/gateway/ntcx", "server": "server-test"}
2025-10-24T13:03:17: 2025-10-24 05:03:17	warn	state/state.go:144	failed to find prefix for mcp server	{"server": "vchart-mcp-server"}
2025-10-24T13:03:17: 2025-10-24 05:03:17	info	core/server.go:379	server configuration loaded	{"server_count": 1, "tool_count": 1, "router_count": 1}
2025-10-24T13:03:17: [GIN-debug] [WARNING] You trusted all proxies, this is NOT safe. We recommend you to set a value.
2025-10-24T13:03:17: Please check https://pkg.go.dev/github.com/gin-gonic/gin#readme-don-t-trust-all-proxies for details.
2025-10-24T13:03:17: [GIN-debug] Listening and serving HTTP on :5235
2025-10-24T13:13:17: 2025-10-24 05:13:17	info	mcp-gateway/main.go:243	Received ticker signal	{"reload_switch": true}
2025-10-24T13:13:17: 2025-10-24 05:13:17	info	core/server.go:389	Reloading MCP configuration
2025-10-24T13:13:17: 2025-10-24 05:13:17	info	core/server.go:319	Updating MCP configuration
2025-10-24T13:13:17: 2025-10-24 05:13:17	info	core/server.go:343	no updated MCP configurations found, skipping update
2025-10-24T13:13:17: 2025-10-24 05:13:17	info	core/server.go:405	Configuration reloaded successfully
2025-10-24T13:23:17: 2025-10-24 05:23:17	info	mcp-gateway/main.go:243	Received ticker signal	{"reload_switch": true}
2025-10-24T13:23:17: 2025-10-24 05:23:17	info	core/server.go:389	Reloading MCP configuration
2025-10-24T13:23:17: 2025-10-24 05:23:17	info	core/server.go:319	Updating MCP configuration
2025-10-24T13:23:17: 2025-10-24 05:23:17	info	core/server.go:343	no updated MCP configurations found, skipping update
2025-10-24T13:23:17: 2025-10-24 05:23:17	info	core/server.go:405	Configuration reloaded successfully
2025-10-24T13:33:17: 2025-10-24 05:33:17	info	mcp-gateway/main.go:243	Received ticker signal	{"reload_switch": true}
2025-10-24T13:33:17: 2025-10-24 05:33:17	info	core/server.go:389	Reloading MCP configuration
2025-10-24T13:33:17: 2025-10-24 05:33:17	info	core/server.go:319	Updating MCP configuration
2025-10-24T13:33:17: 2025-10-24 05:33:17	info	core/server.go:343	no updated MCP configurations found, skipping update
2025-10-24T13:33:17: 2025-10-24 05:33:17	info	core/server.go:405	Configuration reloaded successfully
2025-10-24T13:43:17: 2025-10-24 05:43:17	info	mcp-gateway/main.go:243	Received ticker signal	{"reload_switch": true}
2025-10-24T13:43:17: 2025-10-24 05:43:17	info	core/server.go:389	Reloading MCP configuration
2025-10-24T13:43:17: 2025-10-24 05:43:17	info	core/server.go:319	Updating MCP configuration
2025-10-24T13:43:17: 2025-10-24 05:43:17	info	core/server.go:343	no updated MCP configurations found, skipping update
2025-10-24T13:43:17: 2025-10-24 05:43:17	info	core/server.go:405	Configuration reloaded successfully
2025-10-24T13:53:17: 2025-10-24 05:53:17	info	mcp-gateway/main.go:243	Received ticker signal	{"reload_switch": true}
2025-10-24T13:53:17: 2025-10-24 05:53:17	info	core/server.go:389	Reloading MCP configuration
2025-10-24T13:53:17: 2025-10-24 05:53:17	info	core/server.go:319	Updating MCP configuration
2025-10-24T13:53:17: 2025-10-24 05:53:17	info	core/server.go:343	no updated MCP configurations found, skipping update
2025-10-24T13:53:17: 2025-10-24 05:53:17	info	core/server.go:405	Configuration reloaded successfully
2025-10-24T14:03:17: 2025-10-24 06:03:17	info	mcp-gateway/main.go:243	Received ticker signal	{"reload_switch": true}
2025-10-24T14:03:17: 2025-10-24 06:03:17	info	core/server.go:389	Reloading MCP configuration
2025-10-24T14:03:17: 2025-10-24 06:03:17	info	core/server.go:319	Updating MCP configuration
2025-10-24T14:03:17: 2025-10-24 06:03:17	info	core/server.go:343	no updated MCP configurations found, skipping update
2025-10-24T14:03:17: 2025-10-24 06:03:17	info	core/server.go:405	Configuration reloaded successfully
2025-10-24T14:13:17: 2025-10-24 06:13:17	info	mcp-gateway/main.go:243	Received ticker signal	{"reload_switch": true}
2025-10-24T14:13:17: 2025-10-24 06:13:17	info	core/server.go:389	Reloading MCP configuration
2025-10-24T14:13:17: 2025-10-24 06:13:17	info	core/server.go:319	Updating MCP configuration
2025-10-24T14:13:17: 2025-10-24 06:13:17	info	core/server.go:343	no updated MCP configurations found, skipping update
2025-10-24T14:13:17: 2025-10-24 06:13:17	info	core/server.go:405	Configuration reloaded successfully
2025-10-24T14:23:17: 2025-10-24 06:23:17	info	mcp-gateway/main.go:243	Received ticker signal	{"reload_switch": true}
2025-10-24T14:23:17: 2025-10-24 06:23:17	info	core/server.go:389	Reloading MCP configuration
2025-10-24T14:23:17: 2025-10-24 06:23:17	info	core/server.go:319	Updating MCP configuration
2025-10-24T14:23:17: 2025-10-24 06:23:17	info	core/server.go:343	no updated MCP configurations found, skipping update
2025-10-24T14:23:17: 2025-10-24 06:23:17	info	core/server.go:405	Configuration reloaded successfully
2025-10-24T14:33:17: 2025-10-24 06:33:17	info	mcp-gateway/main.go:243	Received ticker signal	{"reload_switch": true}
2025-10-24T14:33:17: 2025-10-24 06:33:17	info	core/server.go:389	Reloading MCP configuration
2025-10-24T14:33:17: 2025-10-24 06:33:17	info	core/server.go:319	Updating MCP configuration
2025-10-24T14:33:17: 2025-10-24 06:33:17	info	core/server.go:343	no updated MCP configurations found, skipping update
2025-10-24T14:33:17: 2025-10-24 06:33:17	info	core/server.go:405	Configuration reloaded successfully
2025-10-24T14:43:17: 2025-10-24 06:43:17	info	mcp-gateway/main.go:243	Received ticker signal	{"reload_switch": true}
2025-10-24T14:43:17: 2025-10-24 06:43:17	info	core/server.go:389	Reloading MCP configuration
2025-10-24T14:43:17: 2025-10-24 06:43:17	info	core/server.go:319	Updating MCP configuration
2025-10-24T14:43:17: 2025-10-24 06:43:17	info	core/server.go:343	no updated MCP configurations found, skipping update
2025-10-24T14:43:17: 2025-10-24 06:43:17	info	core/server.go:405	Configuration reloaded successfully
2025-10-24T14:53:17: 2025-10-24 06:53:17	info	mcp-gateway/main.go:243	Received ticker signal	{"reload_switch": true}
2025-10-24T14:53:17: 2025-10-24 06:53:17	info	core/server.go:389	Reloading MCP configuration
2025-10-24T14:53:17: 2025-10-24 06:53:17	info	core/server.go:319	Updating MCP configuration
2025-10-24T14:53:17: 2025-10-24 06:53:17	info	core/server.go:343	no updated MCP configurations found, skipping update
2025-10-24T14:53:17: 2025-10-24 06:53:17	info	core/server.go:405	Configuration reloaded successfully
2025-10-24T15:03:17: 2025-10-24 07:03:17	info	mcp-gateway/main.go:243	Received ticker signal	{"reload_switch": true}
2025-10-24T15:03:17: 2025-10-24 07:03:17	info	core/server.go:389	Reloading MCP configuration
2025-10-24T15:03:17: 2025-10-24 07:03:17	info	core/server.go:319	Updating MCP configuration
2025-10-24T15:03:17: 2025-10-24 07:03:17	info	core/server.go:343	no updated MCP configurations found, skipping update
2025-10-24T15:03:17: 2025-10-24 07:03:17	info	core/server.go:405	Configuration reloaded successfully
2025-10-24T15:13:17: 2025-10-24 07:13:17	info	mcp-gateway/main.go:243	Received ticker signal	{"reload_switch": true}
2025-10-24T15:13:17: 2025-10-24 07:13:17	info	core/server.go:389	Reloading MCP configuration
2025-10-24T15:13:17: 2025-10-24 07:13:17	info	core/server.go:319	Updating MCP configuration
2025-10-24T15:13:17: 2025-10-24 07:13:17	info	core/server.go:343	no updated MCP configurations found, skipping update
2025-10-24T15:13:17: 2025-10-24 07:13:17	info	core/server.go:405	Configuration reloaded successfully
2025-10-24T15:23:17: 2025-10-24 07:23:17	info	mcp-gateway/main.go:243	Received ticker signal	{"reload_switch": true}
2025-10-24T15:23:17: 2025-10-24 07:23:17	info	core/server.go:389	Reloading MCP configuration
2025-10-24T15:23:17: 2025-10-24 07:23:17	info	core/server.go:319	Updating MCP configuration
2025-10-24T15:23:17: 2025-10-24 07:23:17	info	core/server.go:343	no updated MCP configurations found, skipping update
2025-10-24T15:23:17: 2025-10-24 07:23:17	info	core/server.go:405	Configuration reloaded successfully
2025-10-24T15:33:17: 2025-10-24 07:33:17	info	mcp-gateway/main.go:243	Received ticker signal	{"reload_switch": true}
2025-10-24T15:33:17: 2025-10-24 07:33:17	info	core/server.go:389	Reloading MCP configuration
2025-10-24T15:33:17: 2025-10-24 07:33:17	info	core/server.go:319	Updating MCP configuration
2025-10-24T15:33:17: 2025-10-24 07:33:17	info	core/server.go:343	no updated MCP configurations found, skipping update
2025-10-24T15:33:17: 2025-10-24 07:33:17	info	core/server.go:405	Configuration reloaded successfully
2025-10-24T15:43:17: 2025-10-24 07:43:17	info	mcp-gateway/main.go:243	Received ticker signal	{"reload_switch": true}
2025-10-24T15:43:17: 2025-10-24 07:43:17	info	core/server.go:389	Reloading MCP configuration
2025-10-24T15:43:17: 2025-10-24 07:43:17	info	core/server.go:319	Updating MCP configuration
2025-10-24T15:43:17: 2025-10-24 07:43:17	info	core/server.go:343	no updated MCP configurations found, skipping update
2025-10-24T15:43:17: 2025-10-24 07:43:17	info	core/server.go:405	Configuration reloaded successfully
2025-10-24T15:53:17: 2025-10-24 07:53:17	info	mcp-gateway/main.go:243	Received ticker signal	{"reload_switch": true}
2025-10-24T15:53:17: 2025-10-24 07:53:17	info	core/server.go:389	Reloading MCP configuration
2025-10-24T15:53:17: 2025-10-24 07:53:17	info	core/server.go:319	Updating MCP configuration
2025-10-24T15:53:17: 2025-10-24 07:53:17	info	core/server.go:343	no updated MCP configurations found, skipping update
2025-10-24T15:53:17: 2025-10-24 07:53:17	info	core/server.go:405	Configuration reloaded successfully
2025-10-24T16:03:17: 2025-10-24 08:03:17	info	mcp-gateway/main.go:243	Received ticker signal	{"reload_switch": true}
2025-10-24T16:03:17: 2025-10-24 08:03:17	info	core/server.go:389	Reloading MCP configuration
2025-10-24T16:03:17: 2025-10-24 08:03:17	info	core/server.go:319	Updating MCP configuration
2025-10-24T16:03:17: 2025-10-24 08:03:17	info	core/server.go:343	no updated MCP configurations found, skipping update
2025-10-24T16:03:17: 2025-10-24 08:03:17	info	core/server.go:405	Configuration reloaded successfully
2025-10-24T16:13:17: 2025-10-24 08:13:17	info	mcp-gateway/main.go:243	Received ticker signal	{"reload_switch": true}
2025-10-24T16:13:17: 2025-10-24 08:13:17	info	core/server.go:389	Reloading MCP configuration
2025-10-24T16:13:17: 2025-10-24 08:13:17	info	core/server.go:319	Updating MCP configuration
2025-10-24T16:13:17: 2025-10-24 08:13:17	info	core/server.go:343	no updated MCP configurations found, skipping update
2025-10-24T16:13:17: 2025-10-24 08:13:17	info	core/server.go:405	Configuration reloaded successfully
2025-10-24T16:23:17: 2025-10-24 08:23:17	info	mcp-gateway/main.go:243	Received ticker signal	{"reload_switch": true}
2025-10-24T16:23:17: 2025-10-24 08:23:17	info	core/server.go:389	Reloading MCP configuration
2025-10-24T16:23:17: 2025-10-24 08:23:17	info	core/server.go:319	Updating MCP configuration
2025-10-24T16:23:17: 2025-10-24 08:23:17	info	core/server.go:343	no updated MCP configurations found, skipping update
2025-10-24T16:23:17: 2025-10-24 08:23:17	info	core/server.go:405	Configuration reloaded successfully
2025-10-24T16:33:17: 2025-10-24 08:33:17	info	mcp-gateway/main.go:243	Received ticker signal	{"reload_switch": true}
2025-10-24T16:33:17: 2025-10-24 08:33:17	info	core/server.go:389	Reloading MCP configuration
2025-10-24T16:33:17: 2025-10-24 08:33:17	info	core/server.go:319	Updating MCP configuration
2025-10-24T16:33:17: 2025-10-24 08:33:17	info	core/server.go:343	no updated MCP configurations found, skipping update
2025-10-24T16:33:17: 2025-10-24 08:33:17	info	core/server.go:405	Configuration reloaded successfully
2025-10-24T16:43:17: 2025-10-24 08:43:17	info	mcp-gateway/main.go:243	Received ticker signal	{"reload_switch": true}
2025-10-24T16:43:17: 2025-10-24 08:43:17	info	core/server.go:389	Reloading MCP configuration
2025-10-24T16:43:17: 2025-10-24 08:43:17	info	core/server.go:319	Updating MCP configuration
2025-10-24T16:43:17: 2025-10-24 08:43:17	info	core/server.go:343	no updated MCP configurations found, skipping update
2025-10-24T16:43:17: 2025-10-24 08:43:17	info	core/server.go:405	Configuration reloaded successfully
2025-10-24T16:53:17: 2025-10-24 08:53:17	info	mcp-gateway/main.go:243	Received ticker signal	{"reload_switch": true}
2025-10-24T16:53:17: 2025-10-24 08:53:17	info	core/server.go:389	Reloading MCP configuration
2025-10-24T16:53:17: 2025-10-24 08:53:17	info	core/server.go:319	Updating MCP configuration
2025-10-24T16:53:17: 2025-10-24 08:53:17	info	core/server.go:343	no updated MCP configurations found, skipping update
2025-10-24T16:53:17: 2025-10-24 08:53:17	info	core/server.go:405	Configuration reloaded successfully
2025-10-24T17:03:17: 2025-10-24 09:03:17	info	mcp-gateway/main.go:243	Received ticker signal	{"reload_switch": true}
2025-10-24T17:03:17: 2025-10-24 09:03:17	info	core/server.go:389	Reloading MCP configuration
2025-10-24T17:03:17: 2025-10-24 09:03:17	info	core/server.go:319	Updating MCP configuration
2025-10-24T17:03:17: 2025-10-24 09:03:17	info	core/server.go:343	no updated MCP configurations found, skipping update
2025-10-24T17:03:17: 2025-10-24 09:03:17	info	core/server.go:405	Configuration reloaded successfully
2025-10-24T17:13:17: 2025-10-24 09:13:17	info	mcp-gateway/main.go:243	Received ticker signal	{"reload_switch": true}
2025-10-24T17:13:17: 2025-10-24 09:13:17	info	core/server.go:389	Reloading MCP configuration
2025-10-24T17:13:17: 2025-10-24 09:13:17	info	core/server.go:319	Updating MCP configuration
2025-10-24T17:13:17: 2025-10-24 09:13:17	info	core/server.go:343	no updated MCP configurations found, skipping update
2025-10-24T17:13:17: 2025-10-24 09:13:17	info	core/server.go:405	Configuration reloaded successfully
2025-10-24T17:23:17: 2025-10-24 09:23:17	info	mcp-gateway/main.go:243	Received ticker signal	{"reload_switch": true}
2025-10-24T17:23:17: 2025-10-24 09:23:17	info	core/server.go:389	Reloading MCP configuration
2025-10-24T17:23:17: 2025-10-24 09:23:17	info	core/server.go:319	Updating MCP configuration
2025-10-24T17:23:17: 2025-10-24 09:23:17	info	core/server.go:343	no updated MCP configurations found, skipping update
2025-10-24T17:23:17: 2025-10-24 09:23:17	info	core/server.go:405	Configuration reloaded successfully
2025-10-24T17:33:17: 2025-10-24 09:33:17	info	mcp-gateway/main.go:243	Received ticker signal	{"reload_switch": true}
2025-10-24T17:33:17: 2025-10-24 09:33:17	info	core/server.go:389	Reloading MCP configuration
2025-10-24T17:33:17: 2025-10-24 09:33:17	info	core/server.go:319	Updating MCP configuration
2025-10-24T17:33:17: 2025-10-24 09:33:17	info	core/server.go:343	no updated MCP configurations found, skipping update
2025-10-24T17:33:17: 2025-10-24 09:33:17	info	core/server.go:405	Configuration reloaded successfully
2025-10-24T17:43:17: 2025-10-24 09:43:17	info	mcp-gateway/main.go:243	Received ticker signal	{"reload_switch": true}
2025-10-24T17:43:17: 2025-10-24 09:43:17	info	core/server.go:389	Reloading MCP configuration
2025-10-24T17:43:17: 2025-10-24 09:43:17	info	core/server.go:319	Updating MCP configuration
2025-10-24T17:43:17: 2025-10-24 09:43:17	info	core/server.go:343	no updated MCP configurations found, skipping update
2025-10-24T17:43:17: 2025-10-24 09:43:17	info	core/server.go:405	Configuration reloaded successfully
2025-10-24T17:53:17: 2025-10-24 09:53:17	info	mcp-gateway/main.go:243	Received ticker signal	{"reload_switch": true}
2025-10-24T17:53:17: 2025-10-24 09:53:17	info	core/server.go:389	Reloading MCP configuration
2025-10-24T17:53:17: 2025-10-24 09:53:17	info	core/server.go:319	Updating MCP configuration
2025-10-24T17:53:17: 2025-10-24 09:53:17	info	core/server.go:343	no updated MCP configurations found, skipping update
2025-10-24T17:53:17: 2025-10-24 09:53:17	info	core/server.go:405	Configuration reloaded successfully
2025-10-24T18:03:17: 2025-10-24 10:03:17	info	mcp-gateway/main.go:243	Received ticker signal	{"reload_switch": true}
2025-10-24T18:03:17: 2025-10-24 10:03:17	info	core/server.go:389	Reloading MCP configuration
2025-10-24T18:03:17: 2025-10-24 10:03:17	info	core/server.go:319	Updating MCP configuration
2025-10-24T18:03:17: 2025-10-24 10:03:17	info	core/server.go:343	no updated MCP configurations found, skipping update
2025-10-24T18:03:17: 2025-10-24 10:03:17	info	core/server.go:405	Configuration reloaded successfully
2025-10-24T18:13:17: 2025-10-24 10:13:17	info	mcp-gateway/main.go:243	Received ticker signal	{"reload_switch": true}
2025-10-24T18:13:17: 2025-10-24 10:13:17	info	core/server.go:389	Reloading MCP configuration
2025-10-24T18:13:17: 2025-10-24 10:13:17	info	core/server.go:319	Updating MCP configuration
2025-10-24T18:13:17: 2025-10-24 10:13:17	info	core/server.go:343	no updated MCP configurations found, skipping update
2025-10-24T18:13:17: 2025-10-24 10:13:17	info	core/server.go:405	Configuration reloaded successfully
2025-10-24T18:23:17: 2025-10-24 10:23:17	info	mcp-gateway/main.go:243	Received ticker signal	{"reload_switch": true}
2025-10-24T18:23:17: 2025-10-24 10:23:17	info	core/server.go:389	Reloading MCP configuration
2025-10-24T18:23:17: 2025-10-24 10:23:17	info	core/server.go:319	Updating MCP configuration
2025-10-24T18:23:17: 2025-10-24 10:23:17	info	core/server.go:343	no updated MCP configurations found, skipping update
2025-10-24T18:23:17: 2025-10-24 10:23:17	info	core/server.go:405	Configuration reloaded successfully
2025-10-24T18:33:17: 2025-10-24 10:33:17	info	mcp-gateway/main.go:243	Received ticker signal	{"reload_switch": true}
2025-10-24T18:33:17: 2025-10-24 10:33:17	info	core/server.go:389	Reloading MCP configuration
2025-10-24T18:33:17: 2025-10-24 10:33:17	info	core/server.go:319	Updating MCP configuration
2025-10-24T18:33:17: 2025-10-24 10:33:17	info	core/server.go:343	no updated MCP configurations found, skipping update
2025-10-24T18:33:17: 2025-10-24 10:33:17	info	core/server.go:405	Configuration reloaded successfully
2025-10-24T18:43:17: 2025-10-24 10:43:17	info	mcp-gateway/main.go:243	Received ticker signal	{"reload_switch": true}
2025-10-24T18:43:17: 2025-10-24 10:43:17	info	core/server.go:389	Reloading MCP configuration
2025-10-24T18:43:17: 2025-10-24 10:43:17	info	core/server.go:319	Updating MCP configuration
2025-10-24T18:43:17: 2025-10-24 10:43:17	info	core/server.go:343	no updated MCP configurations found, skipping update
2025-10-24T18:43:17: 2025-10-24 10:43:17	info	core/server.go:405	Configuration reloaded successfully
2025-10-24T23:00:05: 2025-10-24 15:00:05	info	mcp-gateway/main.go:243	Received ticker signal	{"reload_switch": true}
2025-10-24T23:00:05: 2025-10-24 15:00:05	info	core/server.go:389	Reloading MCP configuration
2025-10-24T23:00:05: 2025-10-24 15:00:05	info	core/server.go:319	Updating MCP configuration
2025-10-24T23:00:05: 2025-10-24 15:00:05	info	core/server.go:343	no updated MCP configurations found, skipping update
2025-10-24T23:00:05: 2025-10-24 15:00:05	info	core/server.go:405	Configuration reloaded successfully
2025-10-24T23:10:05: 2025-10-24 15:10:05	info	mcp-gateway/main.go:243	Received ticker signal	{"reload_switch": true}
2025-10-24T23:10:05: 2025-10-24 15:10:05	info	core/server.go:389	Reloading MCP configuration
2025-10-24T23:10:05: 2025-10-24 15:10:05	info	core/server.go:319	Updating MCP configuration
2025-10-24T23:10:05: 2025-10-24 15:10:05	info	core/server.go:343	no updated MCP configurations found, skipping update
2025-10-24T23:10:05: 2025-10-24 15:10:05	info	core/server.go:405	Configuration reloaded successfully
2025-10-24T23:20:05: 2025-10-24 15:20:05	info	mcp-gateway/main.go:243	Received ticker signal	{"reload_switch": true}
2025-10-24T23:20:05: 2025-10-24 15:20:05	info	core/server.go:389	Reloading MCP configuration
2025-10-24T23:20:05: 2025-10-24 15:20:05	info	core/server.go:319	Updating MCP configuration
2025-10-24T23:20:05: 2025-10-24 15:20:05	info	core/server.go:343	no updated MCP configurations found, skipping update
2025-10-24T23:20:05: 2025-10-24 15:20:05	info	core/server.go:405	Configuration reloaded successfully
2025-10-24T23:30:05: 2025-10-24 15:30:05	info	mcp-gateway/main.go:243	Received ticker signal	{"reload_switch": true}
2025-10-24T23:30:05: 2025-10-24 15:30:05	info	core/server.go:389	Reloading MCP configuration
2025-10-24T23:30:05: 2025-10-24 15:30:05	info	core/server.go:319	Updating MCP configuration
2025-10-24T23:30:05: 2025-10-24 15:30:05	info	core/server.go:343	no updated MCP configurations found, skipping update
2025-10-24T23:30:05: 2025-10-24 15:30:05	info	core/server.go:405	Configuration reloaded successfully
2025-10-24T23:40:05: 2025-10-24 15:40:05	info	mcp-gateway/main.go:243	Received ticker signal	{"reload_switch": true}
2025-10-24T23:40:05: 2025-10-24 15:40:05	info	core/server.go:389	Reloading MCP configuration
2025-10-24T23:40:05: 2025-10-24 15:40:05	info	core/server.go:319	Updating MCP configuration
2025-10-24T23:40:05: 2025-10-24 15:40:05	info	core/server.go:343	no updated MCP configurations found, skipping update
2025-10-24T23:40:05: 2025-10-24 15:40:05	info	core/server.go:405	Configuration reloaded successfully
2025-10-24T23:50:05: 2025-10-24 15:50:05	info	mcp-gateway/main.go:243	Received ticker signal	{"reload_switch": true}
2025-10-24T23:50:05: 2025-10-24 15:50:05	info	core/server.go:389	Reloading MCP configuration
2025-10-24T23:50:05: 2025-10-24 15:50:05	info	core/server.go:319	Updating MCP configuration
2025-10-24T23:50:05: 2025-10-24 15:50:05	info	core/server.go:343	no updated MCP configurations found, skipping update
2025-10-24T23:50:05: 2025-10-24 15:50:05	info	core/server.go:405	Configuration reloaded successfully
2025-10-25T00:00:05: 2025-10-24 16:00:05	info	mcp-gateway/main.go:243	Received ticker signal	{"reload_switch": true}
2025-10-25T00:00:05: 2025-10-24 16:00:05	info	core/server.go:389	Reloading MCP configuration
2025-10-25T00:00:05: 2025-10-24 16:00:05	info	core/server.go:319	Updating MCP configuration
2025-10-25T00:00:05: 2025-10-24 16:00:05	info	core/server.go:343	no updated MCP configurations found, skipping update
2025-10-25T00:00:05: 2025-10-24 16:00:05	info	core/server.go:405	Configuration reloaded successfully
2025-10-25T00:10:05: 2025-10-24 16:10:05	info	mcp-gateway/main.go:243	Received ticker signal	{"reload_switch": true}
2025-10-25T00:10:05: 2025-10-24 16:10:05	info	core/server.go:389	Reloading MCP configuration
2025-10-25T00:10:05: 2025-10-24 16:10:05	info	core/server.go:319	Updating MCP configuration
2025-10-25T00:10:05: 2025-10-24 16:10:05	info	core/server.go:343	no updated MCP configurations found, skipping update
2025-10-25T00:10:05: 2025-10-24 16:10:05	info	core/server.go:405	Configuration reloaded successfully
2025-10-25T00:20:05: 2025-10-24 16:20:05	info	mcp-gateway/main.go:243	Received ticker signal	{"reload_switch": true}
2025-10-25T00:20:05: 2025-10-24 16:20:05	info	core/server.go:389	Reloading MCP configuration
2025-10-25T00:20:05: 2025-10-24 16:20:05	info	core/server.go:319	Updating MCP configuration
2025-10-25T00:20:05: 2025-10-24 16:20:05	info	core/server.go:343	no updated MCP configurations found, skipping update
2025-10-25T00:20:05: 2025-10-24 16:20:05	info	core/server.go:405	Configuration reloaded successfully
2025-10-25T00:30:05: 2025-10-24 16:30:05	info	mcp-gateway/main.go:243	Received ticker signal	{"reload_switch": true}
2025-10-25T00:30:05: 2025-10-24 16:30:05	info	core/server.go:389	Reloading MCP configuration
2025-10-25T00:30:05: 2025-10-24 16:30:05	info	core/server.go:319	Updating MCP configuration
2025-10-25T00:30:05: 2025-10-24 16:30:05	info	core/server.go:343	no updated MCP configurations found, skipping update
2025-10-25T00:30:05: 2025-10-24 16:30:05	info	core/server.go:405	Configuration reloaded successfully
2025-10-25T00:40:05: 2025-10-24 16:40:05	info	mcp-gateway/main.go:243	Received ticker signal	{"reload_switch": true}
2025-10-25T00:40:05: 2025-10-24 16:40:05	info	core/server.go:389	Reloading MCP configuration
2025-10-25T00:40:05: 2025-10-24 16:40:05	info	core/server.go:319	Updating MCP configuration
2025-10-25T00:40:05: 2025-10-24 16:40:05	info	core/server.go:343	no updated MCP configurations found, skipping update
2025-10-25T00:40:05: 2025-10-24 16:40:05	info	core/server.go:405	Configuration reloaded successfully
2025-10-25T00:50:05: 2025-10-24 16:50:05	info	mcp-gateway/main.go:243	Received ticker signal	{"reload_switch": true}
2025-10-25T00:50:05: 2025-10-24 16:50:05	info	core/server.go:389	Reloading MCP configuration
2025-10-25T00:50:05: 2025-10-24 16:50:05	info	core/server.go:319	Updating MCP configuration
2025-10-25T00:50:05: 2025-10-24 16:50:05	info	core/server.go:343	no updated MCP configurations found, skipping update
2025-10-25T00:50:05: 2025-10-24 16:50:05	info	core/server.go:405	Configuration reloaded successfully
2025-10-25T01:00:05: 2025-10-24 17:00:05	info	mcp-gateway/main.go:243	Received ticker signal	{"reload_switch": true}
2025-10-25T01:00:05: 2025-10-24 17:00:05	info	core/server.go:389	Reloading MCP configuration
2025-10-25T01:00:05: 2025-10-24 17:00:05	info	core/server.go:319	Updating MCP configuration
2025-10-25T01:00:05: 2025-10-24 17:00:05	info	core/server.go:343	no updated MCP configurations found, skipping update
2025-10-25T01:00:05: 2025-10-24 17:00:05	info	core/server.go:405	Configuration reloaded successfully
2025-10-25T01:10:05: 2025-10-24 17:10:05	info	mcp-gateway/main.go:243	Received ticker signal	{"reload_switch": true}
2025-10-25T01:10:05: 2025-10-24 17:10:05	info	core/server.go:389	Reloading MCP configuration
2025-10-25T01:10:05: 2025-10-24 17:10:05	info	core/server.go:319	Updating MCP configuration
2025-10-25T01:10:05: 2025-10-24 17:10:05	info	core/server.go:343	no updated MCP configurations found, skipping update
2025-10-25T01:10:05: 2025-10-24 17:10:05	info	core/server.go:405	Configuration reloaded successfully
2025-10-25T01:20:05: 2025-10-24 17:20:05	info	mcp-gateway/main.go:243	Received ticker signal	{"reload_switch": true}
2025-10-25T01:20:05: 2025-10-24 17:20:05	info	core/server.go:389	Reloading MCP configuration
2025-10-25T01:20:05: 2025-10-24 17:20:05	info	core/server.go:319	Updating MCP configuration
2025-10-25T01:20:05: 2025-10-24 17:20:05	info	core/server.go:343	no updated MCP configurations found, skipping update
2025-10-25T01:20:05: 2025-10-24 17:20:05	info	core/server.go:405	Configuration reloaded successfully
2025-10-25T04:42:14: 2025-10-24 20:42:14	info	mcp-gateway/main.go:243	Received ticker signal	{"reload_switch": true}
2025-10-25T04:42:14: 2025-10-24 20:42:14	info	core/server.go:389	Reloading MCP configuration
2025-10-25T04:42:14: 2025-10-24 20:42:14	info	core/server.go:319	Updating MCP configuration
2025-10-25T04:42:14: 2025-10-24 20:42:14	info	core/server.go:343	no updated MCP configurations found, skipping update
2025-10-25T04:42:14: 2025-10-24 20:42:14	info	core/server.go:405	Configuration reloaded successfully
2025-10-25T14:53:04: 2025-10-25 06:53:04	info	mcp-gateway/main.go:243	Received ticker signal	{"reload_switch": true}
2025-10-25T14:53:04: 2025-10-25 06:53:04	info	core/server.go:389	Reloading MCP configuration
2025-10-25T14:53:04: 2025-10-25 06:53:04	info	core/server.go:319	Updating MCP configuration
2025-10-25T14:53:04: 2025-10-25 06:53:04	info	core/server.go:343	no updated MCP configurations found, skipping update
2025-10-25T14:53:04: 2025-10-25 06:53:04	info	core/server.go:405	Configuration reloaded successfully
2025-10-25T17:43:12: 2025-10-25 09:43:12	info	mcp-gateway/main.go:243	Received ticker signal	{"reload_switch": true}
2025-10-25T17:43:12: 2025-10-25 09:43:12	info	core/server.go:389	Reloading MCP configuration
2025-10-25T17:43:12: 2025-10-25 09:43:12	info	core/server.go:319	Updating MCP configuration
2025-10-25T17:43:12: 2025-10-25 09:43:12	info	core/server.go:343	no updated MCP configurations found, skipping update
2025-10-25T17:43:12: 2025-10-25 09:43:12	info	core/server.go:405	Configuration reloaded successfully
2025-10-25T17:43:31: 2025-10-25 09:43:31	info	mcp-gateway/main.go:218	Received shutdown signal, starting graceful shutdown
2025-10-25T17:43:31: 2025-10-25 09:43:31	info	core/server.go:290	shutting down server
2025-10-25T17:43:31: 2025-10-25 09:43:31	info	mcp-gateway/main.go:229	MCP server shutdown completed successfully
2025-10-25T17:43:31: 2025-10-25 09:43:31	info	notifier.signal	notifier/signal.go:61	Signal handler stopped
2025-10-26T19:06:40: 2025-10-26 11:06:40	info	mcp-gateway/main.go:143	Loaded configuration	{"path": "/Users/wxn/Desktop/NextAgentLite/services/configs/unla-configs/mcp-gateway.yaml"}
2025-10-26T19:06:40: 2025-10-26 11:06:40	info	mcp-gateway/main.go:159	Starting mcp-gateway	{"version": "v0.8.6"}
2025-10-26T19:06:40: 2025-10-26 11:06:40	info	storage/factory.go:13	Initializing storage	{"type": "db"}
2025-10-26T19:06:40: 2025-10-26 11:06:40	info	session/factory.go:23	Initializing session store	{"type": "memory"}
2025-10-26T19:06:40: 2025-10-26 11:06:40	info	storage/factory.go:13	Initializing auth storage	{"type": "memory"}
2025-10-26T19:06:40: [GIN-debug] [WARNING] Creating an Engine instance with the Logger and Recovery middleware already attached.
2025-10-26T19:06:40: 
2025-10-26T19:06:40: [GIN-debug] [WARNING] Running in "debug" mode. Switch to "release" mode in production.
2025-10-26T19:06:40:  - using env:	export GIN_MODE=release
2025-10-26T19:06:40:  - using code:	gin.SetMode(gin.ReleaseMode)
2025-10-26T19:06:40: 
2025-10-26T19:06:40: [GIN-debug] Loaded HTML Templates (2): 
2025-10-26T19:06:40: 	- 
2025-10-26T19:06:40: 	- authorize.html
2025-10-26T19:06:40: 
2025-10-26T19:06:40: [GIN-debug] GET    /static/*filepath         --> github.com/gin-gonic/gin.(*RouterGroup).createStaticHandler.func1 (3 handlers)
2025-10-26T19:06:40: [GIN-debug] HEAD   /static/*filepath         --> github.com/gin-gonic/gin.(*RouterGroup).createStaticHandler.func1 (3 handlers)
2025-10-26T19:06:40: [GIN-debug] GET    /health_check             --> github.com/amoylab/unla/internal/core.(*Server).RegisterRoutes.func1 (5 handlers)
2025-10-26T19:06:40: [GIN-debug] OPTIONS /*path                    --> github.com/amoylab/unla/internal/core.(*Server).RegisterRoutes.(*Server).corsMiddleware.func2 (5 handlers)
2025-10-26T19:06:40: [GIN-debug] GET    /.well-known/oauth-authorization-server --> github.com/amoylab/unla/internal/core.(*Server).handleOAuthServerMetadata-fm (6 handlers)
2025-10-26T19:06:40: [GIN-debug] GET    /authorize                --> github.com/amoylab/unla/internal/core.(*Server).handleOAuthAuthorize-fm (6 handlers)
2025-10-26T19:06:40: [GIN-debug] POST   /authorize                --> github.com/amoylab/unla/internal/core.(*Server).handleOAuthAuthorize-fm (6 handlers)
2025-10-26T19:06:40: [GIN-debug] POST   /token                    --> github.com/amoylab/unla/internal/core.(*Server).handleOAuthToken-fm (6 handlers)
2025-10-26T19:06:40: [GIN-debug] POST   /register                 --> github.com/amoylab/unla/internal/core.(*Server).handleOAuthRegister-fm (6 handlers)
2025-10-26T19:06:40: [GIN-debug] POST   /revoke                   --> github.com/amoylab/unla/internal/core.(*Server).handleOAuthRevoke-fm (6 handlers)
2025-10-26T19:06:40: 2025-10-26 11:06:40	info	core/server.go:319	Updating MCP configuration
2025-10-26T19:06:40: 2025-10-26 11:06:40	info	core/server.go:333	loading all MCP configurations	{"count": 3}
2025-10-26T19:06:40: 2025-10-26 11:06:40	info	core/server.go:371	initializing server state
2025-10-26T19:06:40: 2025-10-26 11:06:40	warn	state/state.go:144	failed to find prefix for mcp server	{"server": "playwright"}
2025-10-26T19:06:40: 2025-10-26 11:06:40	info	state/state.go:81	registered router	{"tenant": "default", "prefix": "/gateway/ntcx", "server": "server-test"}
2025-10-26T19:06:40: 2025-10-26 11:06:40	warn	state/state.go:144	failed to find prefix for mcp server	{"server": "vchart-mcp-server"}
2025-10-26T19:06:40: 2025-10-26 11:06:40	info	core/server.go:379	server configuration loaded	{"server_count": 1, "tool_count": 1, "router_count": 1}
2025-10-26T19:06:40: [GIN-debug] [WARNING] You trusted all proxies, this is NOT safe. We recommend you to set a value.
2025-10-26T19:06:40: Please check https://pkg.go.dev/github.com/gin-gonic/gin#readme-don-t-trust-all-proxies for details.
2025-10-26T19:06:40: [GIN-debug] Listening and serving HTTP on :5235
2025-10-26T19:16:40: 2025-10-26 11:16:40	info	mcp-gateway/main.go:243	Received ticker signal	{"reload_switch": true}
2025-10-26T19:16:40: 2025-10-26 11:16:40	info	core/server.go:389	Reloading MCP configuration
2025-10-26T19:16:40: 2025-10-26 11:16:40	info	core/server.go:319	Updating MCP configuration
2025-10-26T19:16:40: 2025-10-26 11:16:40	info	core/server.go:343	no updated MCP configurations found, skipping update
2025-10-26T19:16:40: 2025-10-26 11:16:40	info	core/server.go:405	Configuration reloaded successfully
2025-10-26T19:26:40: 2025-10-26 11:26:40	info	mcp-gateway/main.go:243	Received ticker signal	{"reload_switch": true}
2025-10-26T19:26:40: 2025-10-26 11:26:40	info	core/server.go:389	Reloading MCP configuration
2025-10-26T19:26:40: 2025-10-26 11:26:40	info	core/server.go:319	Updating MCP configuration
2025-10-26T19:26:40: 2025-10-26 11:26:40	info	core/server.go:343	no updated MCP configurations found, skipping update
2025-10-26T19:26:40: 2025-10-26 11:26:40	info	core/server.go:405	Configuration reloaded successfully
2025-10-26T19:36:40: 2025-10-26 11:36:40	info	mcp-gateway/main.go:243	Received ticker signal	{"reload_switch": true}
2025-10-26T19:36:40: 2025-10-26 11:36:40	info	core/server.go:389	Reloading MCP configuration
2025-10-26T19:36:40: 2025-10-26 11:36:40	info	core/server.go:319	Updating MCP configuration
2025-10-26T19:36:40: 2025-10-26 11:36:40	info	core/server.go:343	no updated MCP configurations found, skipping update
2025-10-26T19:36:40: 2025-10-26 11:36:40	info	core/server.go:405	Configuration reloaded successfully
2025-10-26T19:46:40: 2025-10-26 11:46:40	info	mcp-gateway/main.go:243	Received ticker signal	{"reload_switch": true}
2025-10-26T19:46:40: 2025-10-26 11:46:40	info	core/server.go:389	Reloading MCP configuration
2025-10-26T19:46:40: 2025-10-26 11:46:40	info	core/server.go:319	Updating MCP configuration
2025-10-26T19:46:40: 2025-10-26 11:46:40	info	core/server.go:343	no updated MCP configurations found, skipping update
2025-10-26T19:46:40: 2025-10-26 11:46:40	info	core/server.go:405	Configuration reloaded successfully
2025-10-26T19:56:40: 2025-10-26 11:56:40	info	mcp-gateway/main.go:243	Received ticker signal	{"reload_switch": true}
2025-10-26T19:56:40: 2025-10-26 11:56:40	info	core/server.go:389	Reloading MCP configuration
2025-10-26T19:56:40: 2025-10-26 11:56:40	info	core/server.go:319	Updating MCP configuration
2025-10-26T19:56:40: 2025-10-26 11:56:40	info	core/server.go:343	no updated MCP configurations found, skipping update
2025-10-26T19:56:40: 2025-10-26 11:56:40	info	core/server.go:405	Configuration reloaded successfully
2025-10-26T20:06:40: 2025-10-26 12:06:40	info	mcp-gateway/main.go:243	Received ticker signal	{"reload_switch": true}
2025-10-26T20:06:40: 2025-10-26 12:06:40	info	core/server.go:389	Reloading MCP configuration
2025-10-26T20:06:40: 2025-10-26 12:06:40	info	core/server.go:319	Updating MCP configuration
2025-10-26T20:06:40: 2025-10-26 12:06:40	info	core/server.go:343	no updated MCP configurations found, skipping update
2025-10-26T20:06:40: 2025-10-26 12:06:40	info	core/server.go:405	Configuration reloaded successfully
2025-10-26T20:16:41: 2025-10-26 12:16:41	info	mcp-gateway/main.go:243	Received ticker signal	{"reload_switch": true}
2025-10-26T20:16:41: 2025-10-26 12:16:41	info	core/server.go:389	Reloading MCP configuration
2025-10-26T20:16:41: 2025-10-26 12:16:41	info	core/server.go:319	Updating MCP configuration
2025-10-26T20:16:41: 2025-10-26 12:16:41	info	core/server.go:343	no updated MCP configurations found, skipping update
2025-10-26T20:16:41: 2025-10-26 12:16:41	info	core/server.go:405	Configuration reloaded successfully
2025-10-26T20:26:41: 2025-10-26 12:26:41	info	mcp-gateway/main.go:243	Received ticker signal	{"reload_switch": true}
2025-10-26T20:26:41: 2025-10-26 12:26:41	info	core/server.go:389	Reloading MCP configuration
2025-10-26T20:26:41: 2025-10-26 12:26:41	info	core/server.go:319	Updating MCP configuration
2025-10-26T20:26:41: 2025-10-26 12:26:41	info	core/server.go:343	no updated MCP configurations found, skipping update
2025-10-26T20:26:41: 2025-10-26 12:26:41	info	core/server.go:405	Configuration reloaded successfully
2025-10-26T20:36:41: 2025-10-26 12:36:41	info	mcp-gateway/main.go:243	Received ticker signal	{"reload_switch": true}
2025-10-26T20:36:41: 2025-10-26 12:36:41	info	core/server.go:389	Reloading MCP configuration
2025-10-26T20:36:41: 2025-10-26 12:36:41	info	core/server.go:319	Updating MCP configuration
2025-10-26T20:36:41: 2025-10-26 12:36:41	info	core/server.go:343	no updated MCP configurations found, skipping update
2025-10-26T20:36:41: 2025-10-26 12:36:41	info	core/server.go:405	Configuration reloaded successfully
2025-10-26T20:46:41: 2025-10-26 12:46:41	info	mcp-gateway/main.go:243	Received ticker signal	{"reload_switch": true}
2025-10-26T20:46:41: 2025-10-26 12:46:41	info	core/server.go:389	Reloading MCP configuration
2025-10-26T20:46:41: 2025-10-26 12:46:41	info	core/server.go:319	Updating MCP configuration
2025-10-26T20:46:41: 2025-10-26 12:46:41	info	core/server.go:343	no updated MCP configurations found, skipping update
2025-10-26T20:46:41: 2025-10-26 12:46:41	info	core/server.go:405	Configuration reloaded successfully
2025-10-26T20:56:41: 2025-10-26 12:56:41	info	mcp-gateway/main.go:243	Received ticker signal	{"reload_switch": true}
2025-10-26T20:56:41: 2025-10-26 12:56:41	info	core/server.go:389	Reloading MCP configuration
2025-10-26T20:56:41: 2025-10-26 12:56:41	info	core/server.go:319	Updating MCP configuration
2025-10-26T20:56:41: 2025-10-26 12:56:41	info	core/server.go:343	no updated MCP configurations found, skipping update
2025-10-26T20:56:41: 2025-10-26 12:56:41	info	core/server.go:405	Configuration reloaded successfully
2025-10-26T21:06:40: 2025-10-26 13:06:40	info	mcp-gateway/main.go:243	Received ticker signal	{"reload_switch": true}
2025-10-26T21:06:40: 2025-10-26 13:06:40	info	core/server.go:389	Reloading MCP configuration
2025-10-26T21:06:40: 2025-10-26 13:06:40	info	core/server.go:319	Updating MCP configuration
2025-10-26T21:06:40: 2025-10-26 13:06:40	info	core/server.go:343	no updated MCP configurations found, skipping update
2025-10-26T21:06:40: 2025-10-26 13:06:40	info	core/server.go:405	Configuration reloaded successfully
2025-10-26T21:16:40: 2025-10-26 13:16:40	info	mcp-gateway/main.go:243	Received ticker signal	{"reload_switch": true}
2025-10-26T21:16:40: 2025-10-26 13:16:40	info	core/server.go:389	Reloading MCP configuration
2025-10-26T21:16:40: 2025-10-26 13:16:40	info	core/server.go:319	Updating MCP configuration
2025-10-26T21:16:40: 2025-10-26 13:16:40	info	core/server.go:343	no updated MCP configurations found, skipping update
2025-10-26T21:16:40: 2025-10-26 13:16:40	info	core/server.go:405	Configuration reloaded successfully
2025-10-26T21:26:40: 2025-10-26 13:26:40	info	mcp-gateway/main.go:243	Received ticker signal	{"reload_switch": true}
2025-10-26T21:26:40: 2025-10-26 13:26:40	info	core/server.go:389	Reloading MCP configuration
2025-10-26T21:26:40: 2025-10-26 13:26:40	info	core/server.go:319	Updating MCP configuration
2025-10-26T21:26:40: 2025-10-26 13:26:40	info	core/server.go:343	no updated MCP configurations found, skipping update
2025-10-26T21:26:40: 2025-10-26 13:26:40	info	core/server.go:405	Configuration reloaded successfully
2025-10-26T21:36:40: 2025-10-26 13:36:40	info	mcp-gateway/main.go:243	Received ticker signal	{"reload_switch": true}
2025-10-26T21:36:40: 2025-10-26 13:36:40	info	core/server.go:389	Reloading MCP configuration
2025-10-26T21:36:40: 2025-10-26 13:36:40	info	core/server.go:319	Updating MCP configuration
2025-10-26T21:36:40: 2025-10-26 13:36:40	info	core/server.go:343	no updated MCP configurations found, skipping update
2025-10-26T21:36:40: 2025-10-26 13:36:40	info	core/server.go:405	Configuration reloaded successfully
2025-10-26T21:46:40: 2025-10-26 13:46:40	info	mcp-gateway/main.go:243	Received ticker signal	{"reload_switch": true}
2025-10-26T21:46:40: 2025-10-26 13:46:40	info	core/server.go:389	Reloading MCP configuration
2025-10-26T21:46:40: 2025-10-26 13:46:40	info	core/server.go:319	Updating MCP configuration
2025-10-26T21:46:40: 2025-10-26 13:46:40	info	core/server.go:343	no updated MCP configurations found, skipping update
2025-10-26T21:46:40: 2025-10-26 13:46:40	info	core/server.go:405	Configuration reloaded successfully
2025-10-26T21:56:41: 2025-10-26 13:56:41	info	mcp-gateway/main.go:243	Received ticker signal	{"reload_switch": true}
2025-10-26T21:56:41: 2025-10-26 13:56:41	info	core/server.go:389	Reloading MCP configuration
2025-10-26T21:56:41: 2025-10-26 13:56:41	info	core/server.go:319	Updating MCP configuration
2025-10-26T21:56:41: 2025-10-26 13:56:41	info	core/server.go:343	no updated MCP configurations found, skipping update
2025-10-26T21:56:41: 2025-10-26 13:56:41	info	core/server.go:405	Configuration reloaded successfully
2025-10-26T22:06:41: 2025-10-26 14:06:41	info	mcp-gateway/main.go:243	Received ticker signal	{"reload_switch": true}
2025-10-26T22:06:41: 2025-10-26 14:06:41	info	core/server.go:389	Reloading MCP configuration
2025-10-26T22:06:41: 2025-10-26 14:06:41	info	core/server.go:319	Updating MCP configuration
2025-10-26T22:06:41: 2025-10-26 14:06:41	info	core/server.go:343	no updated MCP configurations found, skipping update
2025-10-26T22:06:41: 2025-10-26 14:06:41	info	core/server.go:405	Configuration reloaded successfully
2025-10-26T22:16:41: 2025-10-26 14:16:41	info	mcp-gateway/main.go:243	Received ticker signal	{"reload_switch": true}
2025-10-26T22:16:41: 2025-10-26 14:16:41	info	core/server.go:389	Reloading MCP configuration
2025-10-26T22:16:41: 2025-10-26 14:16:41	info	core/server.go:319	Updating MCP configuration
2025-10-26T22:16:41: 2025-10-26 14:16:41	info	core/server.go:343	no updated MCP configurations found, skipping update
2025-10-26T22:16:41: 2025-10-26 14:16:41	info	core/server.go:405	Configuration reloaded successfully
2025-10-26T22:26:41: 2025-10-26 14:26:41	info	mcp-gateway/main.go:243	Received ticker signal	{"reload_switch": true}
2025-10-26T22:26:41: 2025-10-26 14:26:41	info	core/server.go:389	Reloading MCP configuration
2025-10-26T22:26:41: 2025-10-26 14:26:41	info	core/server.go:319	Updating MCP configuration
2025-10-26T22:26:41: 2025-10-26 14:26:41	info	core/server.go:343	no updated MCP configurations found, skipping update
2025-10-26T22:26:41: 2025-10-26 14:26:41	info	core/server.go:405	Configuration reloaded successfully
2025-10-26T22:36:41: 2025-10-26 14:36:41	info	mcp-gateway/main.go:243	Received ticker signal	{"reload_switch": true}
2025-10-26T22:36:41: 2025-10-26 14:36:41	info	core/server.go:389	Reloading MCP configuration
2025-10-26T22:36:41: 2025-10-26 14:36:41	info	core/server.go:319	Updating MCP configuration
2025-10-26T22:36:41: 2025-10-26 14:36:41	info	core/server.go:343	no updated MCP configurations found, skipping update
2025-10-26T22:36:41: 2025-10-26 14:36:41	info	core/server.go:405	Configuration reloaded successfully
2025-10-26T22:46:41: 2025-10-26 14:46:41	info	mcp-gateway/main.go:243	Received ticker signal	{"reload_switch": true}
2025-10-26T22:46:41: 2025-10-26 14:46:41	info	core/server.go:389	Reloading MCP configuration
2025-10-26T22:46:41: 2025-10-26 14:46:41	info	core/server.go:319	Updating MCP configuration
2025-10-26T22:46:41: 2025-10-26 14:46:41	info	core/server.go:343	no updated MCP configurations found, skipping update
2025-10-26T22:46:41: 2025-10-26 14:46:41	info	core/server.go:405	Configuration reloaded successfully
2025-10-26T22:56:41: 2025-10-26 14:56:41	info	mcp-gateway/main.go:243	Received ticker signal	{"reload_switch": true}
2025-10-26T22:56:41: 2025-10-26 14:56:41	info	core/server.go:389	Reloading MCP configuration
2025-10-26T22:56:41: 2025-10-26 14:56:41	info	core/server.go:319	Updating MCP configuration
2025-10-26T22:56:41: 2025-10-26 14:56:41	info	core/server.go:343	no updated MCP configurations found, skipping update
2025-10-26T22:56:41: 2025-10-26 14:56:41	info	core/server.go:405	Configuration reloaded successfully
2025-10-26T23:06:40: 2025-10-26 15:06:40	info	mcp-gateway/main.go:243	Received ticker signal	{"reload_switch": true}
2025-10-26T23:06:40: 2025-10-26 15:06:40	info	core/server.go:389	Reloading MCP configuration
2025-10-26T23:06:40: 2025-10-26 15:06:40	info	core/server.go:319	Updating MCP configuration
2025-10-26T23:06:40: 2025-10-26 15:06:40	info	core/server.go:343	no updated MCP configurations found, skipping update
2025-10-26T23:06:40: 2025-10-26 15:06:40	info	core/server.go:405	Configuration reloaded successfully
2025-10-26T23:16:40: 2025-10-26 15:16:40	info	mcp-gateway/main.go:243	Received ticker signal	{"reload_switch": true}
2025-10-26T23:16:40: 2025-10-26 15:16:40	info	core/server.go:389	Reloading MCP configuration
2025-10-26T23:16:40: 2025-10-26 15:16:40	info	core/server.go:319	Updating MCP configuration
2025-10-26T23:16:40: 2025-10-26 15:16:40	info	core/server.go:343	no updated MCP configurations found, skipping update
2025-10-26T23:16:40: 2025-10-26 15:16:40	info	core/server.go:405	Configuration reloaded successfully
2025-10-26T23:26:40: 2025-10-26 15:26:40	info	mcp-gateway/main.go:243	Received ticker signal	{"reload_switch": true}
2025-10-26T23:26:40: 2025-10-26 15:26:40	info	core/server.go:389	Reloading MCP configuration
2025-10-26T23:26:40: 2025-10-26 15:26:40	info	core/server.go:319	Updating MCP configuration
2025-10-26T23:26:40: 2025-10-26 15:26:40	info	core/server.go:343	no updated MCP configurations found, skipping update
2025-10-26T23:26:40: 2025-10-26 15:26:40	info	core/server.go:405	Configuration reloaded successfully
2025-10-26T23:36:41: 2025-10-26 15:36:41	info	mcp-gateway/main.go:243	Received ticker signal	{"reload_switch": true}
2025-10-26T23:36:41: 2025-10-26 15:36:41	info	core/server.go:389	Reloading MCP configuration
2025-10-26T23:36:41: 2025-10-26 15:36:41	info	core/server.go:319	Updating MCP configuration
2025-10-26T23:36:41: 2025-10-26 15:36:41	info	core/server.go:343	no updated MCP configurations found, skipping update
2025-10-26T23:36:41: 2025-10-26 15:36:41	info	core/server.go:405	Configuration reloaded successfully
2025-10-26T23:46:41: 2025-10-26 15:46:41	info	mcp-gateway/main.go:243	Received ticker signal	{"reload_switch": true}
2025-10-26T23:46:41: 2025-10-26 15:46:41	info	core/server.go:389	Reloading MCP configuration
2025-10-26T23:46:41: 2025-10-26 15:46:41	info	core/server.go:319	Updating MCP configuration
2025-10-26T23:46:41: 2025-10-26 15:46:41	info	core/server.go:343	no updated MCP configurations found, skipping update
2025-10-26T23:46:41: 2025-10-26 15:46:41	info	core/server.go:405	Configuration reloaded successfully
2025-10-26T23:56:41: 2025-10-26 15:56:41	info	mcp-gateway/main.go:243	Received ticker signal	{"reload_switch": true}
2025-10-26T23:56:41: 2025-10-26 15:56:41	info	core/server.go:389	Reloading MCP configuration
2025-10-26T23:56:41: 2025-10-26 15:56:41	info	core/server.go:319	Updating MCP configuration
2025-10-26T23:56:41: 2025-10-26 15:56:41	info	core/server.go:343	no updated MCP configurations found, skipping update
2025-10-26T23:56:41: 2025-10-26 15:56:41	info	core/server.go:405	Configuration reloaded successfully
2025-10-27T00:06:41: 2025-10-26 16:06:41	info	mcp-gateway/main.go:243	Received ticker signal	{"reload_switch": true}
2025-10-27T00:06:41: 2025-10-26 16:06:41	info	core/server.go:389	Reloading MCP configuration
2025-10-27T00:06:41: 2025-10-26 16:06:41	info	core/server.go:319	Updating MCP configuration
2025-10-27T00:06:41: 2025-10-26 16:06:41	info	core/server.go:343	no updated MCP configurations found, skipping update
2025-10-27T00:06:41: 2025-10-26 16:06:41	info	core/server.go:405	Configuration reloaded successfully
2025-10-27T00:16:41: 2025-10-26 16:16:41	info	mcp-gateway/main.go:243	Received ticker signal	{"reload_switch": true}
2025-10-27T00:16:41: 2025-10-26 16:16:41	info	core/server.go:389	Reloading MCP configuration
2025-10-27T00:16:41: 2025-10-26 16:16:41	info	core/server.go:319	Updating MCP configuration
2025-10-27T00:16:41: 2025-10-26 16:16:41	info	core/server.go:343	no updated MCP configurations found, skipping update
2025-10-27T00:16:41: 2025-10-26 16:16:41	info	core/server.go:405	Configuration reloaded successfully
2025-10-27T00:26:41: 2025-10-26 16:26:41	info	mcp-gateway/main.go:243	Received ticker signal	{"reload_switch": true}
2025-10-27T00:26:41: 2025-10-26 16:26:41	info	core/server.go:389	Reloading MCP configuration
2025-10-27T00:26:41: 2025-10-26 16:26:41	info	core/server.go:319	Updating MCP configuration
2025-10-27T00:26:41: 2025-10-26 16:26:41	info	core/server.go:343	no updated MCP configurations found, skipping update
2025-10-27T00:26:41: 2025-10-26 16:26:41	info	core/server.go:405	Configuration reloaded successfully
2025-10-27T00:36:41: 2025-10-26 16:36:41	info	mcp-gateway/main.go:243	Received ticker signal	{"reload_switch": true}
2025-10-27T00:36:41: 2025-10-26 16:36:41	info	core/server.go:389	Reloading MCP configuration
2025-10-27T00:36:41: 2025-10-26 16:36:41	info	core/server.go:319	Updating MCP configuration
2025-10-27T00:36:41: 2025-10-26 16:36:41	info	core/server.go:343	no updated MCP configurations found, skipping update
2025-10-27T00:36:41: 2025-10-26 16:36:41	info	core/server.go:405	Configuration reloaded successfully
2025-10-27T05:46:56: 2025-10-26 21:46:56	info	mcp-gateway/main.go:243	Received ticker signal	{"reload_switch": true}
2025-10-27T05:46:56: 2025-10-26 21:46:56	info	core/server.go:389	Reloading MCP configuration
2025-10-27T05:46:56: 2025-10-26 21:46:56	info	core/server.go:319	Updating MCP configuration
2025-10-27T05:46:56: 2025-10-26 21:46:56	info	core/server.go:343	no updated MCP configurations found, skipping update
2025-10-27T05:46:56: 2025-10-26 21:46:56	info	core/server.go:405	Configuration reloaded successfully
2025-10-27T08:58:16: 2025-10-27 00:58:16	info	mcp-gateway/main.go:243	Received ticker signal	{"reload_switch": true}
2025-10-27T08:58:16: 2025-10-27 00:58:16	info	core/server.go:389	Reloading MCP configuration
2025-10-27T08:58:16: 2025-10-27 00:58:16	info	core/server.go:319	Updating MCP configuration
2025-10-27T08:58:16: 2025-10-27 00:58:16	info	core/server.go:343	no updated MCP configurations found, skipping update
2025-10-27T08:58:16: 2025-10-27 00:58:16	info	core/server.go:405	Configuration reloaded successfully
2025-10-27T09:08:16: 2025-10-27 01:08:16	info	mcp-gateway/main.go:243	Received ticker signal	{"reload_switch": true}
2025-10-27T09:08:16: 2025-10-27 01:08:16	info	core/server.go:389	Reloading MCP configuration
2025-10-27T09:08:16: 2025-10-27 01:08:16	info	core/server.go:319	Updating MCP configuration
2025-10-27T09:08:16: 2025-10-27 01:08:16	info	core/server.go:343	no updated MCP configurations found, skipping update
2025-10-27T09:08:16: 2025-10-27 01:08:16	info	core/server.go:405	Configuration reloaded successfully
2025-10-27T09:18:16: 2025-10-27 01:18:16	info	mcp-gateway/main.go:243	Received ticker signal	{"reload_switch": true}
2025-10-27T09:18:16: 2025-10-27 01:18:16	info	core/server.go:389	Reloading MCP configuration
2025-10-27T09:18:16: 2025-10-27 01:18:16	info	core/server.go:319	Updating MCP configuration
2025-10-27T09:18:16: 2025-10-27 01:18:16	info	core/server.go:343	no updated MCP configurations found, skipping update
2025-10-27T09:18:16: 2025-10-27 01:18:16	info	core/server.go:405	Configuration reloaded successfully
2025-10-27T09:28:16: 2025-10-27 01:28:16	info	mcp-gateway/main.go:243	Received ticker signal	{"reload_switch": true}
2025-10-27T09:28:16: 2025-10-27 01:28:16	info	core/server.go:389	Reloading MCP configuration
2025-10-27T09:28:16: 2025-10-27 01:28:16	info	core/server.go:319	Updating MCP configuration
2025-10-27T09:28:16: 2025-10-27 01:28:16	info	core/server.go:343	no updated MCP configurations found, skipping update
2025-10-27T09:28:16: 2025-10-27 01:28:16	info	core/server.go:405	Configuration reloaded successfully
2025-10-27T09:38:15: 2025-10-27 01:38:15	info	mcp-gateway/main.go:243	Received ticker signal	{"reload_switch": true}
2025-10-27T09:38:15: 2025-10-27 01:38:15	info	core/server.go:389	Reloading MCP configuration
2025-10-27T09:38:15: 2025-10-27 01:38:15	info	core/server.go:319	Updating MCP configuration
2025-10-27T09:38:15: 2025-10-27 01:38:15	info	core/server.go:343	no updated MCP configurations found, skipping update
2025-10-27T09:38:15: 2025-10-27 01:38:15	info	core/server.go:405	Configuration reloaded successfully
2025-10-27T09:48:15: 2025-10-27 01:48:15	info	mcp-gateway/main.go:243	Received ticker signal	{"reload_switch": true}
2025-10-27T09:48:15: 2025-10-27 01:48:15	info	core/server.go:389	Reloading MCP configuration
2025-10-27T09:48:15: 2025-10-27 01:48:15	info	core/server.go:319	Updating MCP configuration
2025-10-27T09:48:15: 2025-10-27 01:48:15	info	core/server.go:343	no updated MCP configurations found, skipping update
2025-10-27T09:48:15: 2025-10-27 01:48:15	info	core/server.go:405	Configuration reloaded successfully
2025-10-27T09:58:16: 2025-10-27 01:58:16	info	mcp-gateway/main.go:243	Received ticker signal	{"reload_switch": true}
2025-10-27T09:58:16: 2025-10-27 01:58:16	info	core/server.go:389	Reloading MCP configuration
2025-10-27T09:58:16: 2025-10-27 01:58:16	info	core/server.go:319	Updating MCP configuration
2025-10-27T09:58:16: 2025-10-27 01:58:16	info	core/server.go:343	no updated MCP configurations found, skipping update
2025-10-27T09:58:16: 2025-10-27 01:58:16	info	core/server.go:405	Configuration reloaded successfully
2025-10-27T10:08:15: 2025-10-27 02:08:15	info	mcp-gateway/main.go:243	Received ticker signal	{"reload_switch": true}
2025-10-27T10:08:15: 2025-10-27 02:08:15	info	core/server.go:389	Reloading MCP configuration
2025-10-27T10:08:15: 2025-10-27 02:08:15	info	core/server.go:319	Updating MCP configuration
2025-10-27T10:08:15: 2025-10-27 02:08:15	info	core/server.go:343	no updated MCP configurations found, skipping update
2025-10-27T10:08:15: 2025-10-27 02:08:15	info	core/server.go:405	Configuration reloaded successfully
2025-10-27T10:18:15: 2025-10-27 02:18:15	info	mcp-gateway/main.go:243	Received ticker signal	{"reload_switch": true}
2025-10-27T10:18:15: 2025-10-27 02:18:15	info	core/server.go:389	Reloading MCP configuration
2025-10-27T10:18:15: 2025-10-27 02:18:15	info	core/server.go:319	Updating MCP configuration
2025-10-27T10:18:15: 2025-10-27 02:18:15	info	core/server.go:343	no updated MCP configurations found, skipping update
2025-10-27T10:18:15: 2025-10-27 02:18:15	info	core/server.go:405	Configuration reloaded successfully
2025-10-27T10:28:15: 2025-10-27 02:28:15	info	mcp-gateway/main.go:243	Received ticker signal	{"reload_switch": true}
2025-10-27T10:28:15: 2025-10-27 02:28:15	info	core/server.go:389	Reloading MCP configuration
2025-10-27T10:28:15: 2025-10-27 02:28:15	info	core/server.go:319	Updating MCP configuration
2025-10-27T10:28:15: 2025-10-27 02:28:15	info	core/server.go:343	no updated MCP configurations found, skipping update
2025-10-27T10:28:15: 2025-10-27 02:28:15	info	core/server.go:405	Configuration reloaded successfully
2025-10-27T10:38:16: 2025-10-27 02:38:16	info	mcp-gateway/main.go:243	Received ticker signal	{"reload_switch": true}
2025-10-27T10:38:16: 2025-10-27 02:38:16	info	core/server.go:389	Reloading MCP configuration
2025-10-27T10:38:16: 2025-10-27 02:38:16	info	core/server.go:319	Updating MCP configuration
2025-10-27T10:38:16: 2025-10-27 02:38:16	info	core/server.go:343	no updated MCP configurations found, skipping update
2025-10-27T10:38:16: 2025-10-27 02:38:16	info	core/server.go:405	Configuration reloaded successfully
2025-10-27T10:48:16: 2025-10-27 02:48:16	info	mcp-gateway/main.go:243	Received ticker signal	{"reload_switch": true}
2025-10-27T10:48:16: 2025-10-27 02:48:16	info	core/server.go:389	Reloading MCP configuration
2025-10-27T10:48:16: 2025-10-27 02:48:16	info	core/server.go:319	Updating MCP configuration
2025-10-27T10:48:16: 2025-10-27 02:48:16	info	core/server.go:343	no updated MCP configurations found, skipping update
2025-10-27T10:48:16: 2025-10-27 02:48:16	info	core/server.go:405	Configuration reloaded successfully
2025-10-27T10:58:16: 2025-10-27 02:58:16	info	mcp-gateway/main.go:243	Received ticker signal	{"reload_switch": true}
2025-10-27T10:58:16: 2025-10-27 02:58:16	info	core/server.go:389	Reloading MCP configuration
2025-10-27T10:58:16: 2025-10-27 02:58:16	info	core/server.go:319	Updating MCP configuration
2025-10-27T10:58:16: 2025-10-27 02:58:16	info	core/server.go:343	no updated MCP configurations found, skipping update
2025-10-27T10:58:16: 2025-10-27 02:58:16	info	core/server.go:405	Configuration reloaded successfully
2025-10-27T11:08:16: 2025-10-27 03:08:16	info	mcp-gateway/main.go:243	Received ticker signal	{"reload_switch": true}
2025-10-27T11:08:16: 2025-10-27 03:08:16	info	core/server.go:389	Reloading MCP configuration
2025-10-27T11:08:16: 2025-10-27 03:08:16	info	core/server.go:319	Updating MCP configuration
2025-10-27T11:08:16: 2025-10-27 03:08:16	info	core/server.go:343	no updated MCP configurations found, skipping update
2025-10-27T11:08:16: 2025-10-27 03:08:16	info	core/server.go:405	Configuration reloaded successfully
2025-10-27T11:18:16: 2025-10-27 03:18:16	info	mcp-gateway/main.go:243	Received ticker signal	{"reload_switch": true}
2025-10-27T11:18:16: 2025-10-27 03:18:16	info	core/server.go:389	Reloading MCP configuration
2025-10-27T11:18:16: 2025-10-27 03:18:16	info	core/server.go:319	Updating MCP configuration
2025-10-27T11:18:16: 2025-10-27 03:18:16	info	core/server.go:343	no updated MCP configurations found, skipping update
2025-10-27T11:18:16: 2025-10-27 03:18:16	info	core/server.go:405	Configuration reloaded successfully
2025-10-27T11:28:16: 2025-10-27 03:28:16	info	mcp-gateway/main.go:243	Received ticker signal	{"reload_switch": true}
2025-10-27T11:28:16: 2025-10-27 03:28:16	info	core/server.go:389	Reloading MCP configuration
2025-10-27T11:28:16: 2025-10-27 03:28:16	info	core/server.go:319	Updating MCP configuration
2025-10-27T11:28:16: 2025-10-27 03:28:16	info	core/server.go:343	no updated MCP configurations found, skipping update
2025-10-27T11:28:16: 2025-10-27 03:28:16	info	core/server.go:405	Configuration reloaded successfully
2025-10-27T11:38:16: 2025-10-27 03:38:16	info	mcp-gateway/main.go:243	Received ticker signal	{"reload_switch": true}
2025-10-27T11:38:16: 2025-10-27 03:38:16	info	core/server.go:389	Reloading MCP configuration
2025-10-27T11:38:16: 2025-10-27 03:38:16	info	core/server.go:319	Updating MCP configuration
2025-10-27T11:38:16: 2025-10-27 03:38:16	info	core/server.go:343	no updated MCP configurations found, skipping update
2025-10-27T11:38:16: 2025-10-27 03:38:16	info	core/server.go:405	Configuration reloaded successfully
2025-10-27T11:48:16: 2025-10-27 03:48:16	info	mcp-gateway/main.go:243	Received ticker signal	{"reload_switch": true}
2025-10-27T11:48:16: 2025-10-27 03:48:16	info	core/server.go:389	Reloading MCP configuration
2025-10-27T11:48:16: 2025-10-27 03:48:16	info	core/server.go:319	Updating MCP configuration
2025-10-27T11:48:16: 2025-10-27 03:48:16	info	core/server.go:343	no updated MCP configurations found, skipping update
2025-10-27T11:48:16: 2025-10-27 03:48:16	info	core/server.go:405	Configuration reloaded successfully
2025-10-27T11:58:16: 2025-10-27 03:58:16	info	mcp-gateway/main.go:243	Received ticker signal	{"reload_switch": true}
2025-10-27T11:58:16: 2025-10-27 03:58:16	info	core/server.go:389	Reloading MCP configuration
2025-10-27T11:58:16: 2025-10-27 03:58:16	info	core/server.go:319	Updating MCP configuration
2025-10-27T11:58:16: 2025-10-27 03:58:16	info	core/server.go:343	no updated MCP configurations found, skipping update
2025-10-27T11:58:16: 2025-10-27 03:58:16	info	core/server.go:405	Configuration reloaded successfully
2025-10-27T12:08:16: 2025-10-27 04:08:16	info	mcp-gateway/main.go:243	Received ticker signal	{"reload_switch": true}
2025-10-27T12:08:16: 2025-10-27 04:08:16	info	core/server.go:389	Reloading MCP configuration
2025-10-27T12:08:16: 2025-10-27 04:08:16	info	core/server.go:319	Updating MCP configuration
2025-10-27T12:08:16: 2025-10-27 04:08:16	info	core/server.go:343	no updated MCP configurations found, skipping update
2025-10-27T12:08:16: 2025-10-27 04:08:16	info	core/server.go:405	Configuration reloaded successfully
2025-10-27T12:18:16: 2025-10-27 04:18:16	info	mcp-gateway/main.go:243	Received ticker signal	{"reload_switch": true}
2025-10-27T12:18:16: 2025-10-27 04:18:16	info	core/server.go:389	Reloading MCP configuration
2025-10-27T12:18:16: 2025-10-27 04:18:16	info	core/server.go:319	Updating MCP configuration
2025-10-27T12:18:16: 2025-10-27 04:18:16	info	core/server.go:343	no updated MCP configurations found, skipping update
2025-10-27T12:18:16: 2025-10-27 04:18:16	info	core/server.go:405	Configuration reloaded successfully
2025-10-27T12:28:16: 2025-10-27 04:28:16	info	mcp-gateway/main.go:243	Received ticker signal	{"reload_switch": true}
2025-10-27T12:28:16: 2025-10-27 04:28:16	info	core/server.go:389	Reloading MCP configuration
2025-10-27T12:28:16: 2025-10-27 04:28:16	info	core/server.go:319	Updating MCP configuration
2025-10-27T12:28:16: 2025-10-27 04:28:16	info	core/server.go:343	no updated MCP configurations found, skipping update
2025-10-27T12:28:16: 2025-10-27 04:28:16	info	core/server.go:405	Configuration reloaded successfully
2025-10-27T12:38:16: 2025-10-27 04:38:16	info	mcp-gateway/main.go:243	Received ticker signal	{"reload_switch": true}
2025-10-27T12:38:16: 2025-10-27 04:38:16	info	core/server.go:389	Reloading MCP configuration
2025-10-27T12:38:16: 2025-10-27 04:38:16	info	core/server.go:319	Updating MCP configuration
2025-10-27T12:38:16: 2025-10-27 04:38:16	info	core/server.go:343	no updated MCP configurations found, skipping update
2025-10-27T12:38:16: 2025-10-27 04:38:16	info	core/server.go:405	Configuration reloaded successfully
2025-10-27T12:48:16: 2025-10-27 04:48:16	info	mcp-gateway/main.go:243	Received ticker signal	{"reload_switch": true}
2025-10-27T12:48:16: 2025-10-27 04:48:16	info	core/server.go:389	Reloading MCP configuration
2025-10-27T12:48:16: 2025-10-27 04:48:16	info	core/server.go:319	Updating MCP configuration
2025-10-27T12:48:16: 2025-10-27 04:48:16	info	core/server.go:343	no updated MCP configurations found, skipping update
2025-10-27T12:48:16: 2025-10-27 04:48:16	info	core/server.go:405	Configuration reloaded successfully
2025-10-27T12:58:16: 2025-10-27 04:58:16	info	mcp-gateway/main.go:243	Received ticker signal	{"reload_switch": true}
2025-10-27T12:58:16: 2025-10-27 04:58:16	info	core/server.go:389	Reloading MCP configuration
2025-10-27T12:58:16: 2025-10-27 04:58:16	info	core/server.go:319	Updating MCP configuration
2025-10-27T12:58:16: 2025-10-27 04:58:16	info	core/server.go:343	no updated MCP configurations found, skipping update
2025-10-27T12:58:16: 2025-10-27 04:58:16	info	core/server.go:405	Configuration reloaded successfully
2025-10-27T13:08:16: 2025-10-27 05:08:16	info	mcp-gateway/main.go:243	Received ticker signal	{"reload_switch": true}
2025-10-27T13:08:16: 2025-10-27 05:08:16	info	core/server.go:389	Reloading MCP configuration
2025-10-27T13:08:16: 2025-10-27 05:08:16	info	core/server.go:319	Updating MCP configuration
2025-10-27T13:08:16: 2025-10-27 05:08:16	info	core/server.go:343	no updated MCP configurations found, skipping update
2025-10-27T13:08:16: 2025-10-27 05:08:16	info	core/server.go:405	Configuration reloaded successfully
2025-10-27T13:18:16: 2025-10-27 05:18:16	info	mcp-gateway/main.go:243	Received ticker signal	{"reload_switch": true}
2025-10-27T13:18:16: 2025-10-27 05:18:16	info	core/server.go:389	Reloading MCP configuration
2025-10-27T13:18:16: 2025-10-27 05:18:16	info	core/server.go:319	Updating MCP configuration
2025-10-27T13:18:16: 2025-10-27 05:18:16	info	core/server.go:343	no updated MCP configurations found, skipping update
2025-10-27T13:18:16: 2025-10-27 05:18:16	info	core/server.go:405	Configuration reloaded successfully
2025-10-27T13:28:16: 2025-10-27 05:28:16	info	mcp-gateway/main.go:243	Received ticker signal	{"reload_switch": true}
2025-10-27T13:28:16: 2025-10-27 05:28:16	info	core/server.go:389	Reloading MCP configuration
2025-10-27T13:28:16: 2025-10-27 05:28:16	info	core/server.go:319	Updating MCP configuration
2025-10-27T13:28:16: 2025-10-27 05:28:16	info	core/server.go:343	no updated MCP configurations found, skipping update
2025-10-27T13:28:16: 2025-10-27 05:28:16	info	core/server.go:405	Configuration reloaded successfully
2025-10-27T13:31:43: 2025-10-27 05:31:43	info	mcp-gateway/main.go:218	Received shutdown signal, starting graceful shutdown
2025-10-27T13:31:43: 2025-10-27 05:31:43	info	core/server.go:290	shutting down server
2025-10-27T13:31:43: 2025-10-27 05:31:43	info	mcp-gateway/main.go:229	MCP server shutdown completed successfully
2025-10-27T13:31:43: 2025-10-27 05:31:43	info	notifier.signal	notifier/signal.go:61	Signal handler stopped
2025-10-27T13:31:43: 2025-10-27 05:31:43	info	mcp-gateway/main.go:143	Loaded configuration	{"path": "/Users/wxn/Desktop/NextAgentLite/services/configs/unla-configs/mcp-gateway.yaml"}
2025-10-27T13:31:43: 2025-10-27 05:31:43	info	mcp-gateway/main.go:159	Starting mcp-gateway	{"version": "v0.8.6"}
2025-10-27T13:31:43: 2025-10-27 05:31:43	info	storage/factory.go:13	Initializing storage	{"type": "db"}
2025-10-27T13:31:43: 2025-10-27 05:31:43	info	session/factory.go:23	Initializing session store	{"type": "memory"}
2025-10-27T13:31:43: 2025-10-27 05:31:43	info	storage/factory.go:13	Initializing auth storage	{"type": "memory"}
2025-10-27T13:31:43: [GIN-debug] [WARNING] Creating an Engine instance with the Logger and Recovery middleware already attached.
2025-10-27T13:31:43: 
2025-10-27T13:31:43: [GIN-debug] [WARNING] Running in "debug" mode. Switch to "release" mode in production.
2025-10-27T13:31:43:  - using env:	export GIN_MODE=release
2025-10-27T13:31:43:  - using code:	gin.SetMode(gin.ReleaseMode)
2025-10-27T13:31:43: 
2025-10-27T13:31:43: [GIN-debug] Loaded HTML Templates (2): 
2025-10-27T13:31:43: 	- 
2025-10-27T13:31:43: 	- authorize.html
2025-10-27T13:31:43: 
2025-10-27T13:31:43: [GIN-debug] GET    /static/*filepath         --> github.com/gin-gonic/gin.(*RouterGroup).createStaticHandler.func1 (3 handlers)
2025-10-27T13:31:43: [GIN-debug] HEAD   /static/*filepath         --> github.com/gin-gonic/gin.(*RouterGroup).createStaticHandler.func1 (3 handlers)
2025-10-27T13:31:43: [GIN-debug] GET    /health_check             --> github.com/amoylab/unla/internal/core.(*Server).RegisterRoutes.func1 (5 handlers)
2025-10-27T13:31:43: [GIN-debug] OPTIONS /*path                    --> github.com/amoylab/unla/internal/core.(*Server).RegisterRoutes.(*Server).corsMiddleware.func2 (5 handlers)
2025-10-27T13:31:43: [GIN-debug] GET    /.well-known/oauth-authorization-server --> github.com/amoylab/unla/internal/core.(*Server).handleOAuthServerMetadata-fm (6 handlers)
2025-10-27T13:31:43: [GIN-debug] GET    /authorize                --> github.com/amoylab/unla/internal/core.(*Server).handleOAuthAuthorize-fm (6 handlers)
2025-10-27T13:31:43: [GIN-debug] POST   /authorize                --> github.com/amoylab/unla/internal/core.(*Server).handleOAuthAuthorize-fm (6 handlers)
2025-10-27T13:31:43: [GIN-debug] POST   /token                    --> github.com/amoylab/unla/internal/core.(*Server).handleOAuthToken-fm (6 handlers)
2025-10-27T13:31:43: [GIN-debug] POST   /register                 --> github.com/amoylab/unla/internal/core.(*Server).handleOAuthRegister-fm (6 handlers)
2025-10-27T13:31:43: [GIN-debug] POST   /revoke                   --> github.com/amoylab/unla/internal/core.(*Server).handleOAuthRevoke-fm (6 handlers)
2025-10-27T13:31:43: 2025-10-27 05:31:43	info	core/server.go:319	Updating MCP configuration
2025-10-27T13:31:43: 2025-10-27 05:31:43	info	core/server.go:333	loading all MCP configurations	{"count": 3}
2025-10-27T13:31:43: 2025-10-27 05:31:43	info	core/server.go:371	initializing server state
2025-10-27T13:31:43: 2025-10-27 05:31:43	warn	state/state.go:144	failed to find prefix for mcp server	{"server": "playwright"}
2025-10-27T13:31:43: 2025-10-27 05:31:43	info	state/state.go:81	registered router	{"tenant": "default", "prefix": "/gateway/ntcx", "server": "server-test"}
2025-10-27T13:31:43: 2025-10-27 05:31:43	warn	state/state.go:144	failed to find prefix for mcp server	{"server": "vchart-mcp-server"}
2025-10-27T13:31:43: 2025-10-27 05:31:43	info	core/server.go:379	server configuration loaded	{"server_count": 1, "tool_count": 1, "router_count": 1}
2025-10-27T13:31:43: [GIN-debug] [WARNING] You trusted all proxies, this is NOT safe. We recommend you to set a value.
2025-10-27T13:31:43: Please check https://pkg.go.dev/github.com/gin-gonic/gin#readme-don-t-trust-all-proxies for details.
2025-10-27T13:31:43: [GIN-debug] Listening and serving HTTP on :5235
2025-10-27T13:41:44: 2025-10-27 05:41:44	info	mcp-gateway/main.go:243	Received ticker signal	{"reload_switch": true}
2025-10-27T13:41:44: 2025-10-27 05:41:44	info	core/server.go:389	Reloading MCP configuration
2025-10-27T13:41:44: 2025-10-27 05:41:44	info	core/server.go:319	Updating MCP configuration
2025-10-27T13:41:44: 2025-10-27 05:41:44	info	core/server.go:343	no updated MCP configurations found, skipping update
2025-10-27T13:41:44: 2025-10-27 05:41:44	info	core/server.go:405	Configuration reloaded successfully
2025-10-27T13:51:44: 2025-10-27 05:51:44	info	mcp-gateway/main.go:243	Received ticker signal	{"reload_switch": true}
2025-10-27T13:51:44: 2025-10-27 05:51:44	info	core/server.go:389	Reloading MCP configuration
2025-10-27T13:51:44: 2025-10-27 05:51:44	info	core/server.go:319	Updating MCP configuration
2025-10-27T13:51:44: 2025-10-27 05:51:44	info	core/server.go:343	no updated MCP configurations found, skipping update
2025-10-27T13:51:44: 2025-10-27 05:51:44	info	core/server.go:405	Configuration reloaded successfully
2025-10-27T13:56:40: 2025-10-27 05:56:40	info	mcp-gateway/main.go:218	Received shutdown signal, starting graceful shutdown
2025-10-27T13:56:40: 2025-10-27 05:56:40	info	core/server.go:290	shutting down server
2025-10-27T13:56:40: 2025-10-27 05:56:40	info	mcp-gateway/main.go:229	MCP server shutdown completed successfully
2025-10-27T13:56:40: 2025-10-27 05:56:40	info	notifier.signal	notifier/signal.go:61	Signal handler stopped
2025-10-27T13:56:40: 2025-10-27 05:56:40	info	mcp-gateway/main.go:143	Loaded configuration	{"path": "/Users/wxn/Desktop/NextAgentLite/services/configs/unla-configs/mcp-gateway.yaml"}
2025-10-27T13:56:40: 2025-10-27 05:56:40	info	mcp-gateway/main.go:159	Starting mcp-gateway	{"version": "v0.8.6"}
2025-10-27T13:56:40: 2025-10-27 05:56:40	info	storage/factory.go:13	Initializing storage	{"type": "db"}
2025-10-27T13:56:41: 2025-10-27 05:56:41	info	session/factory.go:23	Initializing session store	{"type": "memory"}
2025-10-27T13:56:41: 2025-10-27 05:56:41	info	storage/factory.go:13	Initializing auth storage	{"type": "memory"}
2025-10-27T13:56:41: [GIN-debug] [WARNING] Creating an Engine instance with the Logger and Recovery middleware already attached.
2025-10-27T13:56:41: 
2025-10-27T13:56:41: [GIN-debug] [WARNING] Running in "debug" mode. Switch to "release" mode in production.
2025-10-27T13:56:41:  - using env:	export GIN_MODE=release
2025-10-27T13:56:41:  - using code:	gin.SetMode(gin.ReleaseMode)
2025-10-27T13:56:41: 
2025-10-27T13:56:41: [GIN-debug] Loaded HTML Templates (2): 
2025-10-27T13:56:41: 	- 
2025-10-27T13:56:41: 	- authorize.html
2025-10-27T13:56:41: 
2025-10-27T13:56:41: [GIN-debug] GET    /static/*filepath         --> github.com/gin-gonic/gin.(*RouterGroup).createStaticHandler.func1 (3 handlers)
2025-10-27T13:56:41: [GIN-debug] HEAD   /static/*filepath         --> github.com/gin-gonic/gin.(*RouterGroup).createStaticHandler.func1 (3 handlers)
2025-10-27T13:56:41: [GIN-debug] GET    /health_check             --> github.com/amoylab/unla/internal/core.(*Server).RegisterRoutes.func1 (5 handlers)
2025-10-27T13:56:41: [GIN-debug] OPTIONS /*path                    --> github.com/amoylab/unla/internal/core.(*Server).RegisterRoutes.(*Server).corsMiddleware.func2 (5 handlers)
2025-10-27T13:56:41: [GIN-debug] GET    /.well-known/oauth-authorization-server --> github.com/amoylab/unla/internal/core.(*Server).handleOAuthServerMetadata-fm (6 handlers)
2025-10-27T13:56:41: [GIN-debug] GET    /authorize                --> github.com/amoylab/unla/internal/core.(*Server).handleOAuthAuthorize-fm (6 handlers)
2025-10-27T13:56:41: [GIN-debug] POST   /authorize                --> github.com/amoylab/unla/internal/core.(*Server).handleOAuthAuthorize-fm (6 handlers)
2025-10-27T13:56:41: [GIN-debug] POST   /token                    --> github.com/amoylab/unla/internal/core.(*Server).handleOAuthToken-fm (6 handlers)
2025-10-27T13:56:41: [GIN-debug] POST   /register                 --> github.com/amoylab/unla/internal/core.(*Server).handleOAuthRegister-fm (6 handlers)
2025-10-27T13:56:41: [GIN-debug] POST   /revoke                   --> github.com/amoylab/unla/internal/core.(*Server).handleOAuthRevoke-fm (6 handlers)
2025-10-27T13:56:41: 2025-10-27 05:56:41	info	core/server.go:319	Updating MCP configuration
2025-10-27T13:56:41: 2025-10-27 05:56:41	info	core/server.go:333	loading all MCP configurations	{"count": 3}
2025-10-27T13:56:41: 2025-10-27 05:56:41	info	core/server.go:371	initializing server state
2025-10-27T13:56:41: 2025-10-27 05:56:41	warn	state/state.go:144	failed to find prefix for mcp server	{"server": "playwright"}
2025-10-27T13:56:41: 2025-10-27 05:56:41	info	state/state.go:81	registered router	{"tenant": "default", "prefix": "/gateway/ntcx", "server": "server-test"}
2025-10-27T13:56:41: 2025-10-27 05:56:41	warn	state/state.go:144	failed to find prefix for mcp server	{"server": "vchart-mcp-server"}
2025-10-27T13:56:41: 2025-10-27 05:56:41	info	core/server.go:379	server configuration loaded	{"server_count": 1, "tool_count": 1, "router_count": 1}
2025-10-27T13:56:41: [GIN-debug] [WARNING] You trusted all proxies, this is NOT safe. We recommend you to set a value.
2025-10-27T13:56:41: Please check https://pkg.go.dev/github.com/gin-gonic/gin#readme-don-t-trust-all-proxies for details.
2025-10-27T13:56:41: [GIN-debug] Listening and serving HTTP on :5235
2025-10-27T14:06:41: 2025-10-27 06:06:41	info	mcp-gateway/main.go:243	Received ticker signal	{"reload_switch": true}
2025-10-27T14:06:41: 2025-10-27 06:06:41	info	core/server.go:389	Reloading MCP configuration
2025-10-27T14:06:41: 2025-10-27 06:06:41	info	core/server.go:319	Updating MCP configuration
2025-10-27T14:06:41: 2025-10-27 06:06:41	info	core/server.go:343	no updated MCP configurations found, skipping update
2025-10-27T14:06:41: 2025-10-27 06:06:41	info	core/server.go:405	Configuration reloaded successfully
2025-10-27T14:16:41: 2025-10-27 06:16:41	info	mcp-gateway/main.go:243	Received ticker signal	{"reload_switch": true}
2025-10-27T14:16:41: 2025-10-27 06:16:41	info	core/server.go:389	Reloading MCP configuration
2025-10-27T14:16:41: 2025-10-27 06:16:41	info	core/server.go:319	Updating MCP configuration
2025-10-27T14:16:41: 2025-10-27 06:16:41	info	core/server.go:343	no updated MCP configurations found, skipping update
2025-10-27T14:16:41: 2025-10-27 06:16:41	info	core/server.go:405	Configuration reloaded successfully
2025-10-27T14:26:41: 2025-10-27 06:26:41	info	mcp-gateway/main.go:243	Received ticker signal	{"reload_switch": true}
2025-10-27T14:26:41: 2025-10-27 06:26:41	info	core/server.go:389	Reloading MCP configuration
2025-10-27T14:26:41: 2025-10-27 06:26:41	info	core/server.go:319	Updating MCP configuration
2025-10-27T14:26:41: 2025-10-27 06:26:41	info	core/server.go:343	no updated MCP configurations found, skipping update
2025-10-27T14:26:41: 2025-10-27 06:26:41	info	core/server.go:405	Configuration reloaded successfully
2025-10-27T14:36:41: 2025-10-27 06:36:41	info	mcp-gateway/main.go:243	Received ticker signal	{"reload_switch": true}
2025-10-27T14:36:41: 2025-10-27 06:36:41	info	core/server.go:389	Reloading MCP configuration
2025-10-27T14:36:41: 2025-10-27 06:36:41	info	core/server.go:319	Updating MCP configuration
2025-10-27T14:36:41: 2025-10-27 06:36:41	info	core/server.go:343	no updated MCP configurations found, skipping update
2025-10-27T14:36:41: 2025-10-27 06:36:41	info	core/server.go:405	Configuration reloaded successfully
2025-10-27T14:46:41: 2025-10-27 06:46:41	info	mcp-gateway/main.go:243	Received ticker signal	{"reload_switch": true}
2025-10-27T14:46:41: 2025-10-27 06:46:41	info	core/server.go:389	Reloading MCP configuration
2025-10-27T14:46:41: 2025-10-27 06:46:41	info	core/server.go:319	Updating MCP configuration
2025-10-27T14:46:41: 2025-10-27 06:46:41	info	core/server.go:343	no updated MCP configurations found, skipping update
2025-10-27T14:46:41: 2025-10-27 06:46:41	info	core/server.go:405	Configuration reloaded successfully
2025-10-27T14:56:41: 2025-10-27 06:56:41	info	mcp-gateway/main.go:243	Received ticker signal	{"reload_switch": true}
2025-10-27T14:56:41: 2025-10-27 06:56:41	info	core/server.go:389	Reloading MCP configuration
2025-10-27T14:56:41: 2025-10-27 06:56:41	info	core/server.go:319	Updating MCP configuration
2025-10-27T14:56:41: 2025-10-27 06:56:41	info	core/server.go:343	no updated MCP configurations found, skipping update
2025-10-27T14:56:41: 2025-10-27 06:56:41	info	core/server.go:405	Configuration reloaded successfully
2025-10-27T15:06:41: 2025-10-27 07:06:41	info	mcp-gateway/main.go:243	Received ticker signal	{"reload_switch": true}
2025-10-27T15:06:41: 2025-10-27 07:06:41	info	core/server.go:389	Reloading MCP configuration
2025-10-27T15:06:41: 2025-10-27 07:06:41	info	core/server.go:319	Updating MCP configuration
2025-10-27T15:06:41: 2025-10-27 07:06:41	info	core/server.go:343	no updated MCP configurations found, skipping update
2025-10-27T15:06:41: 2025-10-27 07:06:41	info	core/server.go:405	Configuration reloaded successfully
2025-10-27T15:16:41: 2025-10-27 07:16:41	info	mcp-gateway/main.go:243	Received ticker signal	{"reload_switch": true}
2025-10-27T15:16:41: 2025-10-27 07:16:41	info	core/server.go:389	Reloading MCP configuration
2025-10-27T15:16:41: 2025-10-27 07:16:41	info	core/server.go:319	Updating MCP configuration
2025-10-27T15:16:41: 2025-10-27 07:16:41	info	core/server.go:343	no updated MCP configurations found, skipping update
2025-10-27T15:16:41: 2025-10-27 07:16:41	info	core/server.go:405	Configuration reloaded successfully
2025-10-27T15:26:41: 2025-10-27 07:26:41	info	mcp-gateway/main.go:243	Received ticker signal	{"reload_switch": true}
2025-10-27T15:26:41: 2025-10-27 07:26:41	info	core/server.go:389	Reloading MCP configuration
2025-10-27T15:26:41: 2025-10-27 07:26:41	info	core/server.go:319	Updating MCP configuration
2025-10-27T15:26:41: 2025-10-27 07:26:41	info	core/server.go:343	no updated MCP configurations found, skipping update
2025-10-27T15:26:41: 2025-10-27 07:26:41	info	core/server.go:405	Configuration reloaded successfully
2025-10-27T15:36:41: 2025-10-27 07:36:41	info	mcp-gateway/main.go:243	Received ticker signal	{"reload_switch": true}
2025-10-27T15:36:41: 2025-10-27 07:36:41	info	core/server.go:389	Reloading MCP configuration
2025-10-27T15:36:41: 2025-10-27 07:36:41	info	core/server.go:319	Updating MCP configuration
2025-10-27T15:36:41: 2025-10-27 07:36:41	info	core/server.go:343	no updated MCP configurations found, skipping update
2025-10-27T15:36:41: 2025-10-27 07:36:41	info	core/server.go:405	Configuration reloaded successfully
2025-10-27T15:46:41: 2025-10-27 07:46:41	info	mcp-gateway/main.go:243	Received ticker signal	{"reload_switch": true}
2025-10-27T15:46:41: 2025-10-27 07:46:41	info	core/server.go:389	Reloading MCP configuration
2025-10-27T15:46:41: 2025-10-27 07:46:41	info	core/server.go:319	Updating MCP configuration
2025-10-27T15:46:41: 2025-10-27 07:46:41	info	core/server.go:343	no updated MCP configurations found, skipping update
2025-10-27T15:46:41: 2025-10-27 07:46:41	info	core/server.go:405	Configuration reloaded successfully
2025-10-27T15:56:41: 2025-10-27 07:56:41	info	mcp-gateway/main.go:243	Received ticker signal	{"reload_switch": true}
2025-10-27T15:56:41: 2025-10-27 07:56:41	info	core/server.go:389	Reloading MCP configuration
2025-10-27T15:56:41: 2025-10-27 07:56:41	info	core/server.go:319	Updating MCP configuration
2025-10-27T15:56:41: 2025-10-27 07:56:41	info	core/server.go:343	no updated MCP configurations found, skipping update
2025-10-27T15:56:41: 2025-10-27 07:56:41	info	core/server.go:405	Configuration reloaded successfully
2025-10-27T16:06:41: 2025-10-27 08:06:41	info	mcp-gateway/main.go:243	Received ticker signal	{"reload_switch": true}
2025-10-27T16:06:41: 2025-10-27 08:06:41	info	core/server.go:389	Reloading MCP configuration
2025-10-27T16:06:41: 2025-10-27 08:06:41	info	core/server.go:319	Updating MCP configuration
2025-10-27T16:06:41: 2025-10-27 08:06:41	info	core/server.go:343	no updated MCP configurations found, skipping update
2025-10-27T16:06:41: 2025-10-27 08:06:41	info	core/server.go:405	Configuration reloaded successfully
2025-10-27T16:16:41: 2025-10-27 08:16:41	info	mcp-gateway/main.go:243	Received ticker signal	{"reload_switch": true}
2025-10-27T16:16:41: 2025-10-27 08:16:41	info	core/server.go:389	Reloading MCP configuration
2025-10-27T16:16:41: 2025-10-27 08:16:41	info	core/server.go:319	Updating MCP configuration
2025-10-27T16:16:41: 2025-10-27 08:16:41	info	core/server.go:343	no updated MCP configurations found, skipping update
2025-10-27T16:16:41: 2025-10-27 08:16:41	info	core/server.go:405	Configuration reloaded successfully
2025-10-27T16:26:41: 2025-10-27 08:26:41	info	mcp-gateway/main.go:243	Received ticker signal	{"reload_switch": true}
2025-10-27T16:26:41: 2025-10-27 08:26:41	info	core/server.go:389	Reloading MCP configuration
2025-10-27T16:26:41: 2025-10-27 08:26:41	info	core/server.go:319	Updating MCP configuration
2025-10-27T16:26:41: 2025-10-27 08:26:41	info	core/server.go:343	no updated MCP configurations found, skipping update
2025-10-27T16:26:41: 2025-10-27 08:26:41	info	core/server.go:405	Configuration reloaded successfully
2025-10-27T16:36:41: 2025-10-27 08:36:41	info	mcp-gateway/main.go:243	Received ticker signal	{"reload_switch": true}
2025-10-27T16:36:41: 2025-10-27 08:36:41	info	core/server.go:389	Reloading MCP configuration
2025-10-27T16:36:41: 2025-10-27 08:36:41	info	core/server.go:319	Updating MCP configuration
2025-10-27T16:36:41: 2025-10-27 08:36:41	info	core/server.go:343	no updated MCP configurations found, skipping update
2025-10-27T16:36:41: 2025-10-27 08:36:41	info	core/server.go:405	Configuration reloaded successfully
2025-10-27T16:46:41: 2025-10-27 08:46:41	info	mcp-gateway/main.go:243	Received ticker signal	{"reload_switch": true}
2025-10-27T16:46:41: 2025-10-27 08:46:41	info	core/server.go:389	Reloading MCP configuration
2025-10-27T16:46:41: 2025-10-27 08:46:41	info	core/server.go:319	Updating MCP configuration
2025-10-27T16:46:41: 2025-10-27 08:46:41	info	core/server.go:343	no updated MCP configurations found, skipping update
2025-10-27T16:46:41: 2025-10-27 08:46:41	info	core/server.go:405	Configuration reloaded successfully
2025-10-27T16:56:41: 2025-10-27 08:56:41	info	mcp-gateway/main.go:243	Received ticker signal	{"reload_switch": true}
2025-10-27T16:56:41: 2025-10-27 08:56:41	info	core/server.go:389	Reloading MCP configuration
2025-10-27T16:56:41: 2025-10-27 08:56:41	info	core/server.go:319	Updating MCP configuration
2025-10-27T16:56:41: 2025-10-27 08:56:41	info	core/server.go:343	no updated MCP configurations found, skipping update
2025-10-27T16:56:41: 2025-10-27 08:56:41	info	core/server.go:405	Configuration reloaded successfully
2025-10-27T17:06:41: 2025-10-27 09:06:41	info	mcp-gateway/main.go:243	Received ticker signal	{"reload_switch": true}
2025-10-27T17:06:41: 2025-10-27 09:06:41	info	core/server.go:389	Reloading MCP configuration
2025-10-27T17:06:41: 2025-10-27 09:06:41	info	core/server.go:319	Updating MCP configuration
2025-10-27T17:06:41: 2025-10-27 09:06:41	info	core/server.go:343	no updated MCP configurations found, skipping update
2025-10-27T17:06:41: 2025-10-27 09:06:41	info	core/server.go:405	Configuration reloaded successfully
2025-10-27T17:16:41: 2025-10-27 09:16:41	info	mcp-gateway/main.go:243	Received ticker signal	{"reload_switch": true}
2025-10-27T17:16:41: 2025-10-27 09:16:41	info	core/server.go:389	Reloading MCP configuration
2025-10-27T17:16:41: 2025-10-27 09:16:41	info	core/server.go:319	Updating MCP configuration
2025-10-27T17:16:41: 2025-10-27 09:16:41	info	core/server.go:343	no updated MCP configurations found, skipping update
2025-10-27T17:16:41: 2025-10-27 09:16:41	info	core/server.go:405	Configuration reloaded successfully
2025-10-27T17:26:41: 2025-10-27 09:26:41	info	mcp-gateway/main.go:243	Received ticker signal	{"reload_switch": true}
2025-10-27T17:26:41: 2025-10-27 09:26:41	info	core/server.go:389	Reloading MCP configuration
2025-10-27T17:26:41: 2025-10-27 09:26:41	info	core/server.go:319	Updating MCP configuration
2025-10-27T17:26:41: 2025-10-27 09:26:41	info	core/server.go:343	no updated MCP configurations found, skipping update
2025-10-27T17:26:41: 2025-10-27 09:26:41	info	core/server.go:405	Configuration reloaded successfully
2025-10-27T17:36:41: 2025-10-27 09:36:41	info	mcp-gateway/main.go:243	Received ticker signal	{"reload_switch": true}
2025-10-27T17:36:41: 2025-10-27 09:36:41	info	core/server.go:389	Reloading MCP configuration
2025-10-27T17:36:41: 2025-10-27 09:36:41	info	core/server.go:319	Updating MCP configuration
2025-10-27T17:36:41: 2025-10-27 09:36:41	info	core/server.go:343	no updated MCP configurations found, skipping update
2025-10-27T17:36:41: 2025-10-27 09:36:41	info	core/server.go:405	Configuration reloaded successfully
2025-10-27T17:46:41: 2025-10-27 09:46:41	info	mcp-gateway/main.go:243	Received ticker signal	{"reload_switch": true}
2025-10-27T17:46:41: 2025-10-27 09:46:41	info	core/server.go:389	Reloading MCP configuration
2025-10-27T17:46:41: 2025-10-27 09:46:41	info	core/server.go:319	Updating MCP configuration
2025-10-27T17:46:41: 2025-10-27 09:46:41	info	core/server.go:343	no updated MCP configurations found, skipping update
2025-10-27T17:46:41: 2025-10-27 09:46:41	info	core/server.go:405	Configuration reloaded successfully
2025-10-27T17:56:41: 2025-10-27 09:56:41	info	mcp-gateway/main.go:243	Received ticker signal	{"reload_switch": true}
2025-10-27T17:56:41: 2025-10-27 09:56:41	info	core/server.go:389	Reloading MCP configuration
2025-10-27T17:56:41: 2025-10-27 09:56:41	info	core/server.go:319	Updating MCP configuration
2025-10-27T17:56:41: 2025-10-27 09:56:41	info	core/server.go:343	no updated MCP configurations found, skipping update
2025-10-27T17:56:41: 2025-10-27 09:56:41	info	core/server.go:405	Configuration reloaded successfully
2025-10-27T18:06:41: 2025-10-27 10:06:41	info	mcp-gateway/main.go:243	Received ticker signal	{"reload_switch": true}
2025-10-27T18:06:41: 2025-10-27 10:06:41	info	core/server.go:389	Reloading MCP configuration
2025-10-27T18:06:41: 2025-10-27 10:06:41	info	core/server.go:319	Updating MCP configuration
2025-10-27T18:06:41: 2025-10-27 10:06:41	info	core/server.go:343	no updated MCP configurations found, skipping update
2025-10-27T18:06:41: 2025-10-27 10:06:41	info	core/server.go:405	Configuration reloaded successfully
2025-10-27T18:16:41: 2025-10-27 10:16:41	info	mcp-gateway/main.go:243	Received ticker signal	{"reload_switch": true}
2025-10-27T18:16:41: 2025-10-27 10:16:41	info	core/server.go:389	Reloading MCP configuration
2025-10-27T18:16:41: 2025-10-27 10:16:41	info	core/server.go:319	Updating MCP configuration
2025-10-27T18:16:41: 2025-10-27 10:16:41	info	core/server.go:343	no updated MCP configurations found, skipping update
2025-10-27T18:16:41: 2025-10-27 10:16:41	info	core/server.go:405	Configuration reloaded successfully
2025-10-27T18:26:41: 2025-10-27 10:26:41	info	mcp-gateway/main.go:243	Received ticker signal	{"reload_switch": true}
2025-10-27T18:26:41: 2025-10-27 10:26:41	info	core/server.go:389	Reloading MCP configuration
2025-10-27T18:26:41: 2025-10-27 10:26:41	info	core/server.go:319	Updating MCP configuration
2025-10-27T18:26:41: 2025-10-27 10:26:41	info	core/server.go:343	no updated MCP configurations found, skipping update
2025-10-27T18:26:41: 2025-10-27 10:26:41	info	core/server.go:405	Configuration reloaded successfully
2025-10-27T18:36:41: 2025-10-27 10:36:41	info	mcp-gateway/main.go:243	Received ticker signal	{"reload_switch": true}
2025-10-27T18:36:41: 2025-10-27 10:36:41	info	core/server.go:389	Reloading MCP configuration
2025-10-27T18:36:41: 2025-10-27 10:36:41	info	core/server.go:319	Updating MCP configuration
2025-10-27T18:36:41: 2025-10-27 10:36:41	info	core/server.go:343	no updated MCP configurations found, skipping update
2025-10-27T18:36:41: 2025-10-27 10:36:41	info	core/server.go:405	Configuration reloaded successfully
2025-10-27T18:46:41: 2025-10-27 10:46:41	info	mcp-gateway/main.go:243	Received ticker signal	{"reload_switch": true}
2025-10-27T18:46:41: 2025-10-27 10:46:41	info	core/server.go:389	Reloading MCP configuration
2025-10-27T18:46:41: 2025-10-27 10:46:41	info	core/server.go:319	Updating MCP configuration
2025-10-27T18:46:41: 2025-10-27 10:46:41	info	core/server.go:343	no updated MCP configurations found, skipping update
2025-10-27T18:46:41: 2025-10-27 10:46:41	info	core/server.go:405	Configuration reloaded successfully
2025-10-27T18:56:41: 2025-10-27 10:56:41	info	mcp-gateway/main.go:243	Received ticker signal	{"reload_switch": true}
2025-10-27T18:56:41: 2025-10-27 10:56:41	info	core/server.go:389	Reloading MCP configuration
2025-10-27T18:56:41: 2025-10-27 10:56:41	info	core/server.go:319	Updating MCP configuration
2025-10-27T18:56:41: 2025-10-27 10:56:41	info	core/server.go:343	no updated MCP configurations found, skipping update
2025-10-27T18:56:41: 2025-10-27 10:56:41	info	core/server.go:405	Configuration reloaded successfully
2025-10-27T19:06:41: 2025-10-27 11:06:41	info	mcp-gateway/main.go:243	Received ticker signal	{"reload_switch": true}
2025-10-27T19:06:41: 2025-10-27 11:06:41	info	core/server.go:389	Reloading MCP configuration
2025-10-27T19:06:41: 2025-10-27 11:06:41	info	core/server.go:319	Updating MCP configuration
2025-10-27T19:06:41: 2025-10-27 11:06:41	info	core/server.go:343	no updated MCP configurations found, skipping update
2025-10-27T19:06:41: 2025-10-27 11:06:41	info	core/server.go:405	Configuration reloaded successfully
2025-10-27T19:16:41: 2025-10-27 11:16:41	info	mcp-gateway/main.go:243	Received ticker signal	{"reload_switch": true}
2025-10-27T19:16:41: 2025-10-27 11:16:41	info	core/server.go:389	Reloading MCP configuration
2025-10-27T19:16:41: 2025-10-27 11:16:41	info	core/server.go:319	Updating MCP configuration
2025-10-27T19:16:41: 2025-10-27 11:16:41	info	core/server.go:343	no updated MCP configurations found, skipping update
2025-10-27T19:16:41: 2025-10-27 11:16:41	info	core/server.go:405	Configuration reloaded successfully
2025-10-27T19:26:41: 2025-10-27 11:26:41	info	mcp-gateway/main.go:243	Received ticker signal	{"reload_switch": true}
2025-10-27T19:26:41: 2025-10-27 11:26:41	info	core/server.go:389	Reloading MCP configuration
2025-10-27T19:26:41: 2025-10-27 11:26:41	info	core/server.go:319	Updating MCP configuration
2025-10-27T19:26:41: 2025-10-27 11:26:41	info	core/server.go:343	no updated MCP configurations found, skipping update
2025-10-27T19:26:41: 2025-10-27 11:26:41	info	core/server.go:405	Configuration reloaded successfully
2025-10-27T19:36:41: 2025-10-27 11:36:41	info	mcp-gateway/main.go:243	Received ticker signal	{"reload_switch": true}
2025-10-27T19:36:41: 2025-10-27 11:36:41	info	core/server.go:389	Reloading MCP configuration
2025-10-27T19:36:41: 2025-10-27 11:36:41	info	core/server.go:319	Updating MCP configuration
2025-10-27T19:36:41: 2025-10-27 11:36:41	info	core/server.go:343	no updated MCP configurations found, skipping update
2025-10-27T19:36:41: 2025-10-27 11:36:41	info	core/server.go:405	Configuration reloaded successfully
2025-10-27T19:46:41: 2025-10-27 11:46:41	info	mcp-gateway/main.go:243	Received ticker signal	{"reload_switch": true}
2025-10-27T19:46:41: 2025-10-27 11:46:41	info	core/server.go:389	Reloading MCP configuration
2025-10-27T19:46:41: 2025-10-27 11:46:41	info	core/server.go:319	Updating MCP configuration
2025-10-27T19:46:41: 2025-10-27 11:46:41	info	core/server.go:343	no updated MCP configurations found, skipping update
2025-10-27T19:46:41: 2025-10-27 11:46:41	info	core/server.go:405	Configuration reloaded successfully
2025-10-27T20:26:06: 2025-10-27 12:26:06	info	mcp-gateway/main.go:243	Received ticker signal	{"reload_switch": true}
2025-10-27T20:26:06: 2025-10-27 12:26:06	info	core/server.go:389	Reloading MCP configuration
2025-10-27T20:26:06: 2025-10-27 12:26:06	info	core/server.go:319	Updating MCP configuration
2025-10-27T20:26:06: 2025-10-27 12:26:06	info	core/server.go:343	no updated MCP configurations found, skipping update
2025-10-27T20:26:06: 2025-10-27 12:26:06	info	core/server.go:405	Configuration reloaded successfully
2025-10-27T20:36:06: 2025-10-27 12:36:06	info	mcp-gateway/main.go:243	Received ticker signal	{"reload_switch": true}
2025-10-27T20:36:06: 2025-10-27 12:36:06	info	core/server.go:389	Reloading MCP configuration
2025-10-27T20:36:06: 2025-10-27 12:36:06	info	core/server.go:319	Updating MCP configuration
2025-10-27T20:36:06: 2025-10-27 12:36:06	info	core/server.go:343	no updated MCP configurations found, skipping update
2025-10-27T20:36:06: 2025-10-27 12:36:06	info	core/server.go:405	Configuration reloaded successfully
2025-10-27T20:46:06: 2025-10-27 12:46:06	info	mcp-gateway/main.go:243	Received ticker signal	{"reload_switch": true}
2025-10-27T20:46:06: 2025-10-27 12:46:06	info	core/server.go:389	Reloading MCP configuration
2025-10-27T20:46:06: 2025-10-27 12:46:06	info	core/server.go:319	Updating MCP configuration
2025-10-27T20:46:06: 2025-10-27 12:46:06	info	core/server.go:343	no updated MCP configurations found, skipping update
2025-10-27T20:46:06: 2025-10-27 12:46:06	info	core/server.go:405	Configuration reloaded successfully
2025-10-27T20:56:06: 2025-10-27 12:56:06	info	mcp-gateway/main.go:243	Received ticker signal	{"reload_switch": true}
2025-10-27T20:56:06: 2025-10-27 12:56:06	info	core/server.go:389	Reloading MCP configuration
2025-10-27T20:56:06: 2025-10-27 12:56:06	info	core/server.go:319	Updating MCP configuration
2025-10-27T20:56:06: 2025-10-27 12:56:06	info	core/server.go:343	no updated MCP configurations found, skipping update
2025-10-27T20:56:06: 2025-10-27 12:56:06	info	core/server.go:405	Configuration reloaded successfully
2025-10-27T21:06:06: 2025-10-27 13:06:06	info	mcp-gateway/main.go:243	Received ticker signal	{"reload_switch": true}
2025-10-27T21:06:06: 2025-10-27 13:06:06	info	core/server.go:389	Reloading MCP configuration
2025-10-27T21:06:06: 2025-10-27 13:06:06	info	core/server.go:319	Updating MCP configuration
2025-10-27T21:06:06: 2025-10-27 13:06:06	info	core/server.go:343	no updated MCP configurations found, skipping update
2025-10-27T21:06:06: 2025-10-27 13:06:06	info	core/server.go:405	Configuration reloaded successfully
2025-10-27T21:16:06: 2025-10-27 13:16:06	info	mcp-gateway/main.go:243	Received ticker signal	{"reload_switch": true}
2025-10-27T21:16:06: 2025-10-27 13:16:06	info	core/server.go:389	Reloading MCP configuration
2025-10-27T21:16:06: 2025-10-27 13:16:06	info	core/server.go:319	Updating MCP configuration
2025-10-27T21:16:06: 2025-10-27 13:16:06	info	core/server.go:343	no updated MCP configurations found, skipping update
2025-10-27T21:16:06: 2025-10-27 13:16:06	info	core/server.go:405	Configuration reloaded successfully
2025-10-27T21:26:06: 2025-10-27 13:26:06	info	mcp-gateway/main.go:243	Received ticker signal	{"reload_switch": true}
2025-10-27T21:26:06: 2025-10-27 13:26:06	info	core/server.go:389	Reloading MCP configuration
2025-10-27T21:26:06: 2025-10-27 13:26:06	info	core/server.go:319	Updating MCP configuration
2025-10-27T21:26:06: 2025-10-27 13:26:06	info	core/server.go:343	no updated MCP configurations found, skipping update
2025-10-27T21:26:06: 2025-10-27 13:26:06	info	core/server.go:405	Configuration reloaded successfully
2025-10-27T21:36:06: 2025-10-27 13:36:06	info	mcp-gateway/main.go:243	Received ticker signal	{"reload_switch": true}
2025-10-27T21:36:06: 2025-10-27 13:36:06	info	core/server.go:389	Reloading MCP configuration
2025-10-27T21:36:06: 2025-10-27 13:36:06	info	core/server.go:319	Updating MCP configuration
2025-10-27T21:36:06: 2025-10-27 13:36:06	info	core/server.go:343	no updated MCP configurations found, skipping update
2025-10-27T21:36:06: 2025-10-27 13:36:06	info	core/server.go:405	Configuration reloaded successfully
2025-10-27T21:46:06: 2025-10-27 13:46:06	info	mcp-gateway/main.go:243	Received ticker signal	{"reload_switch": true}
2025-10-27T21:46:06: 2025-10-27 13:46:06	info	core/server.go:389	Reloading MCP configuration
2025-10-27T21:46:06: 2025-10-27 13:46:06	info	core/server.go:319	Updating MCP configuration
2025-10-27T21:46:06: 2025-10-27 13:46:06	info	core/server.go:343	no updated MCP configurations found, skipping update
2025-10-27T21:46:06: 2025-10-27 13:46:06	info	core/server.go:405	Configuration reloaded successfully
2025-10-27T21:56:06: 2025-10-27 13:56:06	info	mcp-gateway/main.go:243	Received ticker signal	{"reload_switch": true}
2025-10-27T21:56:06: 2025-10-27 13:56:06	info	core/server.go:389	Reloading MCP configuration
2025-10-27T21:56:06: 2025-10-27 13:56:06	info	core/server.go:319	Updating MCP configuration
2025-10-27T21:56:06: 2025-10-27 13:56:06	info	core/server.go:343	no updated MCP configurations found, skipping update
2025-10-27T21:56:06: 2025-10-27 13:56:06	info	core/server.go:405	Configuration reloaded successfully
2025-10-27T22:06:06: 2025-10-27 14:06:06	info	mcp-gateway/main.go:243	Received ticker signal	{"reload_switch": true}
2025-10-27T22:06:06: 2025-10-27 14:06:06	info	core/server.go:389	Reloading MCP configuration
2025-10-27T22:06:06: 2025-10-27 14:06:06	info	core/server.go:319	Updating MCP configuration
2025-10-27T22:06:06: 2025-10-27 14:06:06	info	core/server.go:343	no updated MCP configurations found, skipping update
2025-10-27T22:06:06: 2025-10-27 14:06:06	info	core/server.go:405	Configuration reloaded successfully
2025-10-27T22:16:06: 2025-10-27 14:16:06	info	mcp-gateway/main.go:243	Received ticker signal	{"reload_switch": true}
2025-10-27T22:16:06: 2025-10-27 14:16:06	info	core/server.go:389	Reloading MCP configuration
2025-10-27T22:16:06: 2025-10-27 14:16:06	info	core/server.go:319	Updating MCP configuration
2025-10-27T22:16:06: 2025-10-27 14:16:06	info	core/server.go:343	no updated MCP configurations found, skipping update
2025-10-27T22:16:06: 2025-10-27 14:16:06	info	core/server.go:405	Configuration reloaded successfully
2025-10-27T22:26:06: 2025-10-27 14:26:06	info	mcp-gateway/main.go:243	Received ticker signal	{"reload_switch": true}
2025-10-27T22:26:06: 2025-10-27 14:26:06	info	core/server.go:389	Reloading MCP configuration
2025-10-27T22:26:06: 2025-10-27 14:26:06	info	core/server.go:319	Updating MCP configuration
2025-10-27T22:26:06: 2025-10-27 14:26:06	info	core/server.go:343	no updated MCP configurations found, skipping update
2025-10-27T22:26:06: 2025-10-27 14:26:06	info	core/server.go:405	Configuration reloaded successfully
2025-10-27T22:36:06: 2025-10-27 14:36:06	info	mcp-gateway/main.go:243	Received ticker signal	{"reload_switch": true}
2025-10-27T22:36:06: 2025-10-27 14:36:06	info	core/server.go:389	Reloading MCP configuration
2025-10-27T22:36:06: 2025-10-27 14:36:06	info	core/server.go:319	Updating MCP configuration
2025-10-27T22:36:06: 2025-10-27 14:36:06	info	core/server.go:343	no updated MCP configurations found, skipping update
2025-10-27T22:36:06: 2025-10-27 14:36:06	info	core/server.go:405	Configuration reloaded successfully
2025-10-27T22:46:06: 2025-10-27 14:46:06	info	mcp-gateway/main.go:243	Received ticker signal	{"reload_switch": true}
2025-10-27T22:46:06: 2025-10-27 14:46:06	info	core/server.go:389	Reloading MCP configuration
2025-10-27T22:46:06: 2025-10-27 14:46:06	info	core/server.go:319	Updating MCP configuration
2025-10-27T22:46:06: 2025-10-27 14:46:06	info	core/server.go:343	no updated MCP configurations found, skipping update
2025-10-27T22:46:06: 2025-10-27 14:46:06	info	core/server.go:405	Configuration reloaded successfully
2025-10-27T22:56:06: 2025-10-27 14:56:06	info	mcp-gateway/main.go:243	Received ticker signal	{"reload_switch": true}
2025-10-27T22:56:06: 2025-10-27 14:56:06	info	core/server.go:389	Reloading MCP configuration
2025-10-27T22:56:06: 2025-10-27 14:56:06	info	core/server.go:319	Updating MCP configuration
2025-10-27T22:56:06: 2025-10-27 14:56:06	info	core/server.go:343	no updated MCP configurations found, skipping update
2025-10-27T22:56:06: 2025-10-27 14:56:06	info	core/server.go:405	Configuration reloaded successfully
2025-10-27T22:58:05: 2025-10-27 14:58:05	info	mcp-gateway/main.go:218	Received shutdown signal, starting graceful shutdown
2025-10-27T22:58:05: 2025-10-27 14:58:05	info	core/server.go:290	shutting down server
2025-10-27T22:58:05: 2025-10-27 14:58:05	info	mcp-gateway/main.go:229	MCP server shutdown completed successfully
2025-10-27T22:58:05: 2025-10-27 14:58:05	info	notifier.signal	notifier/signal.go:61	Signal handler stopped
2025-10-27T22:58:05: 2025-10-27 14:58:05	info	mcp-gateway/main.go:143	Loaded configuration	{"path": "/Users/wxn/Desktop/NextAgentLite/services/configs/unla-configs/mcp-gateway.yaml"}
2025-10-27T22:58:05: 2025-10-27 14:58:05	info	mcp-gateway/main.go:159	Starting mcp-gateway	{"version": "v0.8.6"}
2025-10-27T22:58:05: 2025-10-27 14:58:05	info	storage/factory.go:13	Initializing storage	{"type": "db"}
2025-10-27T22:58:05: 2025-10-27 14:58:05	info	session/factory.go:23	Initializing session store	{"type": "memory"}
2025-10-27T22:58:05: 2025-10-27 14:58:05	info	storage/factory.go:13	Initializing auth storage	{"type": "memory"}
2025-10-27T22:58:05: [GIN-debug] [WARNING] Creating an Engine instance with the Logger and Recovery middleware already attached.
2025-10-27T22:58:05: 
2025-10-27T22:58:05: [GIN-debug] [WARNING] Running in "debug" mode. Switch to "release" mode in production.
2025-10-27T22:58:05:  - using env:	export GIN_MODE=release
2025-10-27T22:58:05:  - using code:	gin.SetMode(gin.ReleaseMode)
2025-10-27T22:58:05: 
2025-10-27T22:58:05: [GIN-debug] Loaded HTML Templates (2): 
2025-10-27T22:58:05: 	- 
2025-10-27T22:58:05: 	- authorize.html
2025-10-27T22:58:05: 
2025-10-27T22:58:05: [GIN-debug] GET    /static/*filepath         --> github.com/gin-gonic/gin.(*RouterGroup).createStaticHandler.func1 (3 handlers)
2025-10-27T22:58:05: [GIN-debug] HEAD   /static/*filepath         --> github.com/gin-gonic/gin.(*RouterGroup).createStaticHandler.func1 (3 handlers)
2025-10-27T22:58:05: [GIN-debug] GET    /health_check             --> github.com/amoylab/unla/internal/core.(*Server).RegisterRoutes.func1 (5 handlers)
2025-10-27T22:58:05: [GIN-debug] OPTIONS /*path                    --> github.com/amoylab/unla/internal/core.(*Server).RegisterRoutes.(*Server).corsMiddleware.func2 (5 handlers)
2025-10-27T22:58:05: [GIN-debug] GET    /.well-known/oauth-authorization-server --> github.com/amoylab/unla/internal/core.(*Server).handleOAuthServerMetadata-fm (6 handlers)
2025-10-27T22:58:05: [GIN-debug] GET    /authorize                --> github.com/amoylab/unla/internal/core.(*Server).handleOAuthAuthorize-fm (6 handlers)
2025-10-27T22:58:05: [GIN-debug] POST   /authorize                --> github.com/amoylab/unla/internal/core.(*Server).handleOAuthAuthorize-fm (6 handlers)
2025-10-27T22:58:05: [GIN-debug] POST   /token                    --> github.com/amoylab/unla/internal/core.(*Server).handleOAuthToken-fm (6 handlers)
2025-10-27T22:58:05: [GIN-debug] POST   /register                 --> github.com/amoylab/unla/internal/core.(*Server).handleOAuthRegister-fm (6 handlers)
2025-10-27T22:58:05: [GIN-debug] POST   /revoke                   --> github.com/amoylab/unla/internal/core.(*Server).handleOAuthRevoke-fm (6 handlers)
2025-10-27T22:58:05: 2025-10-27 14:58:05	info	core/server.go:319	Updating MCP configuration
2025-10-27T22:58:05: 2025-10-27 14:58:05	info	core/server.go:333	loading all MCP configurations	{"count": 4}
2025-10-27T22:58:05: 2025-10-27 14:58:05	info	core/server.go:371	initializing server state
2025-10-27T22:58:05: 2025-10-27 14:58:05	warn	state/state.go:144	failed to find prefix for mcp server	{"server": "playwright"}
2025-10-27T22:58:05: 2025-10-27 14:58:05	info	state/state.go:81	registered router	{"tenant": "default", "prefix": "/gateway/ntcx", "server": "server-test"}
2025-10-27T22:58:05: 2025-10-27 14:58:05	warn	state/state.go:144	failed to find prefix for mcp server	{"server": "vchart-mcp-server"}
2025-10-27T22:58:05: 2025-10-27 14:58:05	info	state/state.go:81	registered router	{"tenant": "", "prefix": "/api/validation", "server": "nextlite-backend"}
2025-10-27T22:58:05: 2025-10-27 14:58:05	info	core/server.go:379	server configuration loaded	{"server_count": 2, "tool_count": 2, "router_count": 2}
2025-10-27T22:58:05: [GIN-debug] [WARNING] You trusted all proxies, this is NOT safe. We recommend you to set a value.
2025-10-27T22:58:05: Please check https://pkg.go.dev/github.com/gin-gonic/gin#readme-don-t-trust-all-proxies for details.
2025-10-27T22:58:05: [GIN-debug] Listening and serving HTTP on :5235
2025-10-27T23:08:05: 2025-10-27 15:08:05	info	mcp-gateway/main.go:243	Received ticker signal	{"reload_switch": true}
2025-10-27T23:08:05: 2025-10-27 15:08:05	info	core/server.go:389	Reloading MCP configuration
2025-10-27T23:08:05: 2025-10-27 15:08:05	info	core/server.go:319	Updating MCP configuration
2025-10-27T23:08:05: 2025-10-27 15:08:05	info	core/server.go:343	no updated MCP configurations found, skipping update
2025-10-27T23:08:05: 2025-10-27 15:08:05	info	core/server.go:405	Configuration reloaded successfully
2025-10-27T23:17:18: 2025-10-27 15:17:18	info	mcp-gateway/main.go:218	Received shutdown signal, starting graceful shutdown
2025-10-27T23:17:18: 2025-10-27 15:17:18	info	core/server.go:290	shutting down server
2025-10-27T23:17:18: 2025-10-27 15:17:18	info	mcp-gateway/main.go:229	MCP server shutdown completed successfully
2025-10-27T23:17:18: 2025-10-27 15:17:18	info	notifier.signal	notifier/signal.go:61	Signal handler stopped
2025-10-27T23:17:18: 2025-10-27 15:17:18	info	mcp-gateway/main.go:143	Loaded configuration	{"path": "/Users/wxn/Desktop/NextAgentLite/services/configs/unla-configs/mcp-gateway.yaml"}
2025-10-27T23:17:18: 2025-10-27 15:17:18	info	mcp-gateway/main.go:159	Starting mcp-gateway	{"version": "v0.8.6"}
2025-10-27T23:17:18: 2025-10-27 15:17:18	info	storage/factory.go:13	Initializing storage	{"type": "db"}
2025-10-27T23:17:18: 2025-10-27 15:17:18	info	session/factory.go:23	Initializing session store	{"type": "memory"}
2025-10-27T23:17:18: 2025-10-27 15:17:18	info	storage/factory.go:13	Initializing auth storage	{"type": "memory"}
2025-10-27T23:17:18: [GIN-debug] [WARNING] Creating an Engine instance with the Logger and Recovery middleware already attached.
2025-10-27T23:17:18: 
2025-10-27T23:17:18: [GIN-debug] [WARNING] Running in "debug" mode. Switch to "release" mode in production.
2025-10-27T23:17:18:  - using env:	export GIN_MODE=release
2025-10-27T23:17:18:  - using code:	gin.SetMode(gin.ReleaseMode)
2025-10-27T23:17:18: 
2025-10-27T23:17:18: [GIN-debug] Loaded HTML Templates (2): 
2025-10-27T23:17:18: 	- 
2025-10-27T23:17:18: 	- authorize.html
2025-10-27T23:17:18: 
2025-10-27T23:17:18: [GIN-debug] GET    /static/*filepath         --> github.com/gin-gonic/gin.(*RouterGroup).createStaticHandler.func1 (3 handlers)
2025-10-27T23:17:18: [GIN-debug] HEAD   /static/*filepath         --> github.com/gin-gonic/gin.(*RouterGroup).createStaticHandler.func1 (3 handlers)
2025-10-27T23:17:18: [GIN-debug] GET    /health_check             --> github.com/amoylab/unla/internal/core.(*Server).RegisterRoutes.func1 (5 handlers)
2025-10-27T23:17:18: [GIN-debug] OPTIONS /*path                    --> github.com/amoylab/unla/internal/core.(*Server).RegisterRoutes.(*Server).corsMiddleware.func2 (5 handlers)
2025-10-27T23:17:18: [GIN-debug] GET    /.well-known/oauth-authorization-server --> github.com/amoylab/unla/internal/core.(*Server).handleOAuthServerMetadata-fm (6 handlers)
2025-10-27T23:17:18: [GIN-debug] GET    /authorize                --> github.com/amoylab/unla/internal/core.(*Server).handleOAuthAuthorize-fm (6 handlers)
2025-10-27T23:17:18: [GIN-debug] POST   /authorize                --> github.com/amoylab/unla/internal/core.(*Server).handleOAuthAuthorize-fm (6 handlers)
2025-10-27T23:17:18: [GIN-debug] POST   /token                    --> github.com/amoylab/unla/internal/core.(*Server).handleOAuthToken-fm (6 handlers)
2025-10-27T23:17:18: [GIN-debug] POST   /register                 --> github.com/amoylab/unla/internal/core.(*Server).handleOAuthRegister-fm (6 handlers)
2025-10-27T23:17:18: [GIN-debug] POST   /revoke                   --> github.com/amoylab/unla/internal/core.(*Server).handleOAuthRevoke-fm (6 handlers)
2025-10-27T23:17:18: 2025-10-27 15:17:18	info	core/server.go:319	Updating MCP configuration
2025-10-27T23:17:18: 2025-10-27 15:17:18	info	core/server.go:333	loading all MCP configurations	{"count": 4}
2025-10-27T23:17:18: 2025-10-27 15:17:18	info	core/server.go:371	initializing server state
2025-10-27T23:17:18: 2025-10-27 15:17:18	warn	state/state.go:144	failed to find prefix for mcp server	{"server": "playwright"}
2025-10-27T23:17:18: 2025-10-27 15:17:18	info	state/state.go:81	registered router	{"tenant": "default", "prefix": "/gateway/ntcx", "server": "server-test"}
2025-10-27T23:17:18: 2025-10-27 15:17:18	warn	state/state.go:144	failed to find prefix for mcp server	{"server": "vchart-mcp-server"}
2025-10-27T23:17:18: 2025-10-27 15:17:18	info	state/state.go:81	registered router	{"tenant": "", "prefix": "/api/validation", "server": "nextlite-backend"}
2025-10-27T23:17:18: 2025-10-27 15:17:18	info	core/server.go:379	server configuration loaded	{"server_count": 2, "tool_count": 2, "router_count": 2}
2025-10-27T23:17:18: [GIN-debug] [WARNING] You trusted all proxies, this is NOT safe. We recommend you to set a value.
2025-10-27T23:17:18: Please check https://pkg.go.dev/github.com/gin-gonic/gin#readme-don-t-trust-all-proxies for details.
2025-10-27T23:17:18: [GIN-debug] Listening and serving HTTP on :5235
2025-10-27T23:27:18: 2025-10-27 15:27:18	info	mcp-gateway/main.go:243	Received ticker signal	{"reload_switch": true}
2025-10-27T23:27:18: 2025-10-27 15:27:18	info	core/server.go:389	Reloading MCP configuration
2025-10-27T23:27:18: 2025-10-27 15:27:18	info	core/server.go:319	Updating MCP configuration
2025-10-27T23:27:18: 2025-10-27 15:27:18	info	core/server.go:343	no updated MCP configurations found, skipping update
2025-10-27T23:27:18: 2025-10-27 15:27:18	info	core/server.go:405	Configuration reloaded successfully
2025-10-27T23:37:19: 2025-10-27 15:37:19	info	mcp-gateway/main.go:243	Received ticker signal	{"reload_switch": true}
2025-10-27T23:37:19: 2025-10-27 15:37:19	info	core/server.go:389	Reloading MCP configuration
2025-10-27T23:37:19: 2025-10-27 15:37:19	info	core/server.go:319	Updating MCP configuration
2025-10-27T23:37:19: 2025-10-27 15:37:19	info	core/server.go:343	no updated MCP configurations found, skipping update
2025-10-27T23:37:19: 2025-10-27 15:37:19	info	core/server.go:405	Configuration reloaded successfully
2025-10-27T23:47:19: 2025-10-27 15:47:19	info	mcp-gateway/main.go:243	Received ticker signal	{"reload_switch": true}
2025-10-27T23:47:19: 2025-10-27 15:47:19	info	core/server.go:389	Reloading MCP configuration
2025-10-27T23:47:19: 2025-10-27 15:47:19	info	core/server.go:319	Updating MCP configuration
2025-10-27T23:47:19: 2025-10-27 15:47:19	info	core/server.go:343	no updated MCP configurations found, skipping update
2025-10-27T23:47:19: 2025-10-27 15:47:19	info	core/server.go:405	Configuration reloaded successfully
2025-10-27T23:57:19: 2025-10-27 15:57:19	info	mcp-gateway/main.go:243	Received ticker signal	{"reload_switch": true}
2025-10-27T23:57:19: 2025-10-27 15:57:19	info	core/server.go:389	Reloading MCP configuration
2025-10-27T23:57:19: 2025-10-27 15:57:19	info	core/server.go:319	Updating MCP configuration
2025-10-27T23:57:19: 2025-10-27 15:57:19	info	core/server.go:343	no updated MCP configurations found, skipping update
2025-10-27T23:57:19: 2025-10-27 15:57:19	info	core/server.go:405	Configuration reloaded successfully
2025-10-28T00:07:19: 2025-10-27 16:07:19	info	mcp-gateway/main.go:243	Received ticker signal	{"reload_switch": true}
2025-10-28T00:07:19: 2025-10-27 16:07:19	info	core/server.go:389	Reloading MCP configuration
2025-10-28T00:07:19: 2025-10-27 16:07:19	info	core/server.go:319	Updating MCP configuration
2025-10-28T00:07:19: 2025-10-27 16:07:19	info	core/server.go:343	no updated MCP configurations found, skipping update
2025-10-28T00:07:19: 2025-10-27 16:07:19	info	core/server.go:405	Configuration reloaded successfully
2025-10-28T00:08:43: 2025-10-27 16:08:43	info	mcp-gateway/main.go:218	Received shutdown signal, starting graceful shutdown
2025-10-28T00:08:43: 2025-10-27 16:08:43	info	core/server.go:290	shutting down server
2025-10-28T00:08:43: 2025-10-27 16:08:43	info	mcp-gateway/main.go:229	MCP server shutdown completed successfully
2025-10-28T00:08:43: 2025-10-27 16:08:43	info	notifier.signal	notifier/signal.go:61	Signal handler stopped
2025-10-28T00:18:55: 2025-10-27 16:18:55	info	mcp-gateway/main.go:143	Loaded configuration	{"path": "/Users/wxn/Desktop/NextAgentLite/services/configs/unla-configs/mcp-gateway.yaml"}
2025-10-28T00:18:55: 2025-10-27 16:18:55	info	mcp-gateway/main.go:159	Starting mcp-gateway	{"version": "v0.8.6"}
2025-10-28T00:18:55: 2025-10-27 16:18:55	info	storage/factory.go:13	Initializing storage	{"type": "db"}
2025-10-28T00:18:55: 2025-10-27 16:18:55	info	session/factory.go:23	Initializing session store	{"type": "memory"}
2025-10-28T00:18:55: 2025-10-27 16:18:55	info	storage/factory.go:13	Initializing auth storage	{"type": "memory"}
2025-10-28T00:18:55: [GIN-debug] [WARNING] Creating an Engine instance with the Logger and Recovery middleware already attached.
2025-10-28T00:18:55: 
2025-10-28T00:18:55: [GIN-debug] [WARNING] Running in "debug" mode. Switch to "release" mode in production.
2025-10-28T00:18:55:  - using env:	export GIN_MODE=release
2025-10-28T00:18:55:  - using code:	gin.SetMode(gin.ReleaseMode)
2025-10-28T00:18:55: 
2025-10-28T00:18:55: [GIN-debug] Loaded HTML Templates (2): 
2025-10-28T00:18:55: 	- 
2025-10-28T00:18:55: 	- authorize.html
2025-10-28T00:18:55: 
2025-10-28T00:18:55: [GIN-debug] GET    /static/*filepath         --> github.com/gin-gonic/gin.(*RouterGroup).createStaticHandler.func1 (3 handlers)
2025-10-28T00:18:55: [GIN-debug] HEAD   /static/*filepath         --> github.com/gin-gonic/gin.(*RouterGroup).createStaticHandler.func1 (3 handlers)
2025-10-28T00:18:55: [GIN-debug] GET    /health_check             --> github.com/amoylab/unla/internal/core.(*Server).RegisterRoutes.func1 (5 handlers)
2025-10-28T00:18:55: [GIN-debug] OPTIONS /*path                    --> github.com/amoylab/unla/internal/core.(*Server).RegisterRoutes.(*Server).corsMiddleware.func2 (5 handlers)
2025-10-28T00:18:55: [GIN-debug] GET    /.well-known/oauth-authorization-server --> github.com/amoylab/unla/internal/core.(*Server).handleOAuthServerMetadata-fm (6 handlers)
2025-10-28T00:18:55: [GIN-debug] GET    /authorize                --> github.com/amoylab/unla/internal/core.(*Server).handleOAuthAuthorize-fm (6 handlers)
2025-10-28T00:18:55: [GIN-debug] POST   /authorize                --> github.com/amoylab/unla/internal/core.(*Server).handleOAuthAuthorize-fm (6 handlers)
2025-10-28T00:18:55: [GIN-debug] POST   /token                    --> github.com/amoylab/unla/internal/core.(*Server).handleOAuthToken-fm (6 handlers)
2025-10-28T00:18:55: [GIN-debug] POST   /register                 --> github.com/amoylab/unla/internal/core.(*Server).handleOAuthRegister-fm (6 handlers)
2025-10-28T00:18:55: [GIN-debug] POST   /revoke                   --> github.com/amoylab/unla/internal/core.(*Server).handleOAuthRevoke-fm (6 handlers)
2025-10-28T00:18:55: 2025-10-27 16:18:55	info	core/server.go:319	Updating MCP configuration
2025-10-28T00:18:55: 2025-10-27 16:18:55	info	core/server.go:333	loading all MCP configurations	{"count": 4}
2025-10-28T00:18:55: 2025-10-27 16:18:55	info	core/server.go:371	initializing server state
2025-10-28T00:18:55: 2025-10-27 16:18:55	warn	state/state.go:144	failed to find prefix for mcp server	{"server": "playwright"}
2025-10-28T00:18:55: 2025-10-27 16:18:55	info	state/state.go:81	registered router	{"tenant": "default", "prefix": "/gateway/ntcx", "server": "server-test"}
2025-10-28T00:18:55: 2025-10-27 16:18:55	warn	state/state.go:144	failed to find prefix for mcp server	{"server": "vchart-mcp-server"}
2025-10-28T00:18:55: 2025-10-27 16:18:55	info	state/state.go:81	registered router	{"tenant": "", "prefix": "/api/validation", "server": "nextlite-backend"}
2025-10-28T00:18:55: 2025-10-27 16:18:55	info	core/server.go:379	server configuration loaded	{"server_count": 2, "tool_count": 2, "router_count": 2}
2025-10-28T00:18:55: [GIN-debug] [WARNING] You trusted all proxies, this is NOT safe. We recommend you to set a value.
2025-10-28T00:18:55: Please check https://pkg.go.dev/github.com/gin-gonic/gin#readme-don-t-trust-all-proxies for details.
2025-10-28T00:18:55: [GIN-debug] Listening and serving HTTP on :5235
2025-10-28T00:28:55: 2025-10-27 16:28:55	info	mcp-gateway/main.go:243	Received ticker signal	{"reload_switch": true}
2025-10-28T00:28:55: 2025-10-27 16:28:55	info	core/server.go:389	Reloading MCP configuration
2025-10-28T00:28:55: 2025-10-27 16:28:55	info	core/server.go:319	Updating MCP configuration
2025-10-28T00:28:55: 2025-10-27 16:28:55	info	core/server.go:343	no updated MCP configurations found, skipping update
2025-10-28T00:28:55: 2025-10-27 16:28:55	info	core/server.go:405	Configuration reloaded successfully
2025-10-28T00:38:55: 2025-10-27 16:38:55	info	mcp-gateway/main.go:243	Received ticker signal	{"reload_switch": true}
2025-10-28T00:38:55: 2025-10-27 16:38:55	info	core/server.go:389	Reloading MCP configuration
2025-10-28T00:38:55: 2025-10-27 16:38:55	info	core/server.go:319	Updating MCP configuration
2025-10-28T00:38:55: 2025-10-27 16:38:55	info	core/server.go:343	no updated MCP configurations found, skipping update
2025-10-28T00:38:55: 2025-10-27 16:38:55	info	core/server.go:405	Configuration reloaded successfully
2025-10-28T00:43:45: 2025-10-27 16:43:45	info	mcp-gateway/main.go:218	Received shutdown signal, starting graceful shutdown
2025-10-28T00:43:45: 2025-10-27 16:43:45	info	core/server.go:290	shutting down server
2025-10-28T00:43:45: 2025-10-27 16:43:45	info	mcp-gateway/main.go:229	MCP server shutdown completed successfully
2025-10-28T00:43:45: 2025-10-27 16:43:45	info	notifier.signal	notifier/signal.go:61	Signal handler stopped
2025-10-28T00:44:04: 2025-10-27 16:44:04	info	mcp-gateway/main.go:143	Loaded configuration	{"path": "/Users/wxn/Desktop/NextAgentLite/services/configs/unla-configs/mcp-gateway.yaml"}
2025-10-28T00:44:04: 2025-10-27 16:44:04	info	mcp-gateway/main.go:159	Starting mcp-gateway	{"version": "v0.8.6"}
2025-10-28T00:44:04: 2025-10-27 16:44:04	info	storage/factory.go:13	Initializing storage	{"type": "db"}
2025-10-28T00:44:04: 2025-10-27 16:44:04	info	session/factory.go:23	Initializing session store	{"type": "memory"}
2025-10-28T00:44:04: 2025-10-27 16:44:04	info	storage/factory.go:13	Initializing auth storage	{"type": "memory"}
2025-10-28T00:44:04: [GIN-debug] [WARNING] Creating an Engine instance with the Logger and Recovery middleware already attached.
2025-10-28T00:44:04: 
2025-10-28T00:44:04: [GIN-debug] [WARNING] Running in "debug" mode. Switch to "release" mode in production.
2025-10-28T00:44:04:  - using env:	export GIN_MODE=release
2025-10-28T00:44:04:  - using code:	gin.SetMode(gin.ReleaseMode)
2025-10-28T00:44:04: 
2025-10-28T00:44:04: [GIN-debug] Loaded HTML Templates (2): 
2025-10-28T00:44:04: 	- 
2025-10-28T00:44:04: 	- authorize.html
2025-10-28T00:44:04: 
2025-10-28T00:44:04: [GIN-debug] GET    /static/*filepath         --> github.com/gin-gonic/gin.(*RouterGroup).createStaticHandler.func1 (3 handlers)
2025-10-28T00:44:04: [GIN-debug] HEAD   /static/*filepath         --> github.com/gin-gonic/gin.(*RouterGroup).createStaticHandler.func1 (3 handlers)
2025-10-28T00:44:04: [GIN-debug] GET    /health_check             --> github.com/amoylab/unla/internal/core.(*Server).RegisterRoutes.func1 (5 handlers)
2025-10-28T00:44:04: [GIN-debug] OPTIONS /*path                    --> github.com/amoylab/unla/internal/core.(*Server).RegisterRoutes.(*Server).corsMiddleware.func2 (5 handlers)
2025-10-28T00:44:04: [GIN-debug] GET    /.well-known/oauth-authorization-server --> github.com/amoylab/unla/internal/core.(*Server).handleOAuthServerMetadata-fm (6 handlers)
2025-10-28T00:44:04: [GIN-debug] GET    /authorize                --> github.com/amoylab/unla/internal/core.(*Server).handleOAuthAuthorize-fm (6 handlers)
2025-10-28T00:44:04: [GIN-debug] POST   /authorize                --> github.com/amoylab/unla/internal/core.(*Server).handleOAuthAuthorize-fm (6 handlers)
2025-10-28T00:44:04: [GIN-debug] POST   /token                    --> github.com/amoylab/unla/internal/core.(*Server).handleOAuthToken-fm (6 handlers)
2025-10-28T00:44:04: [GIN-debug] POST   /register                 --> github.com/amoylab/unla/internal/core.(*Server).handleOAuthRegister-fm (6 handlers)
2025-10-28T00:44:04: [GIN-debug] POST   /revoke                   --> github.com/amoylab/unla/internal/core.(*Server).handleOAuthRevoke-fm (6 handlers)
2025-10-28T00:44:04: 2025-10-27 16:44:04	info	core/server.go:319	Updating MCP configuration
2025-10-28T00:44:04: 2025-10-27 16:44:04	info	core/server.go:333	loading all MCP configurations	{"count": 4}
2025-10-28T00:44:04: 2025-10-27 16:44:04	info	core/server.go:371	initializing server state
2025-10-28T00:44:04: 2025-10-27 16:44:04	warn	state/state.go:144	failed to find prefix for mcp server	{"server": "playwright"}
2025-10-28T00:44:04: 2025-10-27 16:44:04	info	state/state.go:81	registered router	{"tenant": "default", "prefix": "/gateway/ntcx", "server": "server-test"}
2025-10-28T00:44:04: 2025-10-27 16:44:04	warn	state/state.go:144	failed to find prefix for mcp server	{"server": "vchart-mcp-server"}
2025-10-28T00:44:04: 2025-10-27 16:44:04	info	state/state.go:81	registered router	{"tenant": "", "prefix": "/api/validation", "server": "nextlite-backend"}
2025-10-28T00:44:04: 2025-10-27 16:44:04	info	core/server.go:379	server configuration loaded	{"server_count": 2, "tool_count": 2, "router_count": 2}
2025-10-28T00:44:04: [GIN-debug] [WARNING] You trusted all proxies, this is NOT safe. We recommend you to set a value.
2025-10-28T00:44:04: Please check https://pkg.go.dev/github.com/gin-gonic/gin#readme-don-t-trust-all-proxies for details.
2025-10-28T00:44:04: [GIN-debug] Listening and serving HTTP on :5235
2025-10-28T00:54:04: 2025-10-27 16:54:04	info	mcp-gateway/main.go:243	Received ticker signal	{"reload_switch": true}
2025-10-28T00:54:04: 2025-10-27 16:54:04	info	core/server.go:389	Reloading MCP configuration
2025-10-28T00:54:04: 2025-10-27 16:54:04	info	core/server.go:319	Updating MCP configuration
2025-10-28T00:54:04: 2025-10-27 16:54:04	info	core/server.go:343	no updated MCP configurations found, skipping update
2025-10-28T00:54:04: 2025-10-27 16:54:04	info	core/server.go:405	Configuration reloaded successfully
2025-10-28T01:04:00: 2025-10-27 17:04:00	info	mcp-gateway/main.go:243	Received ticker signal	{"reload_switch": true}
2025-10-28T01:04:00: 2025-10-27 17:04:00	info	core/server.go:389	Reloading MCP configuration
2025-10-28T01:04:00: 2025-10-27 17:04:00	info	core/server.go:319	Updating MCP configuration
2025-10-28T01:04:00: 2025-10-27 17:04:00	info	core/server.go:343	no updated MCP configurations found, skipping update
2025-10-28T01:04:00: 2025-10-27 17:04:00	info	core/server.go:405	Configuration reloaded successfully
2025-10-28T01:14:00: 2025-10-27 17:14:00	info	mcp-gateway/main.go:243	Received ticker signal	{"reload_switch": true}
2025-10-28T01:14:00: 2025-10-27 17:14:00	info	core/server.go:389	Reloading MCP configuration
2025-10-28T01:14:00: 2025-10-27 17:14:00	info	core/server.go:319	Updating MCP configuration
2025-10-28T01:14:00: 2025-10-27 17:14:00	info	core/server.go:343	no updated MCP configurations found, skipping update
2025-10-28T01:14:00: 2025-10-27 17:14:00	info	core/server.go:405	Configuration reloaded successfully
2025-10-28T01:24:00: 2025-10-27 17:24:00	info	mcp-gateway/main.go:243	Received ticker signal	{"reload_switch": true}
2025-10-28T01:24:00: 2025-10-27 17:24:00	info	core/server.go:389	Reloading MCP configuration
2025-10-28T01:24:00: 2025-10-27 17:24:00	info	core/server.go:319	Updating MCP configuration
2025-10-28T01:24:00: 2025-10-27 17:24:00	info	core/server.go:343	no updated MCP configurations found, skipping update
2025-10-28T01:24:00: 2025-10-27 17:24:00	info	core/server.go:405	Configuration reloaded successfully
2025-10-28T01:34:00: 2025-10-27 17:34:00	info	mcp-gateway/main.go:243	Received ticker signal	{"reload_switch": true}
2025-10-28T01:34:00: 2025-10-27 17:34:00	info	core/server.go:389	Reloading MCP configuration
2025-10-28T01:34:00: 2025-10-27 17:34:00	info	core/server.go:319	Updating MCP configuration
2025-10-28T01:34:00: 2025-10-27 17:34:00	info	core/server.go:343	no updated MCP configurations found, skipping update
2025-10-28T01:34:00: 2025-10-27 17:34:00	info	core/server.go:405	Configuration reloaded successfully
2025-10-28T01:44:00: 2025-10-27 17:44:00	info	mcp-gateway/main.go:243	Received ticker signal	{"reload_switch": true}
2025-10-28T01:44:00: 2025-10-27 17:44:00	info	core/server.go:389	Reloading MCP configuration
2025-10-28T01:44:00: 2025-10-27 17:44:00	info	core/server.go:319	Updating MCP configuration
2025-10-28T01:44:00: 2025-10-27 17:44:00	info	core/server.go:343	no updated MCP configurations found, skipping update
2025-10-28T01:44:00: 2025-10-27 17:44:00	info	core/server.go:405	Configuration reloaded successfully
2025-10-28T01:54:00: 2025-10-27 17:54:00	info	mcp-gateway/main.go:243	Received ticker signal	{"reload_switch": true}
2025-10-28T01:54:00: 2025-10-27 17:54:00	info	core/server.go:389	Reloading MCP configuration
2025-10-28T01:54:00: 2025-10-27 17:54:00	info	core/server.go:319	Updating MCP configuration
2025-10-28T01:54:00: 2025-10-27 17:54:00	info	core/server.go:343	no updated MCP configurations found, skipping update
2025-10-28T01:54:00: 2025-10-27 17:54:00	info	core/server.go:405	Configuration reloaded successfully
2025-10-28T02:04:00: 2025-10-27 18:04:00	info	mcp-gateway/main.go:243	Received ticker signal	{"reload_switch": true}
2025-10-28T02:04:00: 2025-10-27 18:04:00	info	core/server.go:389	Reloading MCP configuration
2025-10-28T02:04:00: 2025-10-27 18:04:00	info	core/server.go:319	Updating MCP configuration
2025-10-28T02:04:00: 2025-10-27 18:04:00	info	core/server.go:343	no updated MCP configurations found, skipping update
2025-10-28T02:04:00: 2025-10-27 18:04:00	info	core/server.go:405	Configuration reloaded successfully
2025-10-28T02:14:00: 2025-10-27 18:14:00	info	mcp-gateway/main.go:243	Received ticker signal	{"reload_switch": true}
2025-10-28T02:14:00: 2025-10-27 18:14:00	info	core/server.go:389	Reloading MCP configuration
2025-10-28T02:14:00: 2025-10-27 18:14:00	info	core/server.go:319	Updating MCP configuration
2025-10-28T02:14:00: 2025-10-27 18:14:00	info	core/server.go:343	no updated MCP configurations found, skipping update
2025-10-28T02:14:00: 2025-10-27 18:14:00	info	core/server.go:405	Configuration reloaded successfully
2025-10-28T02:24:00: 2025-10-27 18:24:00	info	mcp-gateway/main.go:243	Received ticker signal	{"reload_switch": true}
2025-10-28T02:24:00: 2025-10-27 18:24:00	info	core/server.go:389	Reloading MCP configuration
2025-10-28T02:24:00: 2025-10-27 18:24:00	info	core/server.go:319	Updating MCP configuration
2025-10-28T02:24:00: 2025-10-27 18:24:00	info	core/server.go:343	no updated MCP configurations found, skipping update
2025-10-28T02:24:00: 2025-10-27 18:24:00	info	core/server.go:405	Configuration reloaded successfully
2025-10-28T02:34:00: 2025-10-27 18:34:00	info	mcp-gateway/main.go:243	Received ticker signal	{"reload_switch": true}
2025-10-28T02:34:00: 2025-10-27 18:34:00	info	core/server.go:389	Reloading MCP configuration
2025-10-28T02:34:00: 2025-10-27 18:34:00	info	core/server.go:319	Updating MCP configuration
2025-10-28T02:34:00: 2025-10-27 18:34:00	info	core/server.go:343	no updated MCP configurations found, skipping update
2025-10-28T02:34:00: 2025-10-27 18:34:00	info	core/server.go:405	Configuration reloaded successfully
2025-10-28T02:44:04: 2025-10-27 18:44:04	info	mcp-gateway/main.go:243	Received ticker signal	{"reload_switch": true}
2025-10-28T02:44:04: 2025-10-27 18:44:04	info	core/server.go:389	Reloading MCP configuration
2025-10-28T02:44:04: 2025-10-27 18:44:04	info	core/server.go:319	Updating MCP configuration
2025-10-28T02:44:04: 2025-10-27 18:44:04	info	core/server.go:343	no updated MCP configurations found, skipping update
2025-10-28T02:44:04: 2025-10-27 18:44:04	info	core/server.go:405	Configuration reloaded successfully
2025-10-28T02:54:04: 2025-10-27 18:54:04	info	mcp-gateway/main.go:243	Received ticker signal	{"reload_switch": true}
2025-10-28T02:54:04: 2025-10-27 18:54:04	info	core/server.go:389	Reloading MCP configuration
2025-10-28T02:54:04: 2025-10-27 18:54:04	info	core/server.go:319	Updating MCP configuration
2025-10-28T02:54:04: 2025-10-27 18:54:04	info	core/server.go:343	no updated MCP configurations found, skipping update
2025-10-28T02:54:04: 2025-10-27 18:54:04	info	core/server.go:405	Configuration reloaded successfully
2025-10-28T03:04:04: 2025-10-27 19:04:04	info	mcp-gateway/main.go:243	Received ticker signal	{"reload_switch": true}
2025-10-28T03:04:04: 2025-10-27 19:04:04	info	core/server.go:389	Reloading MCP configuration
2025-10-28T03:04:04: 2025-10-27 19:04:04	info	core/server.go:319	Updating MCP configuration
2025-10-28T03:04:04: 2025-10-27 19:04:04	info	core/server.go:343	no updated MCP configurations found, skipping update
2025-10-28T03:04:04: 2025-10-27 19:04:04	info	core/server.go:405	Configuration reloaded successfully
2025-10-28T03:14:04: 2025-10-27 19:14:04	info	mcp-gateway/main.go:243	Received ticker signal	{"reload_switch": true}
2025-10-28T03:14:04: 2025-10-27 19:14:04	info	core/server.go:389	Reloading MCP configuration
2025-10-28T03:14:04: 2025-10-27 19:14:04	info	core/server.go:319	Updating MCP configuration
2025-10-28T03:14:04: 2025-10-27 19:14:04	info	core/server.go:343	no updated MCP configurations found, skipping update
2025-10-28T03:14:04: 2025-10-27 19:14:04	info	core/server.go:405	Configuration reloaded successfully
2025-10-28T03:24:04: 2025-10-27 19:24:04	info	mcp-gateway/main.go:243	Received ticker signal	{"reload_switch": true}
2025-10-28T03:24:04: 2025-10-27 19:24:04	info	core/server.go:389	Reloading MCP configuration
2025-10-28T03:24:04: 2025-10-27 19:24:04	info	core/server.go:319	Updating MCP configuration
2025-10-28T03:24:04: 2025-10-27 19:24:04	info	core/server.go:343	no updated MCP configurations found, skipping update
2025-10-28T03:24:04: 2025-10-27 19:24:04	info	core/server.go:405	Configuration reloaded successfully
2025-10-28T03:34:04: 2025-10-27 19:34:04	info	mcp-gateway/main.go:243	Received ticker signal	{"reload_switch": true}
2025-10-28T03:34:04: 2025-10-27 19:34:04	info	core/server.go:389	Reloading MCP configuration
2025-10-28T03:34:04: 2025-10-27 19:34:04	info	core/server.go:319	Updating MCP configuration
2025-10-28T03:34:04: 2025-10-27 19:34:04	info	core/server.go:343	no updated MCP configurations found, skipping update
2025-10-28T03:34:04: 2025-10-27 19:34:04	info	core/server.go:405	Configuration reloaded successfully
2025-10-28T03:44:04: 2025-10-27 19:44:04	info	mcp-gateway/main.go:243	Received ticker signal	{"reload_switch": true}
2025-10-28T03:44:04: 2025-10-27 19:44:04	info	core/server.go:389	Reloading MCP configuration
2025-10-28T03:44:04: 2025-10-27 19:44:04	info	core/server.go:319	Updating MCP configuration
2025-10-28T03:44:04: 2025-10-27 19:44:04	info	core/server.go:343	no updated MCP configurations found, skipping update
2025-10-28T03:44:04: 2025-10-27 19:44:04	info	core/server.go:405	Configuration reloaded successfully
2025-10-28T03:54:04: 2025-10-27 19:54:04	info	mcp-gateway/main.go:243	Received ticker signal	{"reload_switch": true}
2025-10-28T03:54:04: 2025-10-27 19:54:04	info	core/server.go:389	Reloading MCP configuration
2025-10-28T03:54:04: 2025-10-27 19:54:04	info	core/server.go:319	Updating MCP configuration
2025-10-28T03:54:04: 2025-10-27 19:54:04	info	core/server.go:343	no updated MCP configurations found, skipping update
2025-10-28T03:54:04: 2025-10-27 19:54:04	info	core/server.go:405	Configuration reloaded successfully
2025-10-28T04:04:04: 2025-10-27 20:04:04	info	mcp-gateway/main.go:243	Received ticker signal	{"reload_switch": true}
2025-10-28T04:04:04: 2025-10-27 20:04:04	info	core/server.go:389	Reloading MCP configuration
2025-10-28T04:04:04: 2025-10-27 20:04:04	info	core/server.go:319	Updating MCP configuration
2025-10-28T04:04:04: 2025-10-27 20:04:04	info	core/server.go:343	no updated MCP configurations found, skipping update
2025-10-28T04:04:04: 2025-10-27 20:04:04	info	core/server.go:405	Configuration reloaded successfully
2025-10-28T04:14:04: 2025-10-27 20:14:04	info	mcp-gateway/main.go:243	Received ticker signal	{"reload_switch": true}
2025-10-28T04:14:04: 2025-10-27 20:14:04	info	core/server.go:389	Reloading MCP configuration
2025-10-28T04:14:04: 2025-10-27 20:14:04	info	core/server.go:319	Updating MCP configuration
2025-10-28T04:14:04: 2025-10-27 20:14:04	info	core/server.go:343	no updated MCP configurations found, skipping update
2025-10-28T04:14:04: 2025-10-27 20:14:04	info	core/server.go:405	Configuration reloaded successfully
2025-10-28T04:24:04: 2025-10-27 20:24:04	info	mcp-gateway/main.go:243	Received ticker signal	{"reload_switch": true}
2025-10-28T04:24:04: 2025-10-27 20:24:04	info	core/server.go:389	Reloading MCP configuration
2025-10-28T04:24:04: 2025-10-27 20:24:04	info	core/server.go:319	Updating MCP configuration
2025-10-28T04:24:04: 2025-10-27 20:24:04	info	core/server.go:343	no updated MCP configurations found, skipping update
2025-10-28T04:24:04: 2025-10-27 20:24:04	info	core/server.go:405	Configuration reloaded successfully
2025-10-28T04:34:04: 2025-10-27 20:34:04	info	mcp-gateway/main.go:243	Received ticker signal	{"reload_switch": true}
2025-10-28T04:34:04: 2025-10-27 20:34:04	info	core/server.go:389	Reloading MCP configuration
2025-10-28T04:34:04: 2025-10-27 20:34:04	info	core/server.go:319	Updating MCP configuration
2025-10-28T04:34:04: 2025-10-27 20:34:04	info	core/server.go:343	no updated MCP configurations found, skipping update
2025-10-28T04:34:04: 2025-10-27 20:34:04	info	core/server.go:405	Configuration reloaded successfully
2025-10-28T04:44:04: 2025-10-27 20:44:04	info	mcp-gateway/main.go:243	Received ticker signal	{"reload_switch": true}
2025-10-28T04:44:04: 2025-10-27 20:44:04	info	core/server.go:389	Reloading MCP configuration
2025-10-28T04:44:04: 2025-10-27 20:44:04	info	core/server.go:319	Updating MCP configuration
2025-10-28T04:44:04: 2025-10-27 20:44:04	info	core/server.go:343	no updated MCP configurations found, skipping update
2025-10-28T04:44:04: 2025-10-27 20:44:04	info	core/server.go:405	Configuration reloaded successfully
2025-10-28T04:54:04: 2025-10-27 20:54:04	info	mcp-gateway/main.go:243	Received ticker signal	{"reload_switch": true}
2025-10-28T04:54:04: 2025-10-27 20:54:04	info	core/server.go:389	Reloading MCP configuration
2025-10-28T04:54:04: 2025-10-27 20:54:04	info	core/server.go:319	Updating MCP configuration
2025-10-28T04:54:04: 2025-10-27 20:54:04	info	core/server.go:343	no updated MCP configurations found, skipping update
2025-10-28T04:54:04: 2025-10-27 20:54:04	info	core/server.go:405	Configuration reloaded successfully
2025-10-28T05:04:04: 2025-10-27 21:04:04	info	mcp-gateway/main.go:243	Received ticker signal	{"reload_switch": true}
2025-10-28T05:04:04: 2025-10-27 21:04:04	info	core/server.go:389	Reloading MCP configuration
2025-10-28T05:04:04: 2025-10-27 21:04:04	info	core/server.go:319	Updating MCP configuration
2025-10-28T05:04:04: 2025-10-27 21:04:04	info	core/server.go:343	no updated MCP configurations found, skipping update
2025-10-28T05:04:04: 2025-10-27 21:04:04	info	core/server.go:405	Configuration reloaded successfully
2025-10-28T05:14:04: 2025-10-27 21:14:04	info	mcp-gateway/main.go:243	Received ticker signal	{"reload_switch": true}
2025-10-28T05:14:04: 2025-10-27 21:14:04	info	core/server.go:389	Reloading MCP configuration
2025-10-28T05:14:04: 2025-10-27 21:14:04	info	core/server.go:319	Updating MCP configuration
2025-10-28T05:14:04: 2025-10-27 21:14:04	info	core/server.go:343	no updated MCP configurations found, skipping update
2025-10-28T05:14:04: 2025-10-27 21:14:04	info	core/server.go:405	Configuration reloaded successfully
2025-10-28T05:24:04: 2025-10-27 21:24:04	info	mcp-gateway/main.go:243	Received ticker signal	{"reload_switch": true}
2025-10-28T05:24:04: 2025-10-27 21:24:04	info	core/server.go:389	Reloading MCP configuration
2025-10-28T05:24:04: 2025-10-27 21:24:04	info	core/server.go:319	Updating MCP configuration
2025-10-28T05:24:04: 2025-10-27 21:24:04	info	core/server.go:343	no updated MCP configurations found, skipping update
2025-10-28T05:24:04: 2025-10-27 21:24:04	info	core/server.go:405	Configuration reloaded successfully
2025-10-28T05:34:04: 2025-10-27 21:34:04	info	mcp-gateway/main.go:243	Received ticker signal	{"reload_switch": true}
2025-10-28T05:34:04: 2025-10-27 21:34:04	info	core/server.go:389	Reloading MCP configuration
2025-10-28T05:34:04: 2025-10-27 21:34:04	info	core/server.go:319	Updating MCP configuration
2025-10-28T05:34:04: 2025-10-27 21:34:04	info	core/server.go:343	no updated MCP configurations found, skipping update
2025-10-28T05:34:04: 2025-10-27 21:34:04	info	core/server.go:405	Configuration reloaded successfully
2025-10-28T05:44:04: 2025-10-27 21:44:04	info	mcp-gateway/main.go:243	Received ticker signal	{"reload_switch": true}
2025-10-28T05:44:04: 2025-10-27 21:44:04	info	core/server.go:389	Reloading MCP configuration
2025-10-28T05:44:04: 2025-10-27 21:44:04	info	core/server.go:319	Updating MCP configuration
2025-10-28T05:44:04: 2025-10-27 21:44:04	info	core/server.go:343	no updated MCP configurations found, skipping update
2025-10-28T05:44:04: 2025-10-27 21:44:04	info	core/server.go:405	Configuration reloaded successfully
2025-10-28T05:54:04: 2025-10-27 21:54:04	info	mcp-gateway/main.go:243	Received ticker signal	{"reload_switch": true}
2025-10-28T05:54:04: 2025-10-27 21:54:04	info	core/server.go:389	Reloading MCP configuration
2025-10-28T05:54:04: 2025-10-27 21:54:04	info	core/server.go:319	Updating MCP configuration
2025-10-28T05:54:04: 2025-10-27 21:54:04	info	core/server.go:343	no updated MCP configurations found, skipping update
2025-10-28T05:54:04: 2025-10-27 21:54:04	info	core/server.go:405	Configuration reloaded successfully
2025-10-28T06:04:04: 2025-10-27 22:04:04	info	mcp-gateway/main.go:243	Received ticker signal	{"reload_switch": true}
2025-10-28T06:04:04: 2025-10-27 22:04:04	info	core/server.go:389	Reloading MCP configuration
2025-10-28T06:04:04: 2025-10-27 22:04:04	info	core/server.go:319	Updating MCP configuration
2025-10-28T06:04:04: 2025-10-27 22:04:04	info	core/server.go:343	no updated MCP configurations found, skipping update
2025-10-28T06:04:04: 2025-10-27 22:04:04	info	core/server.go:405	Configuration reloaded successfully
2025-10-28T06:14:04: 2025-10-27 22:14:04	info	mcp-gateway/main.go:243	Received ticker signal	{"reload_switch": true}
2025-10-28T06:14:04: 2025-10-27 22:14:04	info	core/server.go:389	Reloading MCP configuration
2025-10-28T06:14:04: 2025-10-27 22:14:04	info	core/server.go:319	Updating MCP configuration
2025-10-28T06:14:04: 2025-10-27 22:14:04	info	core/server.go:343	no updated MCP configurations found, skipping update
2025-10-28T06:14:04: 2025-10-27 22:14:04	info	core/server.go:405	Configuration reloaded successfully
2025-10-28T06:24:04: 2025-10-27 22:24:04	info	mcp-gateway/main.go:243	Received ticker signal	{"reload_switch": true}
2025-10-28T06:24:04: 2025-10-27 22:24:04	info	core/server.go:389	Reloading MCP configuration
2025-10-28T06:24:04: 2025-10-27 22:24:04	info	core/server.go:319	Updating MCP configuration
2025-10-28T06:24:04: 2025-10-27 22:24:04	info	core/server.go:343	no updated MCP configurations found, skipping update
2025-10-28T06:24:04: 2025-10-27 22:24:04	info	core/server.go:405	Configuration reloaded successfully
2025-10-28T06:34:04: 2025-10-27 22:34:04	info	mcp-gateway/main.go:243	Received ticker signal	{"reload_switch": true}
2025-10-28T06:34:04: 2025-10-27 22:34:04	info	core/server.go:389	Reloading MCP configuration
2025-10-28T06:34:04: 2025-10-27 22:34:04	info	core/server.go:319	Updating MCP configuration
2025-10-28T06:34:04: 2025-10-27 22:34:04	info	core/server.go:343	no updated MCP configurations found, skipping update
2025-10-28T06:34:04: 2025-10-27 22:34:04	info	core/server.go:405	Configuration reloaded successfully
2025-10-28T06:44:04: 2025-10-27 22:44:04	info	mcp-gateway/main.go:243	Received ticker signal	{"reload_switch": true}
2025-10-28T06:44:04: 2025-10-27 22:44:04	info	core/server.go:389	Reloading MCP configuration
2025-10-28T06:44:04: 2025-10-27 22:44:04	info	core/server.go:319	Updating MCP configuration
2025-10-28T06:44:04: 2025-10-27 22:44:04	info	core/server.go:343	no updated MCP configurations found, skipping update
2025-10-28T06:44:04: 2025-10-27 22:44:04	info	core/server.go:405	Configuration reloaded successfully
2025-10-28T06:54:04: 2025-10-27 22:54:04	info	mcp-gateway/main.go:243	Received ticker signal	{"reload_switch": true}
2025-10-28T06:54:04: 2025-10-27 22:54:04	info	core/server.go:389	Reloading MCP configuration
2025-10-28T06:54:04: 2025-10-27 22:54:04	info	core/server.go:319	Updating MCP configuration
2025-10-28T06:54:04: 2025-10-27 22:54:04	info	core/server.go:343	no updated MCP configurations found, skipping update
2025-10-28T06:54:04: 2025-10-27 22:54:04	info	core/server.go:405	Configuration reloaded successfully
2025-10-28T07:04:04: 2025-10-27 23:04:04	info	mcp-gateway/main.go:243	Received ticker signal	{"reload_switch": true}
2025-10-28T07:04:04: 2025-10-27 23:04:04	info	core/server.go:389	Reloading MCP configuration
2025-10-28T07:04:04: 2025-10-27 23:04:04	info	core/server.go:319	Updating MCP configuration
2025-10-28T07:04:04: 2025-10-27 23:04:04	info	core/server.go:343	no updated MCP configurations found, skipping update
2025-10-28T07:04:04: 2025-10-27 23:04:04	info	core/server.go:405	Configuration reloaded successfully
2025-10-28T07:14:04: 2025-10-27 23:14:04	info	mcp-gateway/main.go:243	Received ticker signal	{"reload_switch": true}
2025-10-28T07:14:04: 2025-10-27 23:14:04	info	core/server.go:389	Reloading MCP configuration
2025-10-28T07:14:04: 2025-10-27 23:14:04	info	core/server.go:319	Updating MCP configuration
2025-10-28T07:14:04: 2025-10-27 23:14:04	info	core/server.go:343	no updated MCP configurations found, skipping update
2025-10-28T07:14:04: 2025-10-27 23:14:04	info	core/server.go:405	Configuration reloaded successfully
2025-10-28T07:24:04: 2025-10-27 23:24:04	info	mcp-gateway/main.go:243	Received ticker signal	{"reload_switch": true}
2025-10-28T07:24:04: 2025-10-27 23:24:04	info	core/server.go:389	Reloading MCP configuration
2025-10-28T07:24:04: 2025-10-27 23:24:04	info	core/server.go:319	Updating MCP configuration
2025-10-28T07:24:04: 2025-10-27 23:24:04	info	core/server.go:343	no updated MCP configurations found, skipping update
2025-10-28T07:24:04: 2025-10-27 23:24:04	info	core/server.go:405	Configuration reloaded successfully
2025-10-28T07:34:04: 2025-10-27 23:34:04	info	mcp-gateway/main.go:243	Received ticker signal	{"reload_switch": true}
2025-10-28T07:34:04: 2025-10-27 23:34:04	info	core/server.go:389	Reloading MCP configuration
2025-10-28T07:34:04: 2025-10-27 23:34:04	info	core/server.go:319	Updating MCP configuration
2025-10-28T07:34:04: 2025-10-27 23:34:04	info	core/server.go:343	no updated MCP configurations found, skipping update
2025-10-28T07:34:04: 2025-10-27 23:34:04	info	core/server.go:405	Configuration reloaded successfully
2025-10-28T07:44:04: 2025-10-27 23:44:04	info	mcp-gateway/main.go:243	Received ticker signal	{"reload_switch": true}
2025-10-28T07:44:04: 2025-10-27 23:44:04	info	core/server.go:389	Reloading MCP configuration
2025-10-28T07:44:04: 2025-10-27 23:44:04	info	core/server.go:319	Updating MCP configuration
2025-10-28T07:44:04: 2025-10-27 23:44:04	info	core/server.go:343	no updated MCP configurations found, skipping update
2025-10-28T07:44:04: 2025-10-27 23:44:04	info	core/server.go:405	Configuration reloaded successfully
2025-10-28T07:54:04: 2025-10-27 23:54:04	info	mcp-gateway/main.go:243	Received ticker signal	{"reload_switch": true}
2025-10-28T07:54:04: 2025-10-27 23:54:04	info	core/server.go:389	Reloading MCP configuration
2025-10-28T07:54:04: 2025-10-27 23:54:04	info	core/server.go:319	Updating MCP configuration
2025-10-28T07:54:04: 2025-10-27 23:54:04	info	core/server.go:343	no updated MCP configurations found, skipping update
2025-10-28T07:54:04: 2025-10-27 23:54:04	info	core/server.go:405	Configuration reloaded successfully
2025-10-28T08:44:58: 2025-10-28 00:44:58	info	mcp-gateway/main.go:243	Received ticker signal	{"reload_switch": true}
2025-10-28T08:44:58: 2025-10-28 00:44:58	info	core/server.go:389	Reloading MCP configuration
2025-10-28T08:44:58: 2025-10-28 00:44:58	info	core/server.go:319	Updating MCP configuration
2025-10-28T08:44:58: 2025-10-28 00:44:58	info	core/server.go:343	no updated MCP configurations found, skipping update
2025-10-28T08:44:58: 2025-10-28 00:44:58	info	core/server.go:405	Configuration reloaded successfully
2025-10-28T08:54:58: 2025-10-28 00:54:58	info	mcp-gateway/main.go:243	Received ticker signal	{"reload_switch": true}
2025-10-28T08:54:58: 2025-10-28 00:54:58	info	core/server.go:389	Reloading MCP configuration
2025-10-28T08:54:58: 2025-10-28 00:54:58	info	core/server.go:319	Updating MCP configuration
2025-10-28T08:54:58: 2025-10-28 00:54:58	info	core/server.go:343	no updated MCP configurations found, skipping update
2025-10-28T08:54:58: 2025-10-28 00:54:58	info	core/server.go:405	Configuration reloaded successfully
2025-10-28T09:04:58: 2025-10-28 01:04:58	info	mcp-gateway/main.go:243	Received ticker signal	{"reload_switch": true}
2025-10-28T09:04:58: 2025-10-28 01:04:58	info	core/server.go:389	Reloading MCP configuration
2025-10-28T09:04:58: 2025-10-28 01:04:58	info	core/server.go:319	Updating MCP configuration
2025-10-28T09:04:58: 2025-10-28 01:04:58	info	core/server.go:343	no updated MCP configurations found, skipping update
2025-10-28T09:04:58: 2025-10-28 01:04:58	info	core/server.go:405	Configuration reloaded successfully
2025-10-28T09:06:16: 2025-10-28 01:06:16	info	mcp-gateway/main.go:218	Received shutdown signal, starting graceful shutdown
2025-10-28T09:06:16: 2025-10-28 01:06:16	info	core/server.go:290	shutting down server
2025-10-28T09:06:16: 2025-10-28 01:06:16	info	mcp-gateway/main.go:229	MCP server shutdown completed successfully
2025-10-28T09:06:16: 2025-10-28 01:06:16	info	notifier.signal	notifier/signal.go:61	Signal handler stopped
